object_id,object_name,source_provider,source_page_url,image_url,author,license,rights_holder,rights_status,retrieved_at,sha256,phash,width,height,mime_type,raw_path,processed_path,source_group,is_augmented,parent_sha256,augmentation,split,status,rejection_reason
1,Амурский утёс,curated_manual_yandex,https://avatars.mds.yandex.net/i?id=af454c7a743b39f31908c10ede74ba39b2bd06dd-16345062-images-thumbs&n=13,https://avatars.mds.yandex.net/i?id=af454c7a743b39f31908c10ede74ba39b2bd06dd-16345062-images-thumbs&n=13,,unknown,,pending_purchase,2026-09-11T09:26:25.669481+00:00,783076381801ef1969b3d989b401dd97ddd0ad18b0832af3a1e42de91ad4880e,f6839d78c29e7184,379,320,image/jpeg,dataset/datasets_clear/khabarovsk_tourism_44/work/khabarovsk_tourism_44/01_Амурский утёс/photo_01.jpg,dataset/processed/001/original-99b53f72d263bd250a8c61d2663137c34be33e173deb4ef6e4229a3747fd909d.jpg,99b53f72d263bd250a8c61d2663137c34be33e173deb4ef6e4229a3747fd909d,false,,,validation,accepted,
1,Амурский утёс,curated_manual_yandex,https://avatars.mds.yandex.net/i?id=619c245a534f35a9d22953e0950f246648f396ec-4012334-images-thumbs&n=13,https://avatars.mds.yandex.net/i?id=619c245a534f35a9d22953e0950f246648f396ec-4012334-images-thumbs&n=13,,unknown,,pending_purchase,2026-09-11T09:26:25.675770+00:00,a7fc5d5ba3278502a7a3635f1e10ab3d68da1e6ea29be7c8c2680ccf862fd8c3,f19d1d268a7b51c4,480,320,image/jpeg,dataset/datasets_clear/khabarovsk_tourism_44/work/khabarovsk_tourism_44/01_Амурский утёс/photo_02.jpg,dataset/processed/001/original-98cb64b2c53361fbea7e1a6e004db553ecbb9d22c55f2c38602ef6e8e6b3ec47.jpg,98cb64b2c53361fbea7e1a6e004db553ecbb9d22c55f2c38602ef6e8e6b3ec47,false,,,test,accepted,
1,Амурский утёс,curated_manual_yandex,https://avatars.mds.yandex.net/i?id=32d7d8290e4f159aea6f7209c6d7ae120d78c4f8-9283819-images-thumbs&n=13,https://avatars.mds.yandex.net/i?id=32d7d8290e4f159aea6f7209c6d7ae120d78c4f8-9283819-images-thumbs&n=13,,unknown,,pending_purchase,2026-09-11T09:26:25.682250+00:00,8b8ed2d396d6f308881c203ef91d90394839a3fee8d4c213bfd9d6a42ccc4786,ceb0384fb1bc0b33,480,320,image/jpeg,dataset/datasets_clear/khabarovsk_tourism_44/work/khabarovsk_tourism_44/01_Амурский утёс/photo_03.jpg,dataset/processed/001/original-be86268bb968e805f97f955d7af28044acb6aff20ad9ac6119956815ccb546fa.jpg,be86268bb968e805f97f955d7af28044acb6aff20ad9ac6119956815ccb546fa,false,,,index,accepted,
1,Амурский утёс,curated_manual_yandex,https://avatars.mds.yandex.net/i?id=9a13cb986c50553a64c446da6334d33309a4c724-13239362-images-thumbs&n=13,https://avatars.mds.yandex.net/i?id=9a13cb986c50553a64c446da6334d33309a4c724-13239362-images-thumbs&n=13,,unknown,,pending_purchase,2026-09-11T09:26:25.687595+00:00,dadd14da79d7a28106307da56d8e2458fdce1e0ead56ccf87a127a7d49c29059,87aa495dba175263,480,320,image/jpeg,dataset/datasets_clear/khabarovsk_tourism_44/work/khabarovsk_tourism_44/01_Амурский утёс/photo_04.jpg,dataset/processed/001/original-77effb0b80a839ffe354cda826fbaf378e621d0c65cc6b09b8ce50979ec63ecb.jpg,77effb0b80a839ffe354cda826fbaf378e621d0c65cc6b09b8ce50979ec63ecb,false,,,index,accepted,
1,Амурский утёс,curated_manual_yandex,https://avatars.mds.yandex.net/i?id=01de3e762e783ece28b6d91ecbcaca7b6ac4049a-3824532-images-thumbs&n=13,https://avatars.mds.yandex.net/i?id=01de3e762e783ece28b6d91ecbcaca7b6ac4049a-3824532-images-thumbs&n=13,,unknown,,pending_purchase,2026-09-11T09:26:25.692978+00:00,4f597cdebaedefcdbff935e96503fd219f545442451a71d766292db2ea930e0d,f9a78c98b2cb2239,480,270,image/jpeg,dataset/datasets_clear/khabarovsk_tourism_44/work/khabarovsk_tourism_44/01_Амурский утёс/photo_05.jpg,dataset/processed/001/original-20264cd4be4311d3cb56a51d2d93299a25b2048f7444856fa2626002a4ecc75a.jpg,20264cd4be4311d3cb56a51d2d93299a25b2048f7444856fa2626002a4ecc75a,false,,,index,accepted,
1,Амурский утёс,curated_manual_yandex,https://avatars.mds.yandex.net/i?id=10cd848f27ec52a5afeb75226ee3e12d21cf5211-4391477-images-thumbs&n=13,https://avatars.mds.yandex.net/i?id=10cd848f27ec52a5afeb75226ee3e12d21cf5211-4391477-images-thumbs&n=13,,unknown,,pending_purchase,2026-09-11T09:26:25.697716+00:00,025bf6947b3453aa419dabc6e6b777a5314b42595cb55b3be722d44616ea5211,93e96394603bcf61,480,300,image/jpeg,dataset/datasets_clear/khabarovsk_tourism_44/work/khabarovsk_tourism_44/01_Амурский утёс/photo_06.jpg,dataset/processed/001/original-93c53d9a47982ad85f995c8f7db22875176422e94691bc028e888c4cbd73316f.jpg,93c53d9a47982ad85f995c8f7db22875176422e94691bc028e888c4cbd73316f,false,,,index,accepted,
1,Амурский утёс,curated_manual_yandex,https://avatars.mds.yandex.net/i?id=0ea48fcc5e786bf34a045c83fc63f104639fea93-4507622-images-thumbs&n=13,https://avatars.mds.yandex.net/i?id=0ea48fcc5e786bf34a045c83fc63f104639fea93-4507622-images-thumbs&n=13,,unknown,,pending_purchase,2026-09-11T09:26:25.704536+00:00,c5837613942ca5f1d9ebb70606f3eda93bb86579cd66d88ebba81c1190eed501,fc831a7a418f7ea0,476,320,image/jpeg,dataset/datasets_clear/khabarovsk_tourism_44/work/khabarovsk_tourism_44/01_Амурский утёс/photo_07.jpg,dataset/processed/001/original-93ee9323ef7c3b2cab03738490cbcf35d5edc93d1ed332f6b699c8c8996d0d6b.jpg,93ee9323ef7c3b2cab03738490cbcf35d5edc93d1ed332f6b699c8c8996d0d6b,false,,,index,accepted,
1,Амурский утёс,curated_manual_yandex,https://avatars.mds.yandex.net/i?id=65dd431ebd75b9f6a03d3353e12613b3aff7a679-5905616-images-thumbs&n=13,https://avatars.mds.yandex.net/i?id=65dd431ebd75b9f6a03d3353e12613b3aff7a679-5905616-images-thumbs&n=13,,unknown,,pending_purchase,2026-09-11T09:26:25.710503+00:00,2564acbad6fbd6e43350d442ea8cf2a0be703555d5614de49225c12ad7548f68,e9b906463dc9e836,427,320,image/jpeg,dataset/datasets_clear/khabarovsk_tourism_44/work/khabarovsk_tourism_44/01_Амурский утёс/photo_08.jpg,dataset/processed/001/original-91d4151c63524bbd980321efede2043cfee6ad21c223a0d46286575d60f108fd.jpg,91d4151c63524bbd980321efede2043cfee6ad21c223a0d46286575d60f108fd,false,,,index,accepted,
1,Амурский утёс,curated_manual_yandex,https://avatars.mds.yandex.net/i?id=32d7d8290e4f159aea6f7209c6d7ae120d78c4f8-9283819-images-thumbs&n=13,https://avatars.mds.yandex.net/i?id=32d7d8290e4f159aea6f7209c6d7ae120d78c4f8-9283819-images-thumbs&n=13,,unknown,,pending_purchase,2026-09-11T09:26:25.682250+00:00,6f42460c7aebf62ff0986e57cb66fdadbde5127639342e28d5380c30eb4e8fda,ceb03847b33cc933,480,320,image/jpeg,dataset/datasets_clear/khabarovsk_tourism_44/work/khabarovsk_tourism_44/01_Амурский утёс/photo_03.jpg,dataset/processed/001/aug-be86268bb968-00.jpg,be86268bb968e805f97f955d7af28044acb6aff20ad9ac6119956815ccb546fa,true,8b8ed2d396d6f308881c203ef91d90394839a3fee8d4c213bfd9d6a42ccc4786,rotate=-4;crop=0.03;brightness=0.96;contrast=1.04;color=0.98,index,accepted,
1,Амурский утёс,curated_manual_yandex,https://avatars.mds.yandex.net/i?id=9a13cb986c50553a64c446da6334d33309a4c724-13239362-images-thumbs&n=13,https://avatars.mds.yandex.net/i?id=9a13cb986c50553a64c446da6334d33309a4c724-13239362-images-thumbs&n=13,,unknown,,pending_purchase,2026-09-11T09:26:25.687595+00:00,6c831fa9dced7f2b6fab3992f759f83f27078deb46d3c6b85b1cde81f5479ec9,a7825958be17e34a,480,320,image/jpeg,dataset/datasets_clear/khabarovsk_tourism_44/work/khabarovsk_tourism_44/01_Амурский утёс/photo_04.jpg,dataset/processed/001/aug-77effb0b80a8-01.jpg,77effb0b80a839ffe354cda826fbaf378e621d0c65cc6b09b8ce50979ec63ecb,true,dadd14da79d7a28106307da56d8e2458fdce1e0ead56ccf87a127a7d49c29059,rotate=+4;crop=0.03;brightness=1.04;contrast=0.96;color=1.02,index,accepted,
1,Амурский утёс,curated_manual_yandex,https://avatars.mds.yandex.net/i?id=01de3e762e783ece28b6d91ecbcaca7b6ac4049a-3824532-images-thumbs&n=13,https://avatars.mds.yandex.net/i?id=01de3e762e783ece28b6d91ecbcaca7b6ac4049a-3824532-images-thumbs&n=13,,unknown,,pending_purchase,2026-09-11T09:26:25.692978+00:00,13f7ad620cbcb95a801224df735a5d340758e15ae3315f9885e1e99ddca300b5,f8a7849e96c86279,480,270,image/jpeg,dataset/datasets_clear/khabarovsk_tourism_44/work/khabarovsk_tourism_44/01_Амурский утёс/photo_05.jpg,dataset/processed/001/aug-20264cd4be43-02.jpg,20264cd4be4311d3cb56a51d2d93299a25b2048f7444856fa2626002a4ecc75a,true,4f597cdebaedefcdbff935e96503fd219f545442451a71d766292db2ea930e0d,rotate=-2;crop=0.06;brightness=0.92;contrast=1.02;color=1.04,index,accepted,
1,Амурский утёс,curated_manual_yandex,https://avatars.mds.yandex.net/i?id=10cd848f27ec52a5afeb75226ee3e12d21cf5211-4391477-images-thumbs&n=13,https://avatars.mds.yandex.net/i?id=10cd848f27ec52a5afeb75226ee3e12d21cf5211-4391477-images-thumbs&n=13,,unknown,,pending_purchase,2026-09-11T09:26:25.697716+00:00,ed253d49e5837ea6ee8085cd3008a1710e9e264567c4e3efd9bc3a64d3820395,9be921d6601bc774,480,300,image/jpeg,dataset/datasets_clear/khabarovsk_tourism_44/work/khabarovsk_tourism_44/01_Амурский утёс/photo_06.jpg,dataset/processed/001/aug-93c53d9a4798-03.jpg,93c53d9a47982ad85f995c8f7db22875176422e94691bc028e888c4cbd73316f,true,025bf6947b3453aa419dabc6e6b777a5314b42595cb55b3be722d44616ea5211,rotate=+2;crop=0.06;brightness=1.08;contrast=0.98;color=0.96,index,accepted,
1,Амурский утёс,curated_manual_yandex,https://avatars.mds.yandex.net/i?id=0ea48fcc5e786bf34a045c83fc63f104639fea93-4507622-images-thumbs&n=13,https://avatars.mds.yandex.net/i?id=0ea48fcc5e786bf34a045c83fc63f104639fea93-4507622-images-thumbs&n=13,,unknown,,pending_purchase,2026-09-11T09:26:25.704536+00:00,4a507388a1c0cd70d94cf6f121eb8bce3cead82e5051f2ce3024e2e85cd26316,fcc1833e64c15fb0,476,320,image/jpeg,dataset/datasets_clear/khabarovsk_tourism_44/work/khabarovsk_tourism_44/01_Амурский утёс/photo_07.jpg,dataset/processed/001/aug-93ee9323ef7c-04.jpg,93ee9323ef7c3b2cab03738490cbcf35d5edc93d1ed332f6b699c8c8996d0d6b,true,c5837613942ca5f1d9ebb70606f3eda93bb86579cd66d88ebba81c1190eed501,rotate=+0;crop=0.08;brightness=0.96;contrast=1.08;color=1.00,index,accepted,
1,Амурский утёс,curated_manual_yandex,https://avatars.mds.yandex.net/i?id=65dd431ebd75b9f6a03d3353e12613b3aff7a679-5905616-images-thumbs&n=13,https://avatars.mds.yandex.net/i?id=65dd431ebd75b9f6a03d3353e12613b3aff7a679-5905616-images-thumbs&n=13,,unknown,,pending_purchase,2026-09-11T09:26:25.710503+00:00,d5d971d41cb9068c747d94de8fef9c47ba01b96a2484907c07f208df078552a2,e9b906c63d49e83a,427,320,image/jpeg,dataset/datasets_clear/khabarovsk_tourism_44/work/khabarovsk_tourism_44/01_Амурский утёс/photo_08.jpg,dataset/processed/001/aug-91d4151c6352-05.jpg,91d4151c63524bbd980321efede2043cfee6ad21c223a0d46286575d60f108fd,true,2564acbad6fbd6e43350d442ea8cf2a0be703555d5614de49225c12ad7548f68,rotate=+0;crop=0.04;brightness=1.04;contrast=0.92;color=1.05,index,accepted,
2,Хабаровский мост через Амур,curated_manual_yandex,https://avatars.mds.yandex.net/i?id=c37d8c47dbd2fffb320214e6db2cae8af9c09e99-8539554-images-thumbs&n=13,https://avatars.mds.yandex.net/i?id=c37d8c47dbd2fffb320214e6db2cae8af9c09e99-8539554-images-thumbs&n=13,,unknown,,pending_purchase,2026-09-11T09:26:25.901418+00:00,c233c4d2c598715c0906944bacd8616a25b460570093aa4534fdbe5759db7b83,b387ec5869954bb0,363,320,image/jpeg,dataset/datasets_clear/khabarovsk_tourism_44/work/khabarovsk_tourism_44/02_Хабаровский мост через Амур/photo_01.jpg,dataset/processed/002/original-8e77a5356fb7f67c73e8e7d44043c7a2d75b5faea646aeb5810004362d389352.jpg,8e77a5356fb7f67c73e8e7d44043c7a2d75b5faea646aeb5810004362d389352,false,,,index,accepted,
2,Хабаровский мост через Амур,curated_manual_yandex,https://avatars.mds.yandex.net/i?id=0255f5abd992b12444b4c55d2b31ce2d0f17366c-4255510-images-thumbs&n=13,https://avatars.mds.yandex.net/i?id=0255f5abd992b12444b4c55d2b31ce2d0f17366c-4255510-images-thumbs&n=13,,unknown,,pending_purchase,2026-09-11T09:26:25.906426+00:00,5b76c9abaf99936678cce44718f89cc75e911f0a72d76566235641066e4a9a32,f08fc994e3ecc138,480,248,image/jpeg,dataset/datasets_clear/khabarovsk_tourism_44/work/khabarovsk_tourism_44/02_Хабаровский мост через Амур/photo_02.jpg,dataset/processed/002/original-a3c1dbfa225c0d08988ca0a25d7e1b2fc05e35368c15974eb165c994d407450c.jpg,a3c1dbfa225c0d08988ca0a25d7e1b2fc05e35368c15974eb165c994d407450c,false,,,validation,accepted,
2,Хабаровский мост через Амур,curated_manual_yandex,https://avatars.mds.yandex.net/i?id=cca80005cea9bebe9fcb4fa2c4772ec41e1541f9-13190676-images-thumbs&n=13,https://avatars.mds.yandex.net/i?id=cca80005cea9bebe9fcb4fa2c4772ec41e1541f9-13190676-images-thumbs&n=13,,unknown,,pending_purchase,2026-09-11T09:26:25.911940+00:00,f52f729477db5b6fed615d86fb7ada850bb08ecbd84673ce07ed92a046c5a893,82fdcda2764d90e1,480,320,image/jpeg,dataset/datasets_clear/khabarovsk_tourism_44/work/khabarovsk_tourism_44/02_Хабаровский мост через Амур/photo_03.jpg,dataset/processed/002/original-28f1188f5efb5637762ff805aefb31a1ba5f6da0b4eaf079d3f6c3e71e9db8de.jpg,28f1188f5efb5637762ff805aefb31a1ba5f6da0b4eaf079d3f6c3e71e9db8de,false,,,index,accepted,
2,Хабаровский мост через Амур,curated_manual_yandex,https://avatars.mds.yandex.net/i?id=3173662409f3dc322d7d5decfb77ac5d42cc6329-5558644-images-thumbs&n=13,https://avatars.mds.yandex.net/i?id=3173662409f3dc322d7d5decfb77ac5d42cc6329-5558644-images-thumbs&n=13,,unknown,,pending_purchase,2026-09-11T09:26:25.918020+00:00,da4df942051feafe405d0f2815c880cb7c25daa6035a497b3e00c84b515c7efb,84fe0b81b2ee7519,480,320,image/jpeg,dataset/datasets_clear/khabarovsk_tourism_44/work/khabarovsk_tourism_44/02_Хабаровский мост через Амур/photo_04.jpg,dataset/processed/002/original-c202de606f2636b526a4697af635130e4e61be4aae60b982a4dc3f56403b886d.jpg,c202de606f2636b526a4697af635130e4e61be4aae60b982a4dc3f56403b886d,false,,,index,accepted,
2,Хабаровский мост через Амур,curated_manual_yandex,https://avatars.mds.yandex.net/i?id=2315e689f8fb95d23ae9a35eb3b2af5830b8300d-17394748-images-thumbs&n=13,https://avatars.mds.yandex.net/i?id=2315e689f8fb95d23ae9a35eb3b2af5830b8300d-17394748-images-thumbs&n=13,,unknown,,pending_purchase,2026-09-11T09:26:25.924020+00:00,bdf606da90babc8c430b4168dea36c633bcbec0fc6e8ea3f83a4b1dc7f203731,b0dfcbb0b64a0db0,427,320,image/jpeg,dataset/datasets_clear/khabarovsk_tourism_44/work/khabarovsk_tourism_44/02_Хабаровский мост через Амур/photo_06.jpg,dataset/processed/002/original-fadb859ac6e7f7ff33658996dafd90ad06a174f6f269e0e9b2eb41eabd1163e0.jpg,fadb859ac6e7f7ff33658996dafd90ad06a174f6f269e0e9b2eb41eabd1163e0,false,,,test,accepted,
2,Хабаровский мост через Амур,curated_manual_yandex,https://avatars.mds.yandex.net/i?id=c37d8c47dbd2fffb320214e6db2cae8af9c09e99-8539554-images-thumbs&n=13,https://avatars.mds.yandex.net/i?id=c37d8c47dbd2fffb320214e6db2cae8af9c09e99-8539554-images-thumbs&n=13,,unknown,,pending_purchase,2026-09-11T09:26:25.901418+00:00,39fcef57ffbd3633a725c7fc3b6623f8004ce169325112b597e28dbde5a00601,b386cc5a69970b36,363,320,image/jpeg,dataset/datasets_clear/khabarovsk_tourism_44/work/khabarovsk_tourism_44/02_Хабаровский мост через Амур/photo_01.jpg,dataset/processed/002/aug-8e77a5356fb7-00.jpg,8e77a5356fb7f67c73e8e7d44043c7a2d75b5faea646aeb5810004362d389352,true,c233c4d2c598715c0906944bacd8616a25b460570093aa4534fdbe5759db7b83,rotate=-4;crop=0.03;brightness=0.96;contrast=1.04;color=0.98,index,accepted,
2,Хабаровский мост через Амур,curated_manual_yandex,https://avatars.mds.yandex.net/i?id=cca80005cea9bebe9fcb4fa2c4772ec41e1541f9-13190676-images-thumbs&n=13,https://avatars.mds.yandex.net/i?id=cca80005cea9bebe9fcb4fa2c4772ec41e1541f9-13190676-images-thumbs&n=13,,unknown,,pending_purchase,2026-09-11T09:26:25.911940+00:00,8bc8de2894fbd7621119790593fbcea4a7c7dc9368fabe4213dbe89e20a4819e,f7c09d223e4d91a6,480,320,image/jpeg,dataset/datasets_clear/khabarovsk_tourism_44/work/khabarovsk_tourism_44/02_Хабаровский мост через Амур/photo_03.jpg,dataset/processed/002/aug-28f1188f5efb-01.jpg,28f1188f5efb5637762ff805aefb31a1ba5f6da0b4eaf079d3f6c3e71e9db8de,true,f52f729477db5b6fed615d86fb7ada850bb08ecbd84673ce07ed92a046c5a893,rotate=+4;crop=0.03;brightness=1.04;contrast=0.96;color=1.02,index,accepted,
2,Хабаровский мост через Амур,curated_manual_yandex,https://avatars.mds.yandex.net/i?id=3173662409f3dc322d7d5decfb77ac5d42cc6329-5558644-images-thumbs&n=13,https://avatars.mds.yandex.net/i?id=3173662409f3dc322d7d5decfb77ac5d42cc6329-5558644-images-thumbs&n=13,,unknown,,pending_purchase,2026-09-11T09:26:25.918020+00:00,4d19b2d6fcb1d13e08e275651f3a5f4d3d3cb0b5b68b9521e29a076114abdc24,a0bf5b85b2ce7418,480,320,image/jpeg,dataset/datasets_clear/khabarovsk_tourism_44/work/khabarovsk_tourism_44/02_Хабаровский мост через Амур/photo_04.jpg,dataset/processed/002/aug-c202de606f26-02.jpg,c202de606f2636b526a4697af635130e4e61be4aae60b982a4dc3f56403b886d,true,da4df942051feafe405d0f2815c880cb7c25daa6035a497b3e00c84b515c7efb,rotate=-2;crop=0.06;brightness=0.92;contrast=1.02;color=1.04,index,accepted,
2,Хабаровский мост через Амур,curated_manual_yandex,https://avatars.mds.yandex.net/i?id=c37d8c47dbd2fffb320214e6db2cae8af9c09e99-8539554-images-thumbs&n=13,https://avatars.mds.yandex.net/i?id=c37d8c47dbd2fffb320214e6db2cae8af9c09e99-8539554-images-thumbs&n=13,,unknown,,pending_purchase,2026-09-11T09:26:25.901418+00:00,c1938f222bd78c93736b41a0edc08c323abaa101951163fc9cc616c38120d0aa,b393ec4e68854b33,363,320,image/jpeg,dataset/datasets_clear/khabarovsk_tourism_44/work/khabarovsk_tourism_44/02_Хабаровский мост через Амур/photo_01.jpg,dataset/processed/002/aug-8e77a5356fb7-03.jpg,8e77a5356fb7f67c73e8e7d44043c7a2d75b5faea646aeb5810004362d389352,true,c233c4d2c598715c0906944bacd8616a25b460570093aa4534fdbe5759db7b83,rotate=+2;crop=0.06;brightness=1.08;contrast=0.98;color=0.96,index,accepted,
2,Хабаровский мост через Амур,curated_manual_yandex,https://avatars.mds.yandex.net/i?id=cca80005cea9bebe9fcb4fa2c4772ec41e1541f9-13190676-images-thumbs&n=13,https://avatars.mds.yandex.net/i?id=cca80005cea9bebe9fcb4fa2c4772ec41e1541f9-13190676-images-thumbs&n=13,,unknown,,pending_purchase,2026-09-11T09:26:25.911940+00:00,2fff3b528fe43b38be6ee11b4e2fab3dbc680c928ad5757902e862c03b332b8d,82fdc9a07e4d90e6,480,320,image/jpeg,dataset/datasets_clear/khabarovsk_tourism_44/work/khabarovsk_tourism_44/02_Хабаровский мост через Амур/photo_03.jpg,dataset/processed/002/aug-28f1188f5efb-04.jpg,28f1188f5efb5637762ff805aefb31a1ba5f6da0b4eaf079d3f6c3e71e9db8de,true,f52f729477db5b6fed615d86fb7ada850bb08ecbd84673ce07ed92a046c5a893,rotate=+0;crop=0.08;brightness=0.96;contrast=1.08;color=1.00,index,accepted,
2,Хабаровский мост через Амур,curated_manual_yandex,https://avatars.mds.yandex.net/i?id=3173662409f3dc322d7d5decfb77ac5d42cc6329-5558644-images-thumbs&n=13,https://avatars.mds.yandex.net/i?id=3173662409f3dc322d7d5decfb77ac5d42cc6329-5558644-images-thumbs&n=13,,unknown,,pending_purchase,2026-09-11T09:26:25.918020+00:00,095bca3e05723091b7cc0676b68f50f46a76132c6d97f13d0847e3b6691602f7,80bf4ba5b2ee580b,480,320,image/jpeg,dataset/datasets_clear/khabarovsk_tourism_44/work/khabarovsk_tourism_44/02_Хабаровский мост через Амур/photo_04.jpg,dataset/processed/002/aug-c202de606f26-05.jpg,c202de606f2636b526a4697af635130e4e61be4aae60b982a4dc3f56403b886d,true,da4df942051feafe405d0f2815c880cb7c25daa6035a497b3e00c84b515c7efb,rotate=+0;crop=0.04;brightness=1.04;contrast=0.92;color=1.05,index,accepted,
2,Хабаровский мост через Амур,curated_manual_yandex,https://avatars.mds.yandex.net/i?id=c37d8c47dbd2fffb320214e6db2cae8af9c09e99-8539554-images-thumbs&n=13,https://avatars.mds.yandex.net/i?id=c37d8c47dbd2fffb320214e6db2cae8af9c09e99-8539554-images-thumbs&n=13,,unknown,,pending_purchase,2026-09-11T09:26:25.901418+00:00,acff60cfc32529a19291a86ff4e183bda0a787d84781717374e260a7fadc66e2,b3c3ec582d930b36,363,320,image/jpeg,dataset/datasets_clear/khabarovsk_tourism_44/work/khabarovsk_tourism_44/02_Хабаровский мост через Амур/photo_01.jpg,dataset/processed/002/aug-8e77a5356fb7-06.jpg,8e77a5356fb7f67c73e8e7d44043c7a2d75b5faea646aeb5810004362d389352,true,c233c4d2c598715c0906944bacd8616a25b460570093aa4534fdbe5759db7b83,rotate=-4;crop=0.03;brightness=0.96;contrast=1.04;color=0.98,index,accepted,
2,Хабаровский мост через Амур,curated_manual_yandex,https://avatars.mds.yandex.net/i?id=cca80005cea9bebe9fcb4fa2c4772ec41e1541f9-13190676-images-thumbs&n=13,https://avatars.mds.yandex.net/i?id=cca80005cea9bebe9fcb4fa2c4772ec41e1541f9-13190676-images-thumbs&n=13,,unknown,,pending_purchase,2026-09-11T09:26:25.911940+00:00,bb41d5fd94f671b11308a45ac44c97edf9eaa4301a35e71db34c7e17cb367a65,f3c48d323e4d90a7,480,320,image/jpeg,dataset/datasets_clear/khabarovsk_tourism_44/work/khabarovsk_tourism_44/02_Хабаровский мост через Амур/photo_03.jpg,dataset/processed/002/aug-28f1188f5efb-07.jpg,28f1188f5efb5637762ff805aefb31a1ba5f6da0b4eaf079d3f6c3e71e9db8de,true,f52f729477db5b6fed615d86fb7ada850bb08ecbd84673ce07ed92a046c5a893,rotate=+4;crop=0.03;brightness=1.04;contrast=0.96;color=1.02,index,accepted,
2,Хабаровский мост через Амур,curated_manual_yandex,https://avatars.mds.yandex.net/i?id=3173662409f3dc322d7d5decfb77ac5d42cc6329-5558644-images-thumbs&n=13,https://avatars.mds.yandex.net/i?id=3173662409f3dc322d7d5decfb77ac5d42cc6329-5558644-images-thumbs&n=13,,unknown,,pending_purchase,2026-09-11T09:26:25.918020+00:00,e619661d81f588037f9cd6a44786d4ad7fd50133810d51b9bc055be920768ab9,a0bf4b85b2ce7419,480,320,image/jpeg,dataset/datasets_clear/khabarovsk_tourism_44/work/khabarovsk_tourism_44/02_Хабаровский мост через Амур/photo_04.jpg,dataset/processed/002/aug-c202de606f26-08.jpg,c202de606f2636b526a4697af635130e4e61be4aae60b982a4dc3f56403b886d,true,da4df942051feafe405d0f2815c880cb7c25daa6035a497b3e00c84b515c7efb,rotate=-2;crop=0.06;brightness=0.92;contrast=1.02;color=1.04,index,accepted,
3,Хабаровский краевой музей имени Н. И. Гродекова,curated_manual_yandex,https://avatars.mds.yandex.net/i?id=a3616ec10d7ace1c1336e9077a41a289f12a6ac5-2982087-images-thumbs&n=13,https://avatars.mds.yandex.net/i?id=a3616ec10d7ace1c1336e9077a41a289f12a6ac5-2982087-images-thumbs&n=13,,unknown,,pending_purchase,2026-09-11T09:26:26.210061+00:00,9ec725741d6f52409b185a4ea6e33f9cf37154859713552ebafb8f68a7ac2973,c2ccf873ef2e0832,480,249,image/jpeg,dataset/datasets_clear/khabarovsk_tourism_44/work/khabarovsk_tourism_44/03_Хабаровский краевой музей имени Н. И. Гродекова/photo_01.jpg,dataset/processed/003/original-391aa8f4e7907cd826d3b195aba3a8e210a5a641d0395179fd33e4e338a351c0.jpg,391aa8f4e7907cd826d3b195aba3a8e210a5a641d0395179fd33e4e338a351c0,false,,,index,accepted,
3,Хабаровский краевой музей имени Н. И. Гродекова,curated_manual_yandex,https://avatars.mds.yandex.net/i?id=f77006d2d2721da74e63d7805595baa9b5c85edf-12996563-images-thumbs&n=13,https://avatars.mds.yandex.net/i?id=f77006d2d2721da74e63d7805595baa9b5c85edf-12996563-images-thumbs&n=13,,unknown,,pending_purchase,2026-09-11T09:26:26.216078+00:00,124ba814c3e087aba70de8c6d68d9c5165908fcb6bfba812a249f6cde41f4800,ffb880c1ce4ece0c,427,320,image/jpeg,dataset/datasets_clear/khabarovsk_tourism_44/work/khabarovsk_tourism_44/03_Хабаровский краевой музей имени Н. И. Гродекова/photo_02.jpg,dataset/processed/003/original-b6382b84b1ea7032936d0ce1081868db6d84c46bb44cc85644a18ed650b24c93.jpg,b6382b84b1ea7032936d0ce1081868db6d84c46bb44cc85644a18ed650b24c93,false,,,index,accepted,
3,Хабаровский краевой музей имени Н. И. Гродекова,curated_manual_yandex,https://avatars.mds.yandex.net/i?id=2af4fc0c660ac9524a12dd83cd00b6673d733ca4-5584797-images-thumbs&n=13,https://avatars.mds.yandex.net/i?id=2af4fc0c660ac9524a12dd83cd00b6673d733ca4-5584797-images-thumbs&n=13,,unknown,,pending_purchase,2026-09-11T09:26:26.231603+00:00,2ce6c892ac93d7c2f6a98ec2c89ee90b1605d3fd22f627dd2bbafa10776b13e0,c1cbc00fd42fd33c,438,320,image/jpeg,dataset/datasets_clear/khabarovsk_tourism_44/work/khabarovsk_tourism_44/03_Хабаровский краевой музей имени Н. И. Гродекова/photo_03.jpg,dataset/processed/003/original-3cc640e470154254488897ede8467c5bbdb755f1a0c9103f8514d9a15d3c0172.jpg,3cc640e470154254488897ede8467c5bbdb755f1a0c9103f8514d9a15d3c0172,false,,,index,accepted,
3,Хабаровский краевой музей имени Н. И. Гродекова,curated_manual_yandex,https://avatars.mds.yandex.net/i?id=b035a144382b340778b89c818c2dce5c18251129-5236000-images-thumbs&n=13,https://avatars.mds.yandex.net/i?id=b035a144382b340778b89c818c2dce5c18251129-5236000-images-thumbs&n=13,,unknown,,pending_purchase,2026-09-11T09:26:26.236116+00:00,9de25472a06378573af2a1134b0752c69bcdf7be688cef19c830192f915da5f7,d9fda4c08e665cc8,480,192,image/jpeg,dataset/datasets_clear/khabarovsk_tourism_44/work/khabarovsk_tourism_44/03_Хабаровский краевой музей имени Н. И. Гродекова/photo_04.jpg,dataset/processed/003/original-1f5fbcd4cc495f52de927e26c1ffedb0471331bec2a06b36d51b05b1e27c842e.jpg,1f5fbcd4cc495f52de927e26c1ffedb0471331bec2a06b36d51b05b1e27c842e,false,,,index,accepted,
3,Хабаровский краевой музей имени Н. И. Гродекова,curated_manual_yandex,https://avatars.mds.yandex.net/i?id=56927c75d90ed02fa1a9ca3754eb410d2e808ad8-4219897-images-thumbs&n=13,https://avatars.mds.yandex.net/i?id=56927c75d90ed02fa1a9ca3754eb410d2e808ad8-4219897-images-thumbs&n=13,,unknown,,pending_purchase,2026-09-11T09:26:26.241116+00:00,7c4c1d72d3d05ec10bb8cc49062e4f295b0e56515b83a885ff51cbd4a75c7350,d1de7a248e9964b4,480,240,image/jpeg,dataset/datasets_clear/khabarovsk_tourism_44/work/khabarovsk_tourism_44/03_Хабаровский краевой музей имени Н. И. Гродекова/photo_06.jpg,dataset/processed/003/original-6e6e9b857e7b6e5bd5012c5768dd5ce9763c57cb16cfb4eabbe3f075b523b58e.jpg,6e6e9b857e7b6e5bd5012c5768dd5ce9763c57cb16cfb4eabbe3f075b523b58e,false,,,validation,accepted,
3,Хабаровский краевой музей имени Н. И. Гродекова,curated_manual_yandex,https://avatars.mds.yandex.net/i?id=57ae8d436cc539b088640993b1815ffb8b84cd66-5370410-images-thumbs&n=13,https://avatars.mds.yandex.net/i?id=57ae8d436cc539b088640993b1815ffb8b84cd66-5370410-images-thumbs&n=13,,unknown,,pending_purchase,2026-09-11T09:26:26.247596+00:00,64bdc09390b4c797bc227077c85661dfd23ed8941563932b153986647aafa457,82c3cbdfc944c74c,480,320,image/jpeg,dataset/datasets_clear/khabarovsk_tourism_44/work/khabarovsk_tourism_44/03_Хабаровский краевой музей имени Н. И. Гродекова/photo_07.jpg,dataset/processed/003/original-8bc386d71f60423873a16c9f4954c17dbba139368a3a1a6457d14ad95b9dd122.jpg,8bc386d71f60423873a16c9f4954c17dbba139368a3a1a6457d14ad95b9dd122,false,,,index,accepted,
3,Хабаровский краевой музей имени Н. И. Гродекова,curated_manual_yandex,https://avatars.mds.yandex.net/i?id=e85a8e9ff50e5b78cf47a02dfc6d417f6346d84d-5524072-images-thumbs&n=13,https://avatars.mds.yandex.net/i?id=e85a8e9ff50e5b78cf47a02dfc6d417f6346d84d-5524072-images-thumbs&n=13,,unknown,,pending_purchase,2026-09-11T09:26:26.264028+00:00,eb206dc14ef645971d20c4d8e6b1dafa79d27a14f979a856b213c68422d71a52,dddac880e9e9ccc4,427,320,image/jpeg,dataset/datasets_clear/khabarovsk_tourism_44/work/khabarovsk_tourism_44/03_Хабаровский краевой музей имени Н. И. Гродекова/photo_08.jpg,dataset/processed/003/original-875343030c39eb1006cee84dbec90a26ca2fb280503b54bba52f4671ce9b433c.jpg,875343030c39eb1006cee84dbec90a26ca2fb280503b54bba52f4671ce9b433c,false,,,test,accepted,
3,Хабаровский краевой музей имени Н. И. Гродекова,curated_manual_yandex,https://avatars.mds.yandex.net/i?id=a3616ec10d7ace1c1336e9077a41a289f12a6ac5-2982087-images-thumbs&n=13,https://avatars.mds.yandex.net/i?id=a3616ec10d7ace1c1336e9077a41a289f12a6ac5-2982087-images-thumbs&n=13,,unknown,,pending_purchase,2026-09-11T09:26:26.210061+00:00,9007ae9bdb2562382f024456dea821d198389efe15586e3a05cab885159df0f5,c2ccf8f2a6e47530,480,249,image/jpeg,dataset/datasets_clear/khabarovsk_tourism_44/work/khabarovsk_tourism_44/03_Хабаровский краевой музей имени Н. И. Гродекова/photo_01.jpg,dataset/processed/003/aug-391aa8f4e790-00.jpg,391aa8f4e7907cd826d3b195aba3a8e210a5a641d0395179fd33e4e338a351c0,true,9ec725741d6f52409b185a4ea6e33f9cf37154859713552ebafb8f68a7ac2973,rotate=-4;crop=0.03;brightness=0.96;contrast=1.04;color=0.98,index,accepted,
3,Хабаровский краевой музей имени Н. И. Гродекова,curated_manual_yandex,https://avatars.mds.yandex.net/i?id=f77006d2d2721da74e63d7805595baa9b5c85edf-12996563-images-thumbs&n=13,https://avatars.mds.yandex.net/i?id=f77006d2d2721da74e63d7805595baa9b5c85edf-12996563-images-thumbs&n=13,,unknown,,pending_purchase,2026-09-11T09:26:26.216078+00:00,05811e478423a33ca91292074a5ae349b410422407f07b3f24cc7103950a8582,f5b590070f4f1e16,427,320,image/jpeg,dataset/datasets_clear/khabarovsk_tourism_44/work/khabarovsk_tourism_44/03_Хабаровский краевой музей имени Н. И. Гродекова/photo_02.jpg,dataset/processed/003/aug-b6382b84b1ea-01.jpg,b6382b84b1ea7032936d0ce1081868db6d84c46bb44cc85644a18ed650b24c93,true,124ba814c3e087aba70de8c6d68d9c5165908fcb6bfba812a249f6cde41f4800,rotate=+4;crop=0.03;brightness=1.04;contrast=0.96;color=1.02,index,accepted,
3,Хабаровский краевой музей имени Н. И. Гродекова,curated_manual_yandex,https://avatars.mds.yandex.net/i?id=2af4fc0c660ac9524a12dd83cd00b6673d733ca4-5584797-images-thumbs&n=13,https://avatars.mds.yandex.net/i?id=2af4fc0c660ac9524a12dd83cd00b6673d733ca4-5584797-images-thumbs&n=13,,unknown,,pending_purchase,2026-09-11T09:26:26.231603+00:00,1d1c298c06732fa7686cf26a0f9f6674f4f4e36f57ed5419c8ffcfc4a9e9085d,c0c940c7ee2ffb24,438,320,image/jpeg,dataset/datasets_clear/khabarovsk_tourism_44/work/khabarovsk_tourism_44/03_Хабаровский краевой музей имени Н. И. Гродекова/photo_03.jpg,dataset/processed/003/aug-3cc640e47015-02.jpg,3cc640e470154254488897ede8467c5bbdb755f1a0c9103f8514d9a15d3c0172,true,2ce6c892ac93d7c2f6a98ec2c89ee90b1605d3fd22f627dd2bbafa10776b13e0,rotate=-2;crop=0.06;brightness=0.92;contrast=1.02;color=1.04,index,accepted,
3,Хабаровский краевой музей имени Н. И. Гродекова,curated_manual_yandex,https://avatars.mds.yandex.net/i?id=b035a144382b340778b89c818c2dce5c18251129-5236000-images-thumbs&n=13,https://avatars.mds.yandex.net/i?id=b035a144382b340778b89c818c2dce5c18251129-5236000-images-thumbs&n=13,,unknown,,pending_purchase,2026-09-11T09:26:26.236116+00:00,ce239e12351b1cae191cf830408361bbde3d9cc0a9926f4be28d3c29e998a77b,c9fdb48097261e47,480,192,image/jpeg,dataset/datasets_clear/khabarovsk_tourism_44/work/khabarovsk_tourism_44/03_Хабаровский краевой музей имени Н. И. Гродекова/photo_04.jpg,dataset/processed/003/aug-1f5fbcd4cc49-03.jpg,1f5fbcd4cc495f52de927e26c1ffedb0471331bec2a06b36d51b05b1e27c842e,true,9de25472a06378573af2a1134b0752c69bcdf7be688cef19c830192f915da5f7,rotate=+2;crop=0.06;brightness=1.08;contrast=0.98;color=0.96,index,accepted,
3,Хабаровский краевой музей имени Н. И. Гродекова,curated_manual_yandex,https://avatars.mds.yandex.net/i?id=57ae8d436cc539b088640993b1815ffb8b84cd66-5370410-images-thumbs&n=13,https://avatars.mds.yandex.net/i?id=57ae8d436cc539b088640993b1815ffb8b84cd66-5370410-images-thumbs&n=13,,unknown,,pending_purchase,2026-09-11T09:26:26.247596+00:00,aa196b664db94ccd2c211447e644867655b271230552cc77bd03dd80f03f5c4f,83d3d3d3c3c1c38c,480,320,image/jpeg,dataset/datasets_clear/khabarovsk_tourism_44/work/khabarovsk_tourism_44/03_Хабаровский краевой музей имени Н. И. Гродекова/photo_07.jpg,dataset/processed/003/aug-8bc386d71f60-04.jpg,8bc386d71f60423873a16c9f4954c17dbba139368a3a1a6457d14ad95b9dd122,true,64bdc09390b4c797bc227077c85661dfd23ed8941563932b153986647aafa457,rotate=+0;crop=0.08;brightness=0.96;contrast=1.08;color=1.00,index,accepted,
3,Хабаровский краевой музей имени Н. И. Гродекова,curated_manual_yandex,https://avatars.mds.yandex.net/i?id=a3616ec10d7ace1c1336e9077a41a289f12a6ac5-2982087-images-thumbs&n=13,https://avatars.mds.yandex.net/i?id=a3616ec10d7ace1c1336e9077a41a289f12a6ac5-2982087-images-thumbs&n=13,,unknown,,pending_purchase,2026-09-11T09:26:26.210061+00:00,6263ba6b138bef035e352432ee734c87c29b50daa46c856144005146bbc46521,c2ccf8f7ee621112,480,249,image/jpeg,dataset/datasets_clear/khabarovsk_tourism_44/work/khabarovsk_tourism_44/03_Хабаровский краевой музей имени Н. И. Гродекова/photo_01.jpg,dataset/processed/003/aug-391aa8f4e790-05.jpg,391aa8f4e7907cd826d3b195aba3a8e210a5a641d0395179fd33e4e338a351c0,true,9ec725741d6f52409b185a4ea6e33f9cf37154859713552ebafb8f68a7ac2973,rotate=+0;crop=0.04;brightness=1.04;contrast=0.92;color=1.05,index,accepted,
3,Хабаровский краевой музей имени Н. И. Гродекова,curated_manual_yandex,https://avatars.mds.yandex.net/i?id=f77006d2d2721da74e63d7805595baa9b5c85edf-12996563-images-thumbs&n=13,https://avatars.mds.yandex.net/i?id=f77006d2d2721da74e63d7805595baa9b5c85edf-12996563-images-thumbs&n=13,,unknown,,pending_purchase,2026-09-11T09:26:26.216078+00:00,f59aba3845492cc836e816d544159c09b4ebf14a29d57737c5d56db90fe8e06d,f1b0c0414f4f4e7e,427,320,image/jpeg,dataset/datasets_clear/khabarovsk_tourism_44/work/khabarovsk_tourism_44/03_Хабаровский краевой музей имени Н. И. Гродекова/photo_02.jpg,dataset/processed/003/aug-b6382b84b1ea-06.jpg,b6382b84b1ea7032936d0ce1081868db6d84c46bb44cc85644a18ed650b24c93,true,124ba814c3e087aba70de8c6d68d9c5165908fcb6bfba812a249f6cde41f4800,rotate=-4;crop=0.03;brightness=0.96;contrast=1.04;color=0.98,index,accepted,
4,Дальневосточный художественный музей,curated_manual_yandex,https://avatars.mds.yandex.net/i?id=e605b33490eeedfc9937df664186789c10825758-11499518-images-thumbs&n=13,https://avatars.mds.yandex.net/i?id=e605b33490eeedfc9937df664186789c10825758-11499518-images-thumbs&n=13,,unknown,,pending_purchase,2026-09-11T09:26:26.453456+00:00,68249d0e9c357ceac26d8232c1b6705c3b073e98f399dbba44633bac665721c9,95f57aa06f80ea51,480,240,image/jpeg,dataset/datasets_clear/khabarovsk_tourism_44/work/khabarovsk_tourism_44/04_Дальневосточный художественный музей/photo_01.jpg,dataset/processed/004/original-dcb69c5b56a2e1fa0f9bd1ce0b9fb299fabf276290d91c9b53e089e2f8e925e5.jpg,dcb69c5b56a2e1fa0f9bd1ce0b9fb299fabf276290d91c9b53e089e2f8e925e5,false,,,index,accepted,
4,Дальневосточный художественный музей,curated_manual_yandex,https://avatars.mds.yandex.net/i?id=cf0aafe5daf65821dbd83d00840b0ee7c6f49d82-5554935-images-thumbs&n=13,https://avatars.mds.yandex.net/i?id=cf0aafe5daf65821dbd83d00840b0ee7c6f49d82-5554935-images-thumbs&n=13,,unknown,,pending_purchase,2026-09-11T09:26:26.459483+00:00,3aeff2951a7ae08dd54a8f6071424f575123af047cd94e1cb817d0c8c20f76ec,d58e0a51f82e65d6,480,311,image/jpeg,dataset/datasets_clear/khabarovsk_tourism_44/work/khabarovsk_tourism_44/04_Дальневосточный художественный музей/photo_02.jpg,dataset/processed/004/original-1f08f888615870e0f806af6db5cf742d432740c680b82f57ab319307a8fb6cee.jpg,1f08f888615870e0f806af6db5cf742d432740c680b82f57ab319307a8fb6cee,false,,,index,accepted,
4,Дальневосточный художественный музей,curated_manual_yandex,https://avatars.mds.yandex.net/i?id=9728a925efd96bb3f877345affdc147e1f2e6f73-16637215-images-thumbs&n=13,https://avatars.mds.yandex.net/i?id=9728a925efd96bb3f877345affdc147e1f2e6f73-16637215-images-thumbs&n=13,,unknown,,pending_purchase,2026-09-11T09:26:26.465509+00:00,5086afefaf848c012edc5f0f75b2eaa6e0c8376af34128c41128eb55cca2f008,c1fe0fc0e457a13c,480,309,image/jpeg,dataset/datasets_clear/khabarovsk_tourism_44/work/khabarovsk_tourism_44/04_Дальневосточный художественный музей/photo_03.jpg,dataset/processed/004/original-a1dfa21cbd4939c3195848829c2efe0b232732393ab15d087ba5f41232363c4d.jpg,a1dfa21cbd4939c3195848829c2efe0b232732393ab15d087ba5f41232363c4d,false,,,index,accepted,
4,Дальневосточный художественный музей,curated_manual_yandex,https://avatars.mds.yandex.net/i?id=61e2af0fdad68999d03c5fde897ab14a19300cf9-7451990-images-thumbs&n=13,https://avatars.mds.yandex.net/i?id=61e2af0fdad68999d03c5fde897ab14a19300cf9-7451990-images-thumbs&n=13,,unknown,,pending_purchase,2026-09-11T09:26:26.470100+00:00,0e3f868f82610f5ea563fb7b4de7b7d45a96d8f35e0372b165e855984ca948c0,a5f87af229d98688,480,205,image/jpeg,dataset/datasets_clear/khabarovsk_tourism_44/work/khabarovsk_tourism_44/04_Дальневосточный художественный музей/photo_04.jpg,dataset/processed/004/original-ce85b0e3779624b8ff3877be768ba3170d9b2d44b185c99ff90dba9dbe5f42f7.jpg,ce85b0e3779624b8ff3877be768ba3170d9b2d44b185c99ff90dba9dbe5f42f7,false,,,index,accepted,
4,Дальневосточный художественный музей,curated_manual_yandex,https://avatars.mds.yandex.net/i?id=ae636e713f7f7838afd88a6d12da1f7adf8b6df9-4451358-images-thumbs&n=13,https://avatars.mds.yandex.net/i?id=ae636e713f7f7838afd88a6d12da1f7adf8b6df9-4451358-images-thumbs&n=13,,unknown,,pending_purchase,2026-09-11T09:26:26.475109+00:00,f0e4a9ea4f70c15cee0dfe0fa77528177c2c558796e99fe26700c50dba9a3bf3,909d79e2470cb877,427,320,image/jpeg,dataset/datasets_clear/khabarovsk_tourism_44/work/khabarovsk_tourism_44/04_Дальневосточный художественный музей/photo_05.jpg,dataset/processed/004/original-7df47909f80d73a8472e99b2866508a5ab84c7f31357d9e95492a0613c0996ca.jpg,7df47909f80d73a8472e99b2866508a5ab84c7f31357d9e95492a0613c0996ca,false,,,test,accepted,
4,Дальневосточный художественный музей,curated_manual_yandex,https://avatars.mds.yandex.net/i?id=d064580a4acae4d458759758335d3eb5ae1d5c6d-8253870-images-thumbs&n=13,https://avatars.mds.yandex.net/i?id=d064580a4acae4d458759758335d3eb5ae1d5c6d-8253870-images-thumbs&n=13,,unknown,,pending_purchase,2026-09-11T09:26:26.480108+00:00,16e791645f4cebd96e06b4ae920bf0e87c9a77f02fdecfc4a3f6faebf15011ee,d73e260a5bd17066,448,294,image/jpeg,dataset/datasets_clear/khabarovsk_tourism_44/work/khabarovsk_tourism_44/04_Дальневосточный художественный музей/photo_06.jpg,dataset/processed/004/original-d2b8586f27882a760b660771465bd89ee3fc032544527c26b10aafe6397a996e.jpg,d2b8586f27882a760b660771465bd89ee3fc032544527c26b10aafe6397a996e,false,,,validation,accepted,
4,Дальневосточный художественный музей,curated_manual_yandex,https://avatars.mds.yandex.net/i?id=721a5c74a9092510110cea4944efa8d81809569e-5234460-images-thumbs&n=13,https://avatars.mds.yandex.net/i?id=721a5c74a9092510110cea4944efa8d81809569e-5234460-images-thumbs&n=13,,unknown,,pending_purchase,2026-09-11T09:26:26.485135+00:00,2adcca288d6d86b17d331a9a96b49fe34fa9d6dc00096bb69512d3dfe5d77783,95c658623a258edf,320,320,image/jpeg,dataset/datasets_clear/khabarovsk_tourism_44/work/khabarovsk_tourism_44/04_Дальневосточный художественный музей/photo_07.jpg,dataset/processed/004/original-0683898cf377e65ea99cb7b94140e82c30c16b0c5382003952c313216deb7381.jpg,0683898cf377e65ea99cb7b94140e82c30c16b0c5382003952c313216deb7381,false,,,index,accepted,
4,Дальневосточный художественный музей,curated_manual_yandex,https://avatars.mds.yandex.net/i?id=234b02edb61c332e462dcdb915c84c8e6500441f-4079989-images-thumbs&n=13,https://avatars.mds.yandex.net/i?id=234b02edb61c332e462dcdb915c84c8e6500441f-4079989-images-thumbs&n=13,,unknown,,pending_purchase,2026-09-11T09:26:26.491233+00:00,49da0fd6cfb4d97f8b8a23760514ea3ba3ea65ab65f15f34a6975f6dd24086fb,88b33c94e74a83dd,464,320,image/jpeg,dataset/datasets_clear/khabarovsk_tourism_44/work/khabarovsk_tourism_44/04_Дальневосточный художественный музей/photo_08.jpg,dataset/processed/004/original-240482b932d87428eb5bbc4a95475a5885d176f092d480f922a762b10e9785b3.jpg,240482b932d87428eb5bbc4a95475a5885d176f092d480f922a762b10e9785b3,false,,,index,accepted,
4,Дальневосточный художественный музей,curated_manual_yandex,https://avatars.mds.yandex.net/i?id=e605b33490eeedfc9937df664186789c10825758-11499518-images-thumbs&n=13,https://avatars.mds.yandex.net/i?id=e605b33490eeedfc9937df664186789c10825758-11499518-images-thumbs&n=13,,unknown,,pending_purchase,2026-09-11T09:26:26.453456+00:00,39d1985fcaf39682ea21a315a3592948235a33c3855bc143abce8964bcd920af,97d5fa8aec0b6029,480,240,image/jpeg,dataset/datasets_clear/khabarovsk_tourism_44/work/khabarovsk_tourism_44/04_Дальневосточный художественный музей/photo_01.jpg,dataset/processed/004/aug-dcb69c5b56a2-00.jpg,dcb69c5b56a2e1fa0f9bd1ce0b9fb299fabf276290d91c9b53e089e2f8e925e5,true,68249d0e9c357ceac26d8232c1b6705c3b073e98f399dbba44633bac665721c9,rotate=-4;crop=0.03;brightness=0.96;contrast=1.04;color=0.98,index,accepted,
4,Дальневосточный художественный музей,curated_manual_yandex,https://avatars.mds.yandex.net/i?id=cf0aafe5daf65821dbd83d00840b0ee7c6f49d82-5554935-images-thumbs&n=13,https://avatars.mds.yandex.net/i?id=cf0aafe5daf65821dbd83d00840b0ee7c6f49d82-5554935-images-thumbs&n=13,,unknown,,pending_purchase,2026-09-11T09:26:26.459483+00:00,1e29c080bd0e658f1a590a138f435d1e29f397c6e35699b98ea852b681574808,dd910f51b02ee157,480,311,image/jpeg,dataset/datasets_clear/khabarovsk_tourism_44/work/khabarovsk_tourism_44/04_Дальневосточный художественный музей/photo_02.jpg,dataset/processed/004/aug-1f08f8886158-01.jpg,1f08f888615870e0f806af6db5cf742d432740c680b82f57ab319307a8fb6cee,true,3aeff2951a7ae08dd54a8f6071424f575123af047cd94e1cb817d0c8c20f76ec,rotate=+4;crop=0.03;brightness=1.04;contrast=0.96;color=1.02,index,accepted,
4,Дальневосточный художественный музей,curated_manual_yandex,https://avatars.mds.yandex.net/i?id=9728a925efd96bb3f877345affdc147e1f2e6f73-16637215-images-thumbs&n=13,https://avatars.mds.yandex.net/i?id=9728a925efd96bb3f877345affdc147e1f2e6f73-16637215-images-thumbs&n=13,,unknown,,pending_purchase,2026-09-11T09:26:26.465509+00:00,4f2822b414d6b93d9e55728433f15ae4fd0c2d2667fa5c25d449b940f0c859c0,c1fc0f8ae407f546,480,309,image/jpeg,dataset/datasets_clear/khabarovsk_tourism_44/work/khabarovsk_tourism_44/04_Дальневосточный художественный музей/photo_03.jpg,dataset/processed/004/aug-a1dfa21cbd49-02.jpg,a1dfa21cbd4939c3195848829c2efe0b232732393ab15d087ba5f41232363c4d,true,5086afefaf848c012edc5f0f75b2eaa6e0c8376af34128c41128eb55cca2f008,rotate=-2;crop=0.06;brightness=0.92;contrast=1.02;color=1.04,index,accepted,
4,Дальневосточный художественный музей,curated_manual_yandex,https://avatars.mds.yandex.net/i?id=61e2af0fdad68999d03c5fde897ab14a19300cf9-7451990-images-thumbs&n=13,https://avatars.mds.yandex.net/i?id=61e2af0fdad68999d03c5fde897ab14a19300cf9-7451990-images-thumbs&n=13,,unknown,,pending_purchase,2026-09-11T09:26:26.470100+00:00,4f18294f8012d1cab0405979ae84215e750004a24aa7bc05d4d7eeaa4c0a61bf,adcc72f229c887d8,480,205,image/jpeg,dataset/datasets_clear/khabarovsk_tourism_44/work/khabarovsk_tourism_44/04_Дальневосточный художественный музей/photo_04.jpg,dataset/processed/004/aug-ce85b0e37796-03.jpg,ce85b0e3779624b8ff3877be768ba3170d9b2d44b185c99ff90dba9dbe5f42f7,true,0e3f868f82610f5ea563fb7b4de7b7d45a96d8f35e0372b165e855984ca948c0,rotate=+2;crop=0.06;brightness=1.08;contrast=0.98;color=0.96,index,accepted,
4,Дальневосточный художественный музей,curated_manual_yandex,https://avatars.mds.yandex.net/i?id=721a5c74a9092510110cea4944efa8d81809569e-5234460-images-thumbs&n=13,https://avatars.mds.yandex.net/i?id=721a5c74a9092510110cea4944efa8d81809569e-5234460-images-thumbs&n=13,,unknown,,pending_purchase,2026-09-11T09:26:26.485135+00:00,a4f49566459e2150d00f8075ceea05e570def2c467e8cf6d738a50f2bc5d6c49,85c65d623a298f73,320,320,image/jpeg,dataset/datasets_clear/khabarovsk_tourism_44/work/khabarovsk_tourism_44/04_Дальневосточный художественный музей/photo_07.jpg,dataset/processed/004/aug-0683898cf377-04.jpg,0683898cf377e65ea99cb7b94140e82c30c16b0c5382003952c313216deb7381,true,2adcca288d6d86b17d331a9a96b49fe34fa9d6dc00096bb69512d3dfe5d77783,rotate=+0;crop=0.08;brightness=0.96;contrast=1.08;color=1.00,index,accepted,
4,Дальневосточный художественный музей,curated_manual_yandex,https://avatars.mds.yandex.net/i?id=234b02edb61c332e462dcdb915c84c8e6500441f-4079989-images-thumbs&n=13,https://avatars.mds.yandex.net/i?id=234b02edb61c332e462dcdb915c84c8e6500441f-4079989-images-thumbs&n=13,,unknown,,pending_purchase,2026-09-11T09:26:26.491233+00:00,14466ca5b55687147ea7a8971e14a1c1307f0cfbab56072172fd72053dc464d6,88bb3cb4e45a83dc,464,320,image/jpeg,dataset/datasets_clear/khabarovsk_tourism_44/work/khabarovsk_tourism_44/04_Дальневосточный художественный музей/photo_08.jpg,dataset/processed/004/aug-240482b932d8-05.jpg,240482b932d87428eb5bbc4a95475a5885d176f092d480f922a762b10e9785b3,true,49da0fd6cfb4d97f8b8a23760514ea3ba3ea65ab65f15f34a6975f6dd24086fb,rotate=+0;crop=0.04;brightness=1.04;contrast=0.92;color=1.05,index,accepted,
5,Военно-исторический музей Восточного военного округа,curated_manual_yandex,https://avatars.mds.yandex.net/i?id=d8cf59df03dc283a61c57b633cea1e144b62839f-5242896-images-thumbs&n=13,https://avatars.mds.yandex.net/i?id=d8cf59df03dc283a61c57b633cea1e144b62839f-5242896-images-thumbs&n=13,,unknown,,pending_purchase,2026-09-11T09:26:26.653477+00:00,56610c80f48d90f88c4cbd27fe98bbf9dfcde903530ccbf246af19991a7c7ec1,b18e562bad5037e4,427,320,image/jpeg,dataset/datasets_clear/khabarovsk_tourism_44/work/khabarovsk_tourism_44/05_Военно-исторический музей Восточного военного округа/photo_01.jpg,dataset/processed/005/original-298b31da8893af81be403aee76186cd86ddcb0641fdd6e2c031bfe1a2c1dc110.jpg,298b31da8893af81be403aee76186cd86ddcb0641fdd6e2c031bfe1a2c1dc110,false,,,validation,accepted,
5,Военно-исторический музей Восточного военного округа,curated_manual_yandex,https://avatars.mds.yandex.net/i?id=a8e5583656c712e8347a1924abfbaa55c3e343eb-6296552-images-thumbs&n=13,https://avatars.mds.yandex.net/i?id=a8e5583656c712e8347a1924abfbaa55c3e343eb-6296552-images-thumbs&n=13,,unknown,,pending_purchase,2026-09-11T09:26:26.658478+00:00,aff36675ee3c287f92bbea33915061bae1512bdd4465c93eb5f46eac46efef69,bff88360c03b643e,427,320,image/jpeg,dataset/datasets_clear/khabarovsk_tourism_44/work/khabarovsk_tourism_44/05_Военно-исторический музей Восточного военного округа/photo_02.jpg,dataset/processed/005/original-75f09735a0058e14e580cfa7fb3dcc42382c3b01b0a4ff973c2faf3a70a07c31.jpg,75f09735a0058e14e580cfa7fb3dcc42382c3b01b0a4ff973c2faf3a70a07c31,false,,,test,accepted,
5,Военно-исторический музей Восточного военного округа,curated_manual_yandex,https://avatars.mds.yandex.net/i?id=8c4f5523d3bd7982253822d351b9976d447085b8-5240166-images-thumbs&n=13,https://avatars.mds.yandex.net/i?id=8c4f5523d3bd7982253822d351b9976d447085b8-5240166-images-thumbs&n=13,,unknown,,pending_purchase,2026-09-11T09:26:26.665021+00:00,5250c04dbcbc4a405b2feaf8ce28d51ec04d23354d0e339f2f57e91d2d1cac1a,faf6f1e2a0860587,480,285,image/jpeg,dataset/datasets_clear/khabarovsk_tourism_44/work/khabarovsk_tourism_44/05_Военно-исторический музей Восточного военного округа/photo_03.jpg,dataset/processed/005/original-f508e01e054539a7e375e18194b380cfd3d56371a8075a73f666b52907f20f3b.jpg,f508e01e054539a7e375e18194b380cfd3d56371a8075a73f666b52907f20f3b,false,,,index,accepted,
5,Военно-исторический музей Восточного военного округа,curated_manual_yandex,https://avatars.mds.yandex.net/i?id=0b5b14bac5641e8f0b92dce1b063223774b5b441-10700905-images-thumbs&n=13,https://avatars.mds.yandex.net/i?id=0b5b14bac5641e8f0b92dce1b063223774b5b441-10700905-images-thumbs&n=13,,unknown,,pending_purchase,2026-09-11T09:26:26.670631+00:00,13d6b58d43beac5b2200de591e1510e1d11c07b0f23a0708be9b36c53a436dfb,95e2c253ff3cca01,458,320,image/jpeg,dataset/datasets_clear/khabarovsk_tourism_44/work/khabarovsk_tourism_44/05_Военно-исторический музей Восточного военного округа/photo_04.jpg,dataset/processed/005/original-6a55c7da32b1fff1b3bb89ca1260b15e27e0335a385f4850f861652bc0f67dc9.jpg,6a55c7da32b1fff1b3bb89ca1260b15e27e0335a385f4850f861652bc0f67dc9,false,,,index,accepted,
5,Военно-исторический музей Восточного военного округа,curated_manual_yandex,https://avatars.mds.yandex.net/i?id=9176be75eb921dbda654fd812295d7a34d2d15ad-5700053-images-thumbs&n=13,https://avatars.mds.yandex.net/i?id=9176be75eb921dbda654fd812295d7a34d2d15ad-5700053-images-thumbs&n=13,,unknown,,pending_purchase,2026-09-11T09:26:26.674211+00:00,6bf93fdeade20e73812679999755ce47731309b2fcd74e29809b8aef3b66a4ec,f8dad891197914ec,240,320,image/jpeg,dataset/datasets_clear/khabarovsk_tourism_44/work/khabarovsk_tourism_44/05_Военно-исторический музей Восточного военного округа/photo_05.jpg,dataset/processed/005/original-75de2b4801576b97b583fe7e90b5a5f6b43f725f3e4fc7aa8a63e4751a92f7ac.jpg,75de2b4801576b97b583fe7e90b5a5f6b43f725f3e4fc7aa8a63e4751a92f7ac,false,,,index,accepted,
5,Военно-исторический музей Восточного военного округа,curated_manual_yandex,https://avatars.mds.yandex.net/i?id=7c73647673c02cb616b50fa97f74a1c5a5894b2f-12527687-images-thumbs&n=13,https://avatars.mds.yandex.net/i?id=7c73647673c02cb616b50fa97f74a1c5a5894b2f-12527687-images-thumbs&n=13,,unknown,,pending_purchase,2026-09-11T09:26:26.679210+00:00,b9206a2bd974071e836be8c369123a37ff4fc2f07e6cf77e52dcbfb2098a4d26,e4a5e817ed3a072a,480,243,image/jpeg,dataset/datasets_clear/khabarovsk_tourism_44/work/khabarovsk_tourism_44/05_Военно-исторический музей Восточного военного округа/photo_07.jpg,dataset/processed/005/original-ee7c47a725aba4f24243897877f7ed10074df76ce691b4c1dd9ff5002afee650.jpg,ee7c47a725aba4f24243897877f7ed10074df76ce691b4c1dd9ff5002afee650,false,,,index,accepted,
5,Военно-исторический музей Восточного военного округа,curated_manual_yandex,https://avatars.mds.yandex.net/i?id=8c4f5523d3bd7982253822d351b9976d447085b8-5240166-images-thumbs&n=13,https://avatars.mds.yandex.net/i?id=8c4f5523d3bd7982253822d351b9976d447085b8-5240166-images-thumbs&n=13,,unknown,,pending_purchase,2026-09-11T09:26:26.665021+00:00,a455d13aec91ebe00dd1ea230b9e2c16b324b9832d4954479d953f1493251086,eaf0f0e2e0c4d5c5,480,285,image/jpeg,dataset/datasets_clear/khabarovsk_tourism_44/work/khabarovsk_tourism_44/05_Военно-исторический музей Восточного военного округа/photo_03.jpg,dataset/processed/005/aug-f508e01e0545-00.jpg,f508e01e054539a7e375e18194b380cfd3d56371a8075a73f666b52907f20f3b,true,5250c04dbcbc4a405b2feaf8ce28d51ec04d23354d0e339f2f57e91d2d1cac1a,rotate=-4;crop=0.03;brightness=0.96;contrast=1.04;color=0.98,index,accepted,
5,Военно-исторический музей Восточного военного округа,curated_manual_yandex,https://avatars.mds.yandex.net/i?id=0b5b14bac5641e8f0b92dce1b063223774b5b441-10700905-images-thumbs&n=13,https://avatars.mds.yandex.net/i?id=0b5b14bac5641e8f0b92dce1b063223774b5b441-10700905-images-thumbs&n=13,,unknown,,pending_purchase,2026-09-11T09:26:26.670631+00:00,ecd0d8fff4cdac1f7fc663ed225ac732f028938fe5a95f6ea8effdda3671712f,9fc0815b36bcc23b,458,320,image/jpeg,dataset/datasets_clear/khabarovsk_tourism_44/work/khabarovsk_tourism_44/05_Военно-исторический музей Восточного военного округа/photo_04.jpg,dataset/processed/005/aug-6a55c7da32b1-01.jpg,6a55c7da32b1fff1b3bb89ca1260b15e27e0335a385f4850f861652bc0f67dc9,true,13d6b58d43beac5b2200de591e1510e1d11c07b0f23a0708be9b36c53a436dfb,rotate=+4;crop=0.03;brightness=1.04;contrast=0.96;color=1.02,index,accepted,
5,Военно-исторический музей Восточного военного округа,curated_manual_yandex,https://avatars.mds.yandex.net/i?id=9176be75eb921dbda654fd812295d7a34d2d15ad-5700053-images-thumbs&n=13,https://avatars.mds.yandex.net/i?id=9176be75eb921dbda654fd812295d7a34d2d15ad-5700053-images-thumbs&n=13,,unknown,,pending_purchase,2026-09-11T09:26:26.674211+00:00,0058c091677c8c28e47573930befb9d758a8fa53b2a21af9a8424dff53a415d3,f0c2fa901b7945ec,240,320,image/jpeg,dataset/datasets_clear/khabarovsk_tourism_44/work/khabarovsk_tourism_44/05_Военно-исторический музей Восточного военного округа/photo_05.jpg,dataset/processed/005/aug-75de2b480157-02.jpg,75de2b4801576b97b583fe7e90b5a5f6b43f725f3e4fc7aa8a63e4751a92f7ac,true,6bf93fdeade20e73812679999755ce47731309b2fcd74e29809b8aef3b66a4ec,rotate=-2;crop=0.06;brightness=0.92;contrast=1.02;color=1.04,index,accepted,
5,Военно-исторический музей Восточного военного округа,curated_manual_yandex,https://avatars.mds.yandex.net/i?id=7c73647673c02cb616b50fa97f74a1c5a5894b2f-12527687-images-thumbs&n=13,https://avatars.mds.yandex.net/i?id=7c73647673c02cb616b50fa97f74a1c5a5894b2f-12527687-images-thumbs&n=13,,unknown,,pending_purchase,2026-09-11T09:26:26.679210+00:00,144947edda327491f7c140ba2efcc6871d623a4f3f85687f468dac72a783bcef,e5a5ca15e91b863a,480,243,image/jpeg,dataset/datasets_clear/khabarovsk_tourism_44/work/khabarovsk_tourism_44/05_Военно-исторический музей Восточного военного округа/photo_07.jpg,dataset/processed/005/aug-ee7c47a725ab-03.jpg,ee7c47a725aba4f24243897877f7ed10074df76ce691b4c1dd9ff5002afee650,true,b9206a2bd974071e836be8c369123a37ff4fc2f07e6cf77e52dcbfb2098a4d26,rotate=+2;crop=0.06;brightness=1.08;contrast=0.98;color=0.96,index,accepted,
5,Военно-исторический музей Восточного военного округа,curated_manual_yandex,https://avatars.mds.yandex.net/i?id=8c4f5523d3bd7982253822d351b9976d447085b8-5240166-images-thumbs&n=13,https://avatars.mds.yandex.net/i?id=8c4f5523d3bd7982253822d351b9976d447085b8-5240166-images-thumbs&n=13,,unknown,,pending_purchase,2026-09-11T09:26:26.665021+00:00,806c904f92b1bbc384e1567e904fdd090048f9c138901dfe1dc70973cffc4c23,faf2f0f2f8e29002,480,285,image/jpeg,dataset/datasets_clear/khabarovsk_tourism_44/work/khabarovsk_tourism_44/05_Военно-исторический музей Восточного военного округа/photo_03.jpg,dataset/processed/005/aug-f508e01e0545-04.jpg,f508e01e054539a7e375e18194b380cfd3d56371a8075a73f666b52907f20f3b,true,5250c04dbcbc4a405b2feaf8ce28d51ec04d23354d0e339f2f57e91d2d1cac1a,rotate=+0;crop=0.08;brightness=0.96;contrast=1.08;color=1.00,index,accepted,
5,Военно-исторический музей Восточного военного округа,curated_manual_yandex,https://avatars.mds.yandex.net/i?id=0b5b14bac5641e8f0b92dce1b063223774b5b441-10700905-images-thumbs&n=13,https://avatars.mds.yandex.net/i?id=0b5b14bac5641e8f0b92dce1b063223774b5b441-10700905-images-thumbs&n=13,,unknown,,pending_purchase,2026-09-11T09:26:26.670631+00:00,c254f6d0da7e8bb3b9871ac9258ba2451fc2347c8a23c2c0401c886896848d5d,95e6c251b73dc641,458,320,image/jpeg,dataset/datasets_clear/khabarovsk_tourism_44/work/khabarovsk_tourism_44/05_Военно-исторический музей Восточного военного округа/photo_04.jpg,dataset/processed/005/aug-6a55c7da32b1-05.jpg,6a55c7da32b1fff1b3bb89ca1260b15e27e0335a385f4850f861652bc0f67dc9,true,13d6b58d43beac5b2200de591e1510e1d11c07b0f23a0708be9b36c53a436dfb,rotate=+0;crop=0.04;brightness=1.04;contrast=0.92;color=1.05,index,accepted,
5,Военно-исторический музей Восточного военного округа,curated_manual_yandex,https://avatars.mds.yandex.net/i?id=9176be75eb921dbda654fd812295d7a34d2d15ad-5700053-images-thumbs&n=13,https://avatars.mds.yandex.net/i?id=9176be75eb921dbda654fd812295d7a34d2d15ad-5700053-images-thumbs&n=13,,unknown,,pending_purchase,2026-09-11T09:26:26.674211+00:00,f1a0b3d348c2464c924b52d789d4ea45bb0406ad539aa50dcbaa3ab710944dcf,f0c2f6110d3d64ed,240,320,image/jpeg,dataset/datasets_clear/khabarovsk_tourism_44/work/khabarovsk_tourism_44/05_Военно-исторический музей Восточного военного округа/photo_05.jpg,dataset/processed/005/aug-75de2b480157-06.jpg,75de2b4801576b97b583fe7e90b5a5f6b43f725f3e4fc7aa8a63e4751a92f7ac,true,6bf93fdeade20e73812679999755ce47731309b2fcd74e29809b8aef3b66a4ec,rotate=-4;crop=0.03;brightness=0.96;contrast=1.04;color=0.98,index,accepted,
5,Военно-исторический музей Восточного военного округа,curated_manual_yandex,https://avatars.mds.yandex.net/i?id=7c73647673c02cb616b50fa97f74a1c5a5894b2f-12527687-images-thumbs&n=13,https://avatars.mds.yandex.net/i?id=7c73647673c02cb616b50fa97f74a1c5a5894b2f-12527687-images-thumbs&n=13,,unknown,,pending_purchase,2026-09-11T09:26:26.679210+00:00,68e246e5d6cd8ee5d0d8e0e163f180a7d925f17d2cdd2060ce3111eae6376528,e4a5ed17a51b8538,480,243,image/jpeg,dataset/datasets_clear/khabarovsk_tourism_44/work/khabarovsk_tourism_44/05_Военно-исторический музей Восточного военного округа/photo_07.jpg,dataset/processed/005/aug-ee7c47a725ab-07.jpg,ee7c47a725aba4f24243897877f7ed10074df76ce691b4c1dd9ff5002afee650,true,b9206a2bd974071e836be8c369123a37ff4fc2f07e6cf77e52dcbfb2098a4d26,rotate=+4;crop=0.03;brightness=1.04;contrast=0.96;color=1.02,index,accepted,
6,Музей истории Амурского моста,curated_manual_yandex,https://avatars.mds.yandex.net/i?id=7b538d15db24e24f936609fdc5aaca45fae0ed1b-4322231-images-thumbs&n=13,https://avatars.mds.yandex.net/i?id=7b538d15db24e24f936609fdc5aaca45fae0ed1b-4322231-images-thumbs&n=13,,unknown,,pending_purchase,2026-09-11T09:26:26.903164+00:00,07b5bfef53f5d526f9b6e4a8db9cb50dd31af72f0e413039bb25e164fdf3c767,fe810b1ef06b8e1c,480,274,image/jpeg,dataset/datasets_clear/khabarovsk_tourism_44/work/khabarovsk_tourism_44/06_Музей истории Амурского моста/photo_01.jpg,dataset/processed/006/original-ecfb9c81a14052918c0eaa506a9e6e1f621d2b515e08173975f254354b0a1a2b.jpg,ecfb9c81a14052918c0eaa506a9e6e1f621d2b515e08173975f254354b0a1a2b,false,,,index,accepted,
6,Музей истории Амурского моста,curated_manual_yandex,https://avatars.mds.yandex.net/i?id=eaba8b793ca16cdd78159919f4da0015f530d9d7-9181443-images-thumbs&n=13,https://avatars.mds.yandex.net/i?id=eaba8b793ca16cdd78159919f4da0015f530d9d7-9181443-images-thumbs&n=13,,unknown,,pending_purchase,2026-09-11T09:26:26.910135+00:00,ad50613ede4241a98b9ee64990f805800b35f31ffaa215d9f09293510187492e,b4cb925de5374e80,427,320,image/jpeg,dataset/datasets_clear/khabarovsk_tourism_44/work/khabarovsk_tourism_44/06_Музей истории Амурского моста/photo_02.jpg,dataset/processed/006/original-72e92a37f4db3486734d4f8862429cd1676faf00c2de9361a8f23a39455ff26a.jpg,72e92a37f4db3486734d4f8862429cd1676faf00c2de9361a8f23a39455ff26a,false,,,index,accepted,
6,Музей истории Амурского моста,curated_manual_yandex,https://avatars.mds.yandex.net/i?id=366925aaca7579416d4a6493101d68f440403f6b-10680239-images-thumbs&n=13,https://avatars.mds.yandex.net/i?id=366925aaca7579416d4a6493101d68f440403f6b-10680239-images-thumbs&n=13,,unknown,,pending_purchase,2026-09-11T09:26:26.916522+00:00,a6e297748a7bf5a59b240a4efd85aa0e28072e8ce1680fd7f34e4389e296bd76,f4dec16c07e4303e,427,320,image/jpeg,dataset/datasets_clear/khabarovsk_tourism_44/work/khabarovsk_tourism_44/06_Музей истории Амурского моста/photo_03.jpg,dataset/processed/006/original-79cca851be09aa51be1e6c70758d37bc85593249a80a8c907525c91020654994.jpg,79cca851be09aa51be1e6c70758d37bc85593249a80a8c907525c91020654994,false,,,index,accepted,
6,Музей истории Амурского моста,curated_manual_yandex,https://avatars.mds.yandex.net/i?id=0750ca2c641ad428c0d42b2141fd71b5f973dcb7-12363187-images-thumbs&n=13,https://avatars.mds.yandex.net/i?id=0750ca2c641ad428c0d42b2141fd71b5f973dcb7-12363187-images-thumbs&n=13,,unknown,,pending_purchase,2026-09-11T09:26:26.921972+00:00,9b3bfea5ce1dc208f8ccf375734c63f1cbc062954bbf972a213d038c00e70846,e1cf8e4dc8bb2164,480,270,image/jpeg,dataset/datasets_clear/khabarovsk_tourism_44/work/khabarovsk_tourism_44/06_Музей истории Амурского моста/photo_04.jpg,dataset/processed/006/original-08555becf321ae7a58444bab82940e9251786d622250a880b174401fbe6e743d.jpg,08555becf321ae7a58444bab82940e9251786d622250a880b174401fbe6e743d,false,,,index,accepted,
6,Музей истории Амурского моста,curated_manual_yandex,https://avatars.mds.yandex.net/i?id=b775dbda6f5fe65868f8b58e9f87a20b578f5702dabf9795-10873778-images-thumbs&n=13,https://avatars.mds.yandex.net/i?id=b775dbda6f5fe65868f8b58e9f87a20b578f5702dabf9795-10873778-images-thumbs&n=13,,unknown,,pending_purchase,2026-09-11T09:26:26.927289+00:00,2d41abdb60b635993e03b5897b1e1e9f273271ceeb4660bc09752585d322c871,97f88e7613930f81,480,274,image/jpeg,dataset/datasets_clear/khabarovsk_tourism_44/work/khabarovsk_tourism_44/06_Музей истории Амурского моста/photo_05.jpg,dataset/processed/006/original-3f3f5d27cd9b21566ad510618a38d96daf09144bc7088f7b85c0b1cf82695bb7.jpg,3f3f5d27cd9b21566ad510618a38d96daf09144bc7088f7b85c0b1cf82695bb7,false,,,validation,accepted,
6,Музей истории Амурского моста,curated_manual_yandex,https://avatars.mds.yandex.net/i?id=4801e6dc691c709ec9fe62935e20fd9cb54d85a7-5850301-images-thumbs&n=13,https://avatars.mds.yandex.net/i?id=4801e6dc691c709ec9fe62935e20fd9cb54d85a7-5850301-images-thumbs&n=13,,unknown,,pending_purchase,2026-09-11T09:26:26.932909+00:00,c0b3fcd5e745abc5896f6d26ae9c3e4f1813425ad559c7d14fdca2511b7d892e,c17c837d84bb44e5,480,320,image/jpeg,dataset/datasets_clear/khabarovsk_tourism_44/work/khabarovsk_tourism_44/06_Музей истории Амурского моста/photo_07.jpg,dataset/processed/006/original-6d528248ad80239b11421b793606b08d86eaf1e1c30610304efc86e28a9a2cb5.jpg,6d528248ad80239b11421b793606b08d86eaf1e1c30610304efc86e28a9a2cb5,false,,,index,accepted,
6,Музей истории Амурского моста,curated_manual_yandex,https://avatars.mds.yandex.net/i?id=930fdda2b61d8e33a6f99392ea5213e9049e18c1-5499467-images-thumbs&n=13,https://avatars.mds.yandex.net/i?id=930fdda2b61d8e33a6f99392ea5213e9049e18c1-5499467-images-thumbs&n=13,,unknown,,pending_purchase,2026-09-11T09:26:26.938936+00:00,96240b8d9215d81964ed86654d426b73bd3f9010c600fe5939c8b3aa0c7a6a32,f3e8c01776c81abc,480,313,image/jpeg,dataset/datasets_clear/khabarovsk_tourism_44/work/khabarovsk_tourism_44/06_Музей истории Амурского моста/photo_08.jpg,dataset/processed/006/original-ef5ac3f7acdea81db8c67ff432f880455e01525fed74b3fe32cd74a0dd74feda.jpg,ef5ac3f7acdea81db8c67ff432f880455e01525fed74b3fe32cd74a0dd74feda,false,,,test,accepted,
6,Музей истории Амурского моста,curated_manual_yandex,https://avatars.mds.yandex.net/i?id=7b538d15db24e24f936609fdc5aaca45fae0ed1b-4322231-images-thumbs&n=13,https://avatars.mds.yandex.net/i?id=7b538d15db24e24f936609fdc5aaca45fae0ed1b-4322231-images-thumbs&n=13,,unknown,,pending_purchase,2026-09-11T09:26:26.903164+00:00,348618a1f0dbb1f3bb14daa0421fbb7dc0bb8486611bb6cba4e385b808ab3066,ea95ca1ff06a8744,480,274,image/jpeg,dataset/datasets_clear/khabarovsk_tourism_44/work/khabarovsk_tourism_44/06_Музей истории Амурского моста/photo_01.jpg,dataset/processed/006/aug-ecfb9c81a140-00.jpg,ecfb9c81a14052918c0eaa506a9e6e1f621d2b515e08173975f254354b0a1a2b,true,07b5bfef53f5d526f9b6e4a8db9cb50dd31af72f0e413039bb25e164fdf3c767,rotate=-4;crop=0.03;brightness=0.96;contrast=1.04;color=0.98,index,accepted,
6,Музей истории Амурского моста,curated_manual_yandex,https://avatars.mds.yandex.net/i?id=eaba8b793ca16cdd78159919f4da0015f530d9d7-9181443-images-thumbs&n=13,https://avatars.mds.yandex.net/i?id=eaba8b793ca16cdd78159919f4da0015f530d9d7-9181443-images-thumbs&n=13,,unknown,,pending_purchase,2026-09-11T09:26:26.910135+00:00,7bd033f3074f12fce438fa5cf5c92aeef48e325ac9c79c638e16dbf40bb67d57,b4cb933964b74a86,427,320,image/jpeg,dataset/datasets_clear/khabarovsk_tourism_44/work/khabarovsk_tourism_44/06_Музей истории Амурского моста/photo_02.jpg,dataset/processed/006/aug-72e92a37f4db-01.jpg,72e92a37f4db3486734d4f8862429cd1676faf00c2de9361a8f23a39455ff26a,true,ad50613ede4241a98b9ee64990f805800b35f31ffaa215d9f09293510187492e,rotate=+4;crop=0.03;brightness=1.04;contrast=0.96;color=1.02,index,accepted,
6,Музей истории Амурского моста,curated_manual_yandex,https://avatars.mds.yandex.net/i?id=366925aaca7579416d4a6493101d68f440403f6b-10680239-images-thumbs&n=13,https://avatars.mds.yandex.net/i?id=366925aaca7579416d4a6493101d68f440403f6b-10680239-images-thumbs&n=13,,unknown,,pending_purchase,2026-09-11T09:26:26.916522+00:00,17bfe4dd5cd4e012a9a90d20955472feb95de4b1cbe75c37116678f82184e267,fcc2e16c87e8321e,427,320,image/jpeg,dataset/datasets_clear/khabarovsk_tourism_44/work/khabarovsk_tourism_44/06_Музей истории Амурского моста/photo_03.jpg,dataset/processed/006/aug-79cca851be09-02.jpg,79cca851be09aa51be1e6c70758d37bc85593249a80a8c907525c91020654994,true,a6e297748a7bf5a59b240a4efd85aa0e28072e8ce1680fd7f34e4389e296bd76,rotate=-2;crop=0.06;brightness=0.92;contrast=1.02;color=1.04,index,accepted,
6,Музей истории Амурского моста,curated_manual_yandex,https://avatars.mds.yandex.net/i?id=0750ca2c641ad428c0d42b2141fd71b5f973dcb7-12363187-images-thumbs&n=13,https://avatars.mds.yandex.net/i?id=0750ca2c641ad428c0d42b2141fd71b5f973dcb7-12363187-images-thumbs&n=13,,unknown,,pending_purchase,2026-09-11T09:26:26.921972+00:00,e46001cf6d3b37b5c9d00c3575f7ec191d452de707b303b3ce7c6afabbc0015b,e1df1f29d03b2264,480,270,image/jpeg,dataset/datasets_clear/khabarovsk_tourism_44/work/khabarovsk_tourism_44/06_Музей истории Амурского моста/photo_04.jpg,dataset/processed/006/aug-08555becf321-03.jpg,08555becf321ae7a58444bab82940e9251786d622250a880b174401fbe6e743d,true,9b3bfea5ce1dc208f8ccf375734c63f1cbc062954bbf972a213d038c00e70846,rotate=+2;crop=0.06;brightness=1.08;contrast=0.98;color=0.96,index,accepted,
6,Музей истории Амурского моста,curated_manual_yandex,https://avatars.mds.yandex.net/i?id=4801e6dc691c709ec9fe62935e20fd9cb54d85a7-5850301-images-thumbs&n=13,https://avatars.mds.yandex.net/i?id=4801e6dc691c709ec9fe62935e20fd9cb54d85a7-5850301-images-thumbs&n=13,,unknown,,pending_purchase,2026-09-11T09:26:26.932909+00:00,239c65b762b4223cc4e29e5cf97d902b79e458bdf1f37bababe67c4ca6c2afd1,837c837d84ba05eb,480,320,image/jpeg,dataset/datasets_clear/khabarovsk_tourism_44/work/khabarovsk_tourism_44/06_Музей истории Амурского моста/photo_07.jpg,dataset/processed/006/aug-6d528248ad80-04.jpg,6d528248ad80239b11421b793606b08d86eaf1e1c30610304efc86e28a9a2cb5,true,c0b3fcd5e745abc5896f6d26ae9c3e4f1813425ad559c7d14fdca2511b7d892e,rotate=+0;crop=0.08;brightness=0.96;contrast=1.08;color=1.00,index,accepted,
6,Музей истории Амурского моста,curated_manual_yandex,https://avatars.mds.yandex.net/i?id=7b538d15db24e24f936609fdc5aaca45fae0ed1b-4322231-images-thumbs&n=13,https://avatars.mds.yandex.net/i?id=7b538d15db24e24f936609fdc5aaca45fae0ed1b-4322231-images-thumbs&n=13,,unknown,,pending_purchase,2026-09-11T09:26:26.903164+00:00,b7ef054062c93d0b500493c8f4c7f506d64f44de681667e9ce854cf2b11a830d,fe910b1cf063cc3c,480,274,image/jpeg,dataset/datasets_clear/khabarovsk_tourism_44/work/khabarovsk_tourism_44/06_Музей истории Амурского моста/photo_01.jpg,dataset/processed/006/aug-ecfb9c81a140-05.jpg,ecfb9c81a14052918c0eaa506a9e6e1f621d2b515e08173975f254354b0a1a2b,true,07b5bfef53f5d526f9b6e4a8db9cb50dd31af72f0e413039bb25e164fdf3c767,rotate=+0;crop=0.04;brightness=1.04;contrast=0.92;color=1.05,index,accepted,
6,Музей истории Амурского моста,curated_manual_yandex,https://avatars.mds.yandex.net/i?id=eaba8b793ca16cdd78159919f4da0015f530d9d7-9181443-images-thumbs&n=13,https://avatars.mds.yandex.net/i?id=eaba8b793ca16cdd78159919f4da0015f530d9d7-9181443-images-thumbs&n=13,,unknown,,pending_purchase,2026-09-11T09:26:26.910135+00:00,2a0530cf06ee7988100681583aa22054780c7754fd7679ed86866f0042cac02b,b4ca934ce573ce90,427,320,image/jpeg,dataset/datasets_clear/khabarovsk_tourism_44/work/khabarovsk_tourism_44/06_Музей истории Амурского моста/photo_02.jpg,dataset/processed/006/aug-72e92a37f4db-06.jpg,72e92a37f4db3486734d4f8862429cd1676faf00c2de9361a8f23a39455ff26a,true,ad50613ede4241a98b9ee64990f805800b35f31ffaa215d9f09293510187492e,rotate=-4;crop=0.03;brightness=0.96;contrast=1.04;color=0.98,index,accepted,
7,Спасо-Преображенский кафедральный собор,curated_manual_yandex,https://avatars.mds.yandex.net/i?id=13df8a9f62f059af2ec9c0f3bb7ebb23a7816df8-4373855-images-thumbs&n=13,https://avatars.mds.yandex.net/i?id=13df8a9f62f059af2ec9c0f3bb7ebb23a7816df8-4373855-images-thumbs&n=13,,unknown,,pending_purchase,2026-09-11T09:26:27.160472+00:00,fafec5cb4e1ee505e0a76e98b1feaa1d4fe69fc30f9afd254271bc9c30672793,ac13648b728f70af,427,320,image/jpeg,dataset/datasets_clear/khabarovsk_tourism_44/work/khabarovsk_tourism_44/07_Спасо-Преображенский кафедральный собор/photo_01.jpg,dataset/processed/007/original-74642fdc0277700c444e3a85e416d0f8b4df517d2355e927ce31fb5feb84a819.jpg,74642fdc0277700c444e3a85e416d0f8b4df517d2355e927ce31fb5feb84a819,false,,,index,accepted,
7,Спасо-Преображенский кафедральный собор,curated_manual_yandex,https://avatars.mds.yandex.net/i?id=1f374101beefd6db105d5f791a68609c8cbece83-10933522-images-thumbs&n=13,https://avatars.mds.yandex.net/i?id=1f374101beefd6db105d5f791a68609c8cbece83-10933522-images-thumbs&n=13,,unknown,,pending_purchase,2026-09-11T09:26:27.166037+00:00,416fb4eadc405b9cbcda376cd857bab60ba7bb8bc3daa897cc5b58e31734c44c,d4a173d0a51e8977,480,248,image/jpeg,dataset/datasets_clear/khabarovsk_tourism_44/work/khabarovsk_tourism_44/07_Спасо-Преображенский кафедральный собор/photo_02.jpg,dataset/processed/007/original-00270215bf4d58969676ef7d4c3313536f3982730886bf041cf6001a6ce78ce6.jpg,00270215bf4d58969676ef7d4c3313536f3982730886bf041cf6001a6ce78ce6,false,,,test,accepted,
7,Спасо-Преображенский кафедральный собор,curated_manual_yandex,https://avatars.mds.yandex.net/i?id=cf69ad71637abdd0f447c1afbf7aadd282219af8-4214228-images-thumbs&n=13,https://avatars.mds.yandex.net/i?id=cf69ad71637abdd0f447c1afbf7aadd282219af8-4214228-images-thumbs&n=13,,unknown,,pending_purchase,2026-09-11T09:26:27.173043+00:00,4cd4fee6ee63c0252881e804fcf93f5c4a96499b211756e53ca25780ccb94835,e6c21d14a86b57ea,427,320,image/jpeg,dataset/datasets_clear/khabarovsk_tourism_44/work/khabarovsk_tourism_44/07_Спасо-Преображенский кафедральный собор/photo_03.jpg,dataset/processed/007/original-7f2350ebd6326e3ca05a7296b2beb9e06ecab0fa9499105c447febdd71fc3590.jpg,7f2350ebd6326e3ca05a7296b2beb9e06ecab0fa9499105c447febdd71fc3590,false,,,index,accepted,
7,Спасо-Преображенский кафедральный собор,curated_manual_yandex,https://avatars.mds.yandex.net/i?id=fa337f70a6112e42f151227825594a83f86a03b7-5329555-images-thumbs&n=13,https://avatars.mds.yandex.net/i?id=fa337f70a6112e42f151227825594a83f86a03b7-5329555-images-thumbs&n=13,,unknown,,pending_purchase,2026-09-11T09:26:27.178036+00:00,69965ff0343c0589e7fbecf500bd54c778b983b20de67f5ad06ec7a8c71db7b3,f3181da0a0bf5de2,386,320,image/jpeg,dataset/datasets_clear/khabarovsk_tourism_44/work/khabarovsk_tourism_44/07_Спасо-Преображенский кафедральный собор/photo_04.jpg,dataset/processed/007/original-d8ac32146f038c5c2b99c178706a79ed6a347231c9d192c5d30ec3d897b38e0e.jpg,d8ac32146f038c5c2b99c178706a79ed6a347231c9d192c5d30ec3d897b38e0e,false,,,index,accepted,
7,Спасо-Преображенский кафедральный собор,curated_manual_yandex,https://avatars.mds.yandex.net/i?id=3c1c4c0f012422c610322b1d74917e347dc66e6f-5232186-images-thumbs&n=13,https://avatars.mds.yandex.net/i?id=3c1c4c0f012422c610322b1d74917e347dc66e6f-5232186-images-thumbs&n=13,,unknown,,pending_purchase,2026-09-11T09:26:27.182077+00:00,8314f5518a6495b76a02590d7210d7f826734587c15ac2d59fff4fcc3b81294f,c7d219c94d72b227,223,320,image/jpeg,dataset/datasets_clear/khabarovsk_tourism_44/work/khabarovsk_tourism_44/07_Спасо-Преображенский кафедральный собор/photo_05.jpg,dataset/processed/007/original-61e15604f2af2d39a109be772b7f50089d0e030f31338295c1df3c8d503d7f5b.jpg,61e15604f2af2d39a109be772b7f50089d0e030f31338295c1df3c8d503d7f5b,false,,,index,accepted,
7,Спасо-Преображенский кафедральный собор,curated_manual_yandex,https://avatars.mds.yandex.net/i?id=80ade32a03d707e84eacfc80d7f31196e6988949-5529172-images-thumbs&n=13,https://avatars.mds.yandex.net/i?id=80ade32a03d707e84eacfc80d7f31196e6988949-5529172-images-thumbs&n=13,,unknown,,pending_purchase,2026-09-11T09:26:27.185594+00:00,09ba312477c8c9f598e8cbad41b802a67ba46743ed656b19f31e48893576a03d,b2ad4d32c646b275,240,320,image/jpeg,dataset/datasets_clear/khabarovsk_tourism_44/work/khabarovsk_tourism_44/07_Спасо-Преображенский кафедральный собор/photo_06.jpg,dataset/processed/007/original-1ecb3464ee05df373e47dbc748e389fdc373eb27ae0fa8bc830c5404333e4384.jpg,1ecb3464ee05df373e47dbc748e389fdc373eb27ae0fa8bc830c5404333e4384,false,,,index,accepted,
7,Спасо-Преображенский кафедральный собор,curated_manual_yandex,https://avatars.mds.yandex.net/i?id=b2a2fea85bd0459dc1d453c04a680dd6c4990a9e-10766029-images-thumbs&n=13,https://avatars.mds.yandex.net/i?id=b2a2fea85bd0459dc1d453c04a680dd6c4990a9e-10766029-images-thumbs&n=13,,unknown,,pending_purchase,2026-09-11T09:26:27.190675+00:00,1dc0a7848f9512f9e553879b46e819ba664b84b043cedd3573b50269e0611e97,e9e44796de5990c8,240,320,image/jpeg,dataset/datasets_clear/khabarovsk_tourism_44/work/khabarovsk_tourism_44/07_Спасо-Преображенский кафедральный собор/photo_07.jpg,dataset/processed/007/original-a6b5f9d7ef6e47610f737a1737e1591d9a12596edb1ada67d0dbbc1543ae6f0a.jpg,a6b5f9d7ef6e47610f737a1737e1591d9a12596edb1ada67d0dbbc1543ae6f0a,false,,,validation,accepted,
7,Спасо-Преображенский кафедральный собор,curated_manual_yandex,https://avatars.mds.yandex.net/i?id=a08bab214318b79c43ec81db45c6cb3415d159f2-12525791-images-thumbs&n=13,https://avatars.mds.yandex.net/i?id=a08bab214318b79c43ec81db45c6cb3415d159f2-12525791-images-thumbs&n=13,,unknown,,pending_purchase,2026-09-11T09:26:27.196738+00:00,08260932ae0ae7272de06b82d1e1823df50ccd98374e4a53703ea1e40c778482,f2ad195a25ee2916,480,320,image/jpeg,dataset/datasets_clear/khabarovsk_tourism_44/work/khabarovsk_tourism_44/07_Спасо-Преображенский кафедральный собор/photo_08.jpg,dataset/processed/007/original-ef0cfd0dc8b4361eb2fffaec6419f349e7f5950d9c0be0250c25f928d9a7d40c.jpg,ef0cfd0dc8b4361eb2fffaec6419f349e7f5950d9c0be0250c25f928d9a7d40c,false,,,index,accepted,
7,Спасо-Преображенский кафедральный собор,curated_manual_yandex,https://avatars.mds.yandex.net/i?id=13df8a9f62f059af2ec9c0f3bb7ebb23a7816df8-4373855-images-thumbs&n=13,https://avatars.mds.yandex.net/i?id=13df8a9f62f059af2ec9c0f3bb7ebb23a7816df8-4373855-images-thumbs&n=13,,unknown,,pending_purchase,2026-09-11T09:26:27.160472+00:00,4dd835c15b124e2bf21f17be69170572e3681510cb7cd1701acda9d2264fcd7d,a51b768d3ac718a5,427,320,image/jpeg,dataset/datasets_clear/khabarovsk_tourism_44/work/khabarovsk_tourism_44/07_Спасо-Преображенский кафедральный собор/photo_01.jpg,dataset/processed/007/aug-74642fdc0277-00.jpg,74642fdc0277700c444e3a85e416d0f8b4df517d2355e927ce31fb5feb84a819,true,fafec5cb4e1ee505e0a76e98b1feaa1d4fe69fc30f9afd254271bc9c30672793,rotate=-4;crop=0.03;brightness=0.96;contrast=1.04;color=0.98,index,accepted,
7,Спасо-Преображенский кафедральный собор,curated_manual_yandex,https://avatars.mds.yandex.net/i?id=cf69ad71637abdd0f447c1afbf7aadd282219af8-4214228-images-thumbs&n=13,https://avatars.mds.yandex.net/i?id=cf69ad71637abdd0f447c1afbf7aadd282219af8-4214228-images-thumbs&n=13,,unknown,,pending_purchase,2026-09-11T09:26:27.173043+00:00,7b1c63accb267960daf67cb6c163963299a167ed4e88844ac2df4a27a2b8f1e8,f6c21854a42b77cb,427,320,image/jpeg,dataset/datasets_clear/khabarovsk_tourism_44/work/khabarovsk_tourism_44/07_Спасо-Преображенский кафедральный собор/photo_03.jpg,dataset/processed/007/aug-7f2350ebd632-01.jpg,7f2350ebd6326e3ca05a7296b2beb9e06ecab0fa9499105c447febdd71fc3590,true,4cd4fee6ee63c0252881e804fcf93f5c4a96499b211756e53ca25780ccb94835,rotate=+4;crop=0.03;brightness=1.04;contrast=0.96;color=1.02,index,accepted,
7,Спасо-Преображенский кафедральный собор,curated_manual_yandex,https://avatars.mds.yandex.net/i?id=fa337f70a6112e42f151227825594a83f86a03b7-5329555-images-thumbs&n=13,https://avatars.mds.yandex.net/i?id=fa337f70a6112e42f151227825594a83f86a03b7-5329555-images-thumbs&n=13,,unknown,,pending_purchase,2026-09-11T09:26:27.178036+00:00,3467a32abdbc2c4b1b5e30822f804b4a36c83de767ecdaab90234ca8d3521a73,f20d1fa4681f4de2,386,320,image/jpeg,dataset/datasets_clear/khabarovsk_tourism_44/work/khabarovsk_tourism_44/07_Спасо-Преображенский кафедральный собор/photo_04.jpg,dataset/processed/007/aug-d8ac32146f03-02.jpg,d8ac32146f038c5c2b99c178706a79ed6a347231c9d192c5d30ec3d897b38e0e,true,69965ff0343c0589e7fbecf500bd54c778b983b20de67f5ad06ec7a8c71db7b3,rotate=-2;crop=0.06;brightness=0.92;contrast=1.02;color=1.04,index,accepted,
7,Спасо-Преображенский кафедральный собор,curated_manual_yandex,https://avatars.mds.yandex.net/i?id=3c1c4c0f012422c610322b1d74917e347dc66e6f-5232186-images-thumbs&n=13,https://avatars.mds.yandex.net/i?id=3c1c4c0f012422c610322b1d74917e347dc66e6f-5232186-images-thumbs&n=13,,unknown,,pending_purchase,2026-09-11T09:26:27.182077+00:00,53b388e312ac7896adde0c87e2fb65b96e2082491a7a4d8263d3898f6d7f46b5,c7d219c80d72b367,223,320,image/jpeg,dataset/datasets_clear/khabarovsk_tourism_44/work/khabarovsk_tourism_44/07_Спасо-Преображенский кафедральный собор/photo_05.jpg,dataset/processed/007/aug-61e15604f2af-03.jpg,61e15604f2af2d39a109be772b7f50089d0e030f31338295c1df3c8d503d7f5b,true,8314f5518a6495b76a02590d7210d7f826734587c15ac2d59fff4fcc3b81294f,rotate=+2;crop=0.06;brightness=1.08;contrast=0.98;color=0.96,index,accepted,
7,Спасо-Преображенский кафедральный собор,curated_manual_yandex,https://avatars.mds.yandex.net/i?id=80ade32a03d707e84eacfc80d7f31196e6988949-5529172-images-thumbs&n=13,https://avatars.mds.yandex.net/i?id=80ade32a03d707e84eacfc80d7f31196e6988949-5529172-images-thumbs&n=13,,unknown,,pending_purchase,2026-09-11T09:26:27.185594+00:00,3c6fa2260d467f13e48f425ff537a9d51dde7b6396c5ae8e02a2868f1d696f8d,b2894936ce4cb675,240,320,image/jpeg,dataset/datasets_clear/khabarovsk_tourism_44/work/khabarovsk_tourism_44/07_Спасо-Преображенский кафедральный собор/photo_06.jpg,dataset/processed/007/aug-1ecb3464ee05-04.jpg,1ecb3464ee05df373e47dbc748e389fdc373eb27ae0fa8bc830c5404333e4384,true,09ba312477c8c9f598e8cbad41b802a67ba46743ed656b19f31e48893576a03d,rotate=+0;crop=0.08;brightness=0.96;contrast=1.08;color=1.00,index,accepted,
7,Спасо-Преображенский кафедральный собор,curated_manual_yandex,https://avatars.mds.yandex.net/i?id=a08bab214318b79c43ec81db45c6cb3415d159f2-12525791-images-thumbs&n=13,https://avatars.mds.yandex.net/i?id=a08bab214318b79c43ec81db45c6cb3415d159f2-12525791-images-thumbs&n=13,,unknown,,pending_purchase,2026-09-11T09:26:27.196738+00:00,da81d22bb2dd9ffa47a1a43f34d3d2481d39a71bed0a513939e2b5a55988fc4b,f2a5195a25ef20d6,480,320,image/jpeg,dataset/datasets_clear/khabarovsk_tourism_44/work/khabarovsk_tourism_44/07_Спасо-Преображенский кафедральный собор/photo_08.jpg,dataset/processed/007/aug-ef0cfd0dc8b4-05.jpg,ef0cfd0dc8b4361eb2fffaec6419f349e7f5950d9c0be0250c25f928d9a7d40c,true,08260932ae0ae7272de06b82d1e1823df50ccd98374e4a53703ea1e40c778482,rotate=+0;crop=0.04;brightness=1.04;contrast=0.92;color=1.05,index,accepted,
8,Градо-Хабаровский собор Успения Божией Матери,curated_manual_yandex,https://avatars.mds.yandex.net/i?id=75dac262f00e34492ba66e843e5d0a879e89a8f9-5439293-images-thumbs&n=13,https://avatars.mds.yandex.net/i?id=75dac262f00e34492ba66e843e5d0a879e89a8f9-5439293-images-thumbs&n=13,,unknown,,pending_purchase,2026-09-11T09:26:27.355419+00:00,c2d40c1b21601d7ad84fd3302740f46e21e8a0d15d22a9ebf6f1560053778829,c4b30cd3fc03f90e,419,320,image/jpeg,dataset/datasets_clear/khabarovsk_tourism_44/work/khabarovsk_tourism_44/08_Градо-Хабаровский собор Успения Божией Матери/photo_01.jpg,dataset/processed/008/original-c0f446327533f5e9b40ea4b693061dcedff0fc897295b51b84fdaf2f60aff068.jpg,c0f446327533f5e9b40ea4b693061dcedff0fc897295b51b84fdaf2f60aff068,false,,,validation,accepted,
8,Градо-Хабаровский собор Успения Божией Матери,curated_manual_yandex,https://avatars.mds.yandex.net/i?id=3821387eed9ac6b24e18434805b19843621cce58-12422342-images-thumbs&n=13,https://avatars.mds.yandex.net/i?id=3821387eed9ac6b24e18434805b19843621cce58-12422342-images-thumbs&n=13,,unknown,,pending_purchase,2026-09-11T09:26:27.359419+00:00,4191ae44a9124c1d04734cd6d8b12a79572e46ab57e06c7dfe6e85896d7ad312,e7e01edaa959e184,240,320,image/jpeg,dataset/datasets_clear/khabarovsk_tourism_44/work/khabarovsk_tourism_44/08_Градо-Хабаровский собор Успения Божией Матери/photo_02.jpg,dataset/processed/008/original-33315eb00230ef8b47b7ae5b8354aa6a057e02c0b1dba68d9afb26d0a23cc1c3.jpg,33315eb00230ef8b47b7ae5b8354aa6a057e02c0b1dba68d9afb26d0a23cc1c3,false,,,index,accepted,
8,Градо-Хабаровский собор Успения Божией Матери,curated_manual_yandex,https://avatars.mds.yandex.net/i?id=e0103e8920c6048320e5c08bc2bc15de4a21cd25-4184248-images-thumbs&n=13,https://avatars.mds.yandex.net/i?id=e0103e8920c6048320e5c08bc2bc15de4a21cd25-4184248-images-thumbs&n=13,,unknown,,pending_purchase,2026-09-11T09:26:27.366602+00:00,42f17514fea01f347b31ca2dde97f79c7f0cd33da0fba4d384815ce90c7ff205,e9f632bd487a051c,427,320,image/jpeg,dataset/datasets_clear/khabarovsk_tourism_44/work/khabarovsk_tourism_44/08_Градо-Хабаровский собор Успения Божией Матери/photo_03.jpg,dataset/processed/008/original-2d0941155253ef30e3892a36efda17012d3866de8348e9143e5266503db3c8ba.jpg,2d0941155253ef30e3892a36efda17012d3866de8348e9143e5266503db3c8ba,false,,,test,accepted,
8,Градо-Хабаровский собор Успения Божией Матери,curated_manual_yandex,https://avatars.mds.yandex.net/i?id=c856bd3ce8c2a1482bf62f0fff6cfd6b-4314299-images-thumbs&n=13,https://avatars.mds.yandex.net/i?id=c856bd3ce8c2a1482bf62f0fff6cfd6b-4314299-images-thumbs&n=13,,unknown,,pending_purchase,2026-09-11T09:26:27.370604+00:00,e5fdbc95f265e362f61bb9d8290ed6b75628e8deb5e248630daa809400ad232c,d2ac4b32e75ca41b,212,320,image/jpeg,dataset/datasets_clear/khabarovsk_tourism_44/work/khabarovsk_tourism_44/08_Градо-Хабаровский собор Успения Божией Матери/photo_04.jpg,dataset/processed/008/original-522b2cb9ab93a4d6a4966423f2d5cec3275346090098444972508e0b18e69ead.jpg,522b2cb9ab93a4d6a4966423f2d5cec3275346090098444972508e0b18e69ead,false,,,index,accepted,
8,Градо-Хабаровский собор Успения Божией Матери,curated_manual_yandex,https://avatars.mds.yandex.net/i?id=fab098c9f02d88fa3a7dbfd23dd368e74694e1c8-5667701-images-thumbs&n=13,https://avatars.mds.yandex.net/i?id=fab098c9f02d88fa3a7dbfd23dd368e74694e1c8-5667701-images-thumbs&n=13,,unknown,,pending_purchase,2026-09-11T09:26:27.374611+00:00,aad2e8b609138a3dd3566ea410043aa667875b6b9ca6d177db481711722ac590,9ea4c19abc9131f6,240,320,image/jpeg,dataset/datasets_clear/khabarovsk_tourism_44/work/khabarovsk_tourism_44/08_Градо-Хабаровский собор Успения Божией Матери/photo_05.jpg,dataset/processed/008/original-203407852bb602ce59078aab3d1e27669369a55473969c5beb244ce4b982b9d9.jpg,203407852bb602ce59078aab3d1e27669369a55473969c5beb244ce4b982b9d9,false,,,index,accepted,
8,Градо-Хабаровский собор Успения Божией Матери,curated_manual_yandex,https://avatars.mds.yandex.net/i?id=c16abfbea43a23033851020c4925f46112603e95-4732791-images-thumbs&n=13,https://avatars.mds.yandex.net/i?id=c16abfbea43a23033851020c4925f46112603e95-4732791-images-thumbs&n=13,,unknown,,pending_purchase,2026-09-11T09:26:27.380610+00:00,1d4a31b4fd8272b7004116d030b457a3231c75eb50c850a0bc3467772c1eb813,bcb1c45eb7216887,480,320,image/jpeg,dataset/datasets_clear/khabarovsk_tourism_44/work/khabarovsk_tourism_44/08_Градо-Хабаровский собор Успения Божией Матери/photo_06.jpg,dataset/processed/008/original-e396e4f37dba4c908d761dca11e9680c6cf9e6a0e540604c94fd39fe3e94e7a0.jpg,e396e4f37dba4c908d761dca11e9680c6cf9e6a0e540604c94fd39fe3e94e7a0,false,,,index,accepted,
8,Градо-Хабаровский собор Успения Божией Матери,curated_manual_yandex,https://avatars.mds.yandex.net/i?id=a0fe8e8ba6d45b3abb101a3170c1b0e9342905b4-9146142-images-thumbs&n=13,https://avatars.mds.yandex.net/i?id=a0fe8e8ba6d45b3abb101a3170c1b0e9342905b4-9146142-images-thumbs&n=13,,unknown,,pending_purchase,2026-09-11T09:26:27.384612+00:00,0f71fb4314976d9499b44eabf2f5ae1b402aa79310d149501fb64b7ef6966e82,8bfd5b82ac50289f,275,320,image/jpeg,dataset/datasets_clear/khabarovsk_tourism_44/work/khabarovsk_tourism_44/08_Градо-Хабаровский собор Успения Божией Матери/photo_07.jpg,dataset/processed/008/original-913193581af1f88822856cf0cca7f04ad5108643a481aa11996aa6dc051ba48e.jpg,913193581af1f88822856cf0cca7f04ad5108643a481aa11996aa6dc051ba48e,false,,,index,accepted,
8,Градо-Хабаровский собор Успения Божией Матери,curated_manual_yandex,https://avatars.mds.yandex.net/i?id=bda92580e40661f3c7b379559e975e3fb284d145-5544445-images-thumbs&n=13,https://avatars.mds.yandex.net/i?id=bda92580e40661f3c7b379559e975e3fb284d145-5544445-images-thumbs&n=13,,unknown,,pending_purchase,2026-09-11T09:26:27.387610+00:00,603f772130bf93c0529335dd33955f4dd73bcb7dc6d06093ae5522c49ac95763,dd28b1d56c32f429,240,320,image/jpeg,dataset/datasets_clear/khabarovsk_tourism_44/work/khabarovsk_tourism_44/08_Градо-Хабаровский собор Успения Божией Матери/photo_08.jpg,dataset/processed/008/original-a548262c9c37af20a1250290a5ce713dfa7edf14a258934999ed84882680d799.jpg,a548262c9c37af20a1250290a5ce713dfa7edf14a258934999ed84882680d799,false,,,index,accepted,
8,Градо-Хабаровский собор Успения Божией Матери,curated_manual_yandex,https://avatars.mds.yandex.net/i?id=3821387eed9ac6b24e18434805b19843621cce58-12422342-images-thumbs&n=13,https://avatars.mds.yandex.net/i?id=3821387eed9ac6b24e18434805b19843621cce58-12422342-images-thumbs&n=13,,unknown,,pending_purchase,2026-09-11T09:26:27.359419+00:00,7fc84adabf6f0d15cab3b186ec8c2838119b654355ea5e83be817c9be89a41cb,a2f51a1af50ba5f0,240,320,image/jpeg,dataset/datasets_clear/khabarovsk_tourism_44/work/khabarovsk_tourism_44/08_Градо-Хабаровский собор Успения Божией Матери/photo_02.jpg,dataset/processed/008/aug-33315eb00230-00.jpg,33315eb00230ef8b47b7ae5b8354aa6a057e02c0b1dba68d9afb26d0a23cc1c3,true,4191ae44a9124c1d04734cd6d8b12a79572e46ab57e06c7dfe6e85896d7ad312,rotate=-4;crop=0.03;brightness=0.96;contrast=1.04;color=0.98,index,accepted,
8,Градо-Хабаровский собор Успения Божией Матери,curated_manual_yandex,https://avatars.mds.yandex.net/i?id=c856bd3ce8c2a1482bf62f0fff6cfd6b-4314299-images-thumbs&n=13,https://avatars.mds.yandex.net/i?id=c856bd3ce8c2a1482bf62f0fff6cfd6b-4314299-images-thumbs&n=13,,unknown,,pending_purchase,2026-09-11T09:26:27.370604+00:00,aa1da68a0c70b92d7e73dd563c7e2705cef45e07db309397ddbc7fd2ba9c9682,d3a05b70a75ae41b,212,320,image/jpeg,dataset/datasets_clear/khabarovsk_tourism_44/work/khabarovsk_tourism_44/08_Градо-Хабаровский собор Успения Божией Матери/photo_04.jpg,dataset/processed/008/aug-522b2cb9ab93-01.jpg,522b2cb9ab93a4d6a4966423f2d5cec3275346090098444972508e0b18e69ead,true,e5fdbc95f265e362f61bb9d8290ed6b75628e8deb5e248630daa809400ad232c,rotate=+4;crop=0.03;brightness=1.04;contrast=0.96;color=1.02,index,accepted,
8,Градо-Хабаровский собор Успения Божией Матери,curated_manual_yandex,https://avatars.mds.yandex.net/i?id=fab098c9f02d88fa3a7dbfd23dd368e74694e1c8-5667701-images-thumbs&n=13,https://avatars.mds.yandex.net/i?id=fab098c9f02d88fa3a7dbfd23dd368e74694e1c8-5667701-images-thumbs&n=13,,unknown,,pending_purchase,2026-09-11T09:26:27.374611+00:00,d00a4eb2fd0ef7f4164dc91633b9f6a672b0e63263473e15bbc3385946b5cd68,9eb5c11abc7121d6,240,320,image/jpeg,dataset/datasets_clear/khabarovsk_tourism_44/work/khabarovsk_tourism_44/08_Градо-Хабаровский собор Успения Божией Матери/photo_05.jpg,dataset/processed/008/aug-203407852bb6-02.jpg,203407852bb602ce59078aab3d1e27669369a55473969c5beb244ce4b982b9d9,true,aad2e8b609138a3dd3566ea410043aa667875b6b9ca6d177db481711722ac590,rotate=-2;crop=0.06;brightness=0.92;contrast=1.02;color=1.04,index,accepted,
8,Градо-Хабаровский собор Успения Божией Матери,curated_manual_yandex,https://avatars.mds.yandex.net/i?id=c16abfbea43a23033851020c4925f46112603e95-4732791-images-thumbs&n=13,https://avatars.mds.yandex.net/i?id=c16abfbea43a23033851020c4925f46112603e95-4732791-images-thumbs&n=13,,unknown,,pending_purchase,2026-09-11T09:26:27.380610+00:00,622a2e406ad69a44cbf429d75de9e8fb55ee4c3f7c0136b5c6432eb6581f5db7,bdb0c05fb7216887,480,320,image/jpeg,dataset/datasets_clear/khabarovsk_tourism_44/work/khabarovsk_tourism_44/08_Градо-Хабаровский собор Успения Божией Матери/photo_06.jpg,dataset/processed/008/aug-e396e4f37dba-03.jpg,e396e4f37dba4c908d761dca11e9680c6cf9e6a0e540604c94fd39fe3e94e7a0,true,1d4a31b4fd8272b7004116d030b457a3231c75eb50c850a0bc3467772c1eb813,rotate=+2;crop=0.06;brightness=1.08;contrast=0.98;color=0.96,index,accepted,
8,Градо-Хабаровский собор Успения Божией Матери,curated_manual_yandex,https://avatars.mds.yandex.net/i?id=a0fe8e8ba6d45b3abb101a3170c1b0e9342905b4-9146142-images-thumbs&n=13,https://avatars.mds.yandex.net/i?id=a0fe8e8ba6d45b3abb101a3170c1b0e9342905b4-9146142-images-thumbs&n=13,,unknown,,pending_purchase,2026-09-11T09:26:27.384612+00:00,9e8c35caf7fd0a9abbba6793b8824c7f158d0ef067adebb7add27dc96e05dc7f,c3bc41a38f50bc8f,275,320,image/jpeg,dataset/datasets_clear/khabarovsk_tourism_44/work/khabarovsk_tourism_44/08_Градо-Хабаровский собор Успения Божией Матери/photo_07.jpg,dataset/processed/008/aug-913193581af1-04.jpg,913193581af1f88822856cf0cca7f04ad5108643a481aa11996aa6dc051ba48e,true,0f71fb4314976d9499b44eabf2f5ae1b402aa79310d149501fb64b7ef6966e82,rotate=+0;crop=0.08;brightness=0.96;contrast=1.08;color=1.00,index,accepted,
8,Градо-Хабаровский собор Успения Божией Матери,curated_manual_yandex,https://avatars.mds.yandex.net/i?id=bda92580e40661f3c7b379559e975e3fb284d145-5544445-images-thumbs&n=13,https://avatars.mds.yandex.net/i?id=bda92580e40661f3c7b379559e975e3fb284d145-5544445-images-thumbs&n=13,,unknown,,pending_purchase,2026-09-11T09:26:27.387610+00:00,76c29e71ce6054e8087738d3ce5a7fb5f657b450aa111da92846d610c43995bd,d52ab1d5ee22b429,240,320,image/jpeg,dataset/datasets_clear/khabarovsk_tourism_44/work/khabarovsk_tourism_44/08_Градо-Хабаровский собор Успения Божией Матери/photo_08.jpg,dataset/processed/008/aug-a548262c9c37-05.jpg,a548262c9c37af20a1250290a5ce713dfa7edf14a258934999ed84882680d799,true,603f772130bf93c0529335dd33955f4dd73bcb7dc6d06093ae5522c49ac95763,rotate=+0;crop=0.04;brightness=1.04;contrast=0.92;color=1.05,index,accepted,
9,Храм Святителя Иннокентия Иркутского,curated_manual_yandex,https://avatars.mds.yandex.net/i?id=75ab39c331c85068952e71adce65f232f8bf000c-5869591-images-thumbs&n=13,https://avatars.mds.yandex.net/i?id=75ab39c331c85068952e71adce65f232f8bf000c-5869591-images-thumbs&n=13,,unknown,,pending_purchase,2026-09-11T09:26:27.511655+00:00,61c55e0a949a9bdcbaa41b8c696f24fe7ca13de53aa9fdb10547c27995896840,bea449be7d408745,480,288,image/jpeg,dataset/datasets_clear/khabarovsk_tourism_44/work/khabarovsk_tourism_44/09_Храм Святителя Иннокентия Иркутского/photo_01.jpg,dataset/processed/009/original-1398ff0bc84fc9a45be7134ba6c2790c86979c98b8be95e72d107e5973510839.jpg,1398ff0bc84fc9a45be7134ba6c2790c86979c98b8be95e72d107e5973510839,false,,,index,accepted,
9,Храм Святителя Иннокентия Иркутского,curated_manual_yandex,https://avatars.mds.yandex.net/i?id=d72a168884c3bed8ab29142cbe11de2b8df9ffdb-5709938-images-thumbs&n=13,https://avatars.mds.yandex.net/i?id=d72a168884c3bed8ab29142cbe11de2b8df9ffdb-5709938-images-thumbs&n=13,,unknown,,pending_purchase,2026-09-11T09:26:27.518300+00:00,52249189006c74f373f0c1678bc36e49648ea8fe881a10f2eb88cf115c57eacd,aaceb5b5582a0e47,240,320,image/jpeg,dataset/datasets_clear/khabarovsk_tourism_44/work/khabarovsk_tourism_44/09_Храм Святителя Иннокентия Иркутского/photo_02.jpg,dataset/processed/009/original-89d6a60a1585c967d3f0281b31240db1a96425bb0127105f0ad9b1f47f647603.jpg,89d6a60a1585c967d3f0281b31240db1a96425bb0127105f0ad9b1f47f647603,false,,,index,accepted,
9,Храм Святителя Иннокентия Иркутского,curated_manual_yandex,https://avatars.mds.yandex.net/i?id=ff81a44e476d0515309008e3b5cf6de89b4bdb0b-12443273-images-thumbs&n=13,https://avatars.mds.yandex.net/i?id=ff81a44e476d0515309008e3b5cf6de89b4bdb0b-12443273-images-thumbs&n=13,,unknown,,pending_purchase,2026-09-11T09:26:27.524298+00:00,5d74a470f23423799016ddf9b18a2c53cf8b9f791310ec4684e38a9da2200fdd,e3aa146aa4fe50ad,239,320,image/jpeg,dataset/datasets_clear/khabarovsk_tourism_44/work/khabarovsk_tourism_44/09_Храм Святителя Иннокентия Иркутского/photo_03.jpg,dataset/processed/009/original-2648836dd0dd77a0b67dd24c25db73d26795e5e0e43b82e2ce74221e32e9d0b2.jpg,2648836dd0dd77a0b67dd24c25db73d26795e5e0e43b82e2ce74221e32e9d0b2,false,,,validation,accepted,
9,Храм Святителя Иннокентия Иркутского,curated_manual_yandex,https://avatars.mds.yandex.net/i?id=92949bcd1a7b92c89b3b2fe49d696344a5c094cb-5879341-images-thumbs&n=13,https://avatars.mds.yandex.net/i?id=92949bcd1a7b92c89b3b2fe49d696344a5c094cb-5879341-images-thumbs&n=13,,unknown,,pending_purchase,2026-09-11T09:26:27.527801+00:00,179a5005a706f14c9bdf6725c3ba1b8578a828ef33332da4ebc5b65e970a8b40,e6d81b61b4cf50b1,180,131,image/jpeg,dataset/datasets_clear/khabarovsk_tourism_44/work/khabarovsk_tourism_44/09_Храм Святителя Иннокентия Иркутского/photo_04.jpg,dataset/processed/009/original-a3a5ba9f17887d6f63f3488c777e407c69ecd7c3be2303f09e2b70ce6045612d.jpg,a3a5ba9f17887d6f63f3488c777e407c69ecd7c3be2303f09e2b70ce6045612d,false,,,index,accepted,
9,Храм Святителя Иннокентия Иркутского,curated_manual_yandex,https://avatars.mds.yandex.net/i?id=03dbae4151b2134fb9b9dcf09d1cb44ff18a679c-5337839-images-thumbs&n=13,https://avatars.mds.yandex.net/i?id=03dbae4151b2134fb9b9dcf09d1cb44ff18a679c-5337839-images-thumbs&n=13,,unknown,,pending_purchase,2026-09-11T09:26:27.535863+00:00,66c8995b4b74f6bede0952192a39323f4e14f2644a1908618d70218b4b0cb60c,a2bf4c23b3689d23,480,268,image/jpeg,dataset/datasets_clear/khabarovsk_tourism_44/work/khabarovsk_tourism_44/09_Храм Святителя Иннокентия Иркутского/photo_05.jpg,dataset/processed/009/original-6536b37dbc9147def0b3c3479ef9e68799a25852dba36a04f656dfcae46f07fc.jpg,6536b37dbc9147def0b3c3479ef9e68799a25852dba36a04f656dfcae46f07fc,false,,,index,accepted,
9,Храм Святителя Иннокентия Иркутского,curated_manual_yandex,https://avatars.mds.yandex.net/i?id=73f930c869084c2fd053fd3209171e251d0f3a55-14660332-images-thumbs&n=13,https://avatars.mds.yandex.net/i?id=73f930c869084c2fd053fd3209171e251d0f3a55-14660332-images-thumbs&n=13,,unknown,,pending_purchase,2026-09-11T09:26:27.544885+00:00,4831c2c1a8ea6bb3b5541109a3e8be17a7bff3cc6bd45bd0db8091c2a64f6474,84f0996fb6e5611a,480,320,image/jpeg,dataset/datasets_clear/khabarovsk_tourism_44/work/khabarovsk_tourism_44/09_Храм Святителя Иннокентия Иркутского/photo_06.jpg,dataset/processed/009/original-3ae71a02d5837d234a7d4792b60541d134f01527d61854b18681898db3c65007.jpg,3ae71a02d5837d234a7d4792b60541d134f01527d61854b18681898db3c65007,false,,,index,accepted,
9,Храм Святителя Иннокентия Иркутского,curated_manual_yandex,https://avatars.mds.yandex.net/i?id=df7db7d7b773ea3ad229ce20f9917721-4706878-images-thumbs&n=13,https://avatars.mds.yandex.net/i?id=df7db7d7b773ea3ad229ce20f9917721-4706878-images-thumbs&n=13,,unknown,,pending_purchase,2026-09-11T09:26:27.551423+00:00,5c512df54af5fb5c93b9926fb015e4880a8d12973da03a86088e876fcfff9eba,aca4931bec4057be,212,320,image/jpeg,dataset/datasets_clear/khabarovsk_tourism_44/work/khabarovsk_tourism_44/09_Храм Святителя Иннокентия Иркутского/photo_07.jpg,dataset/processed/009/original-98aeb36e1be00cc09e629abc0bd1072d1dfaadaa0c2c4f8d362c6498ea1f159a.jpg,98aeb36e1be00cc09e629abc0bd1072d1dfaadaa0c2c4f8d362c6498ea1f159a,false,,,test,accepted,
9,Храм Святителя Иннокентия Иркутского,curated_manual_yandex,https://avatars.mds.yandex.net/i?id=70b0317d6fc950a23816359a108c256563e71eee-4571210-images-thumbs&n=13,https://avatars.mds.yandex.net/i?id=70b0317d6fc950a23816359a108c256563e71eee-4571210-images-thumbs&n=13,,unknown,,pending_purchase,2026-09-11T09:26:27.557422+00:00,d959f22af36d7b04dfb8e1dd390a9f28231390b70829e49af3b4176bf4b32d47,b9d34e2cf412a965,240,320,image/jpeg,dataset/datasets_clear/khabarovsk_tourism_44/work/khabarovsk_tourism_44/09_Храм Святителя Иннокентия Иркутского/photo_08.jpg,dataset/processed/009/original-36a4459e016079a61ce940b28878d79c756f0fde4d06f5664ff3df549b9adbf5.jpg,36a4459e016079a61ce940b28878d79c756f0fde4d06f5664ff3df549b9adbf5,false,,,index,accepted,
9,Храм Святителя Иннокентия Иркутского,curated_manual_yandex,https://avatars.mds.yandex.net/i?id=75ab39c331c85068952e71adce65f232f8bf000c-5869591-images-thumbs&n=13,https://avatars.mds.yandex.net/i?id=75ab39c331c85068952e71adce65f232f8bf000c-5869591-images-thumbs&n=13,,unknown,,pending_purchase,2026-09-11T09:26:27.511655+00:00,6d50e664ca931443c9d9ec5c85d9e2793139d80e4271c0efb9388361c96a8244,bed449977e08c42b,480,288,image/jpeg,dataset/datasets_clear/khabarovsk_tourism_44/work/khabarovsk_tourism_44/09_Храм Святителя Иннокентия Иркутского/photo_01.jpg,dataset/processed/009/aug-1398ff0bc84f-00.jpg,1398ff0bc84fc9a45be7134ba6c2790c86979c98b8be95e72d107e5973510839,true,61c55e0a949a9bdcbaa41b8c696f24fe7ca13de53aa9fdb10547c27995896840,rotate=-4;crop=0.03;brightness=0.96;contrast=1.04;color=0.98,index,accepted,
9,Храм Святителя Иннокентия Иркутского,curated_manual_yandex,https://avatars.mds.yandex.net/i?id=d72a168884c3bed8ab29142cbe11de2b8df9ffdb-5709938-images-thumbs&n=13,https://avatars.mds.yandex.net/i?id=d72a168884c3bed8ab29142cbe11de2b8df9ffdb-5709938-images-thumbs&n=13,,unknown,,pending_purchase,2026-09-11T09:26:27.518300+00:00,22197159598f21423562c835a4e50a5326647c4c5baffa77c84e7d7d1d6bf840,b7cd9534592e0f03,240,320,image/jpeg,dataset/datasets_clear/khabarovsk_tourism_44/work/khabarovsk_tourism_44/09_Храм Святителя Иннокентия Иркутского/photo_02.jpg,dataset/processed/009/aug-89d6a60a1585-01.jpg,89d6a60a1585c967d3f0281b31240db1a96425bb0127105f0ad9b1f47f647603,true,52249189006c74f373f0c1678bc36e49648ea8fe881a10f2eb88cf115c57eacd,rotate=+4;crop=0.03;brightness=1.04;contrast=0.96;color=1.02,index,accepted,
9,Храм Святителя Иннокентия Иркутского,curated_manual_yandex,https://avatars.mds.yandex.net/i?id=92949bcd1a7b92c89b3b2fe49d696344a5c094cb-5879341-images-thumbs&n=13,https://avatars.mds.yandex.net/i?id=92949bcd1a7b92c89b3b2fe49d696344a5c094cb-5879341-images-thumbs&n=13,,unknown,,pending_purchase,2026-09-11T09:26:27.527801+00:00,391140aa01aaf44f69a36a6fa6c82d19607014a272e898b84fa648275e0b68a5,e6d80b64b44f70b9,180,131,image/jpeg,dataset/datasets_clear/khabarovsk_tourism_44/work/khabarovsk_tourism_44/09_Храм Святителя Иннокентия Иркутского/photo_04.jpg,dataset/processed/009/aug-a3a5ba9f1788-02.jpg,a3a5ba9f17887d6f63f3488c777e407c69ecd7c3be2303f09e2b70ce6045612d,true,179a5005a706f14c9bdf6725c3ba1b8578a828ef33332da4ebc5b65e970a8b40,rotate=-2;crop=0.06;brightness=0.92;contrast=1.02;color=1.04,index,accepted,
9,Храм Святителя Иннокентия Иркутского,curated_manual_yandex,https://avatars.mds.yandex.net/i?id=03dbae4151b2134fb9b9dcf09d1cb44ff18a679c-5337839-images-thumbs&n=13,https://avatars.mds.yandex.net/i?id=03dbae4151b2134fb9b9dcf09d1cb44ff18a679c-5337839-images-thumbs&n=13,,unknown,,pending_purchase,2026-09-11T09:26:27.535863+00:00,bbda3327cb54b729c9269c62eff844fdd2e1338a02a7f00fa5229bd56c106342,b19f4c17a34c9762,480,268,image/jpeg,dataset/datasets_clear/khabarovsk_tourism_44/work/khabarovsk_tourism_44/09_Храм Святителя Иннокентия Иркутского/photo_05.jpg,dataset/processed/009/aug-6536b37dbc91-03.jpg,6536b37dbc9147def0b3c3479ef9e68799a25852dba36a04f656dfcae46f07fc,true,66c8995b4b74f6bede0952192a39323f4e14f2644a1908618d70218b4b0cb60c,rotate=+2;crop=0.06;brightness=1.08;contrast=0.98;color=0.96,index,accepted,
9,Храм Святителя Иннокентия Иркутского,curated_manual_yandex,https://avatars.mds.yandex.net/i?id=73f930c869084c2fd053fd3209171e251d0f3a55-14660332-images-thumbs&n=13,https://avatars.mds.yandex.net/i?id=73f930c869084c2fd053fd3209171e251d0f3a55-14660332-images-thumbs&n=13,,unknown,,pending_purchase,2026-09-11T09:26:27.544885+00:00,95c2e99a267694a8a98bac5e524754d7be9579f480578cb118e600ab8b0d7910,85f09a6fb4e1d314,480,320,image/jpeg,dataset/datasets_clear/khabarovsk_tourism_44/work/khabarovsk_tourism_44/09_Храм Святителя Иннокентия Иркутского/photo_06.jpg,dataset/processed/009/aug-3ae71a02d583-04.jpg,3ae71a02d5837d234a7d4792b60541d134f01527d61854b18681898db3c65007,true,4831c2c1a8ea6bb3b5541109a3e8be17a7bff3cc6bd45bd0db8091c2a64f6474,rotate=+0;crop=0.08;brightness=0.96;contrast=1.08;color=1.00,index,accepted,
9,Храм Святителя Иннокентия Иркутского,curated_manual_yandex,https://avatars.mds.yandex.net/i?id=70b0317d6fc950a23816359a108c256563e71eee-4571210-images-thumbs&n=13,https://avatars.mds.yandex.net/i?id=70b0317d6fc950a23816359a108c256563e71eee-4571210-images-thumbs&n=13,,unknown,,pending_purchase,2026-09-11T09:26:27.557422+00:00,c32b44d689411f307d2bc4bb63cfb0e6b71370176681cb37d271fd511848f85f,b8f3c32cf450a935,240,320,image/jpeg,dataset/datasets_clear/khabarovsk_tourism_44/work/khabarovsk_tourism_44/09_Храм Святителя Иннокентия Иркутского/photo_08.jpg,dataset/processed/009/aug-36a4459e0160-05.jpg,36a4459e016079a61ce940b28878d79c756f0fde4d06f5664ff3df549b9adbf5,true,d959f22af36d7b04dfb8e1dd390a9f28231390b70829e49af3b4176bf4b32d47,rotate=+0;crop=0.04;brightness=1.04;contrast=0.92;color=1.05,index,accepted,
10,Памятник Н. Н. Муравьёву-Амурскому,curated_manual_yandex,https://avatars.mds.yandex.net/i?id=fbf7b2748b1ed3041ae1c9d4c9f6b62572f95148-5586433-images-thumbs&n=13,https://avatars.mds.yandex.net/i?id=fbf7b2748b1ed3041ae1c9d4c9f6b62572f95148-5586433-images-thumbs&n=13,,unknown,,pending_purchase,2026-09-11T09:26:27.704061+00:00,2dfc628deb8044a2e41a9fd9de94a8768904b19bc9161c76183f8436d223320f,e3b909c6bc0afc07,252,320,image/jpeg,dataset/datasets_clear/khabarovsk_tourism_44/work/khabarovsk_tourism_44/10_Памятник Н. Н. Муравьёву-Амурскому/photo_01.jpg,dataset/processed/010/original-f1354fa5a5e9844f54a8bad46f2f44bd1d0bfbca1a5b3dead759f64b28be318c.jpg,f1354fa5a5e9844f54a8bad46f2f44bd1d0bfbca1a5b3dead759f64b28be318c,false,,,index,accepted,
10,Памятник Н. Н. Муравьёву-Амурскому,curated_manual_yandex,https://avatars.mds.yandex.net/i?id=9b894d90d9bdc36dcc5d44b0ab384e1f50fdf205-9837140-images-thumbs&n=13,https://avatars.mds.yandex.net/i?id=9b894d90d9bdc36dcc5d44b0ab384e1f50fdf205-9837140-images-thumbs&n=13,,unknown,,pending_purchase,2026-09-11T09:26:27.709056+00:00,c8f3bfd88bcc1d09feae36188db1ad83df2e7d6897db02558e248cadf69872a4,83d8be4c91a6d867,427,320,image/jpeg,dataset/datasets_clear/khabarovsk_tourism_44/work/khabarovsk_tourism_44/10_Памятник Н. Н. Муравьёву-Амурскому/photo_02.jpg,dataset/processed/010/original-95173b7b9ba7082f181c4c382fd57339e5ae69ad8a6dfcf03a2168784382b9aa.jpg,95173b7b9ba7082f181c4c382fd57339e5ae69ad8a6dfcf03a2168784382b9aa,false,,,index,accepted,
10,Памятник Н. Н. Муравьёву-Амурскому,curated_manual_yandex,https://avatars.mds.yandex.net/i?id=a4f93a8a07af7e2e2a7e46d1e08fd99d-4887927-images-thumbs&n=13,https://avatars.mds.yandex.net/i?id=a4f93a8a07af7e2e2a7e46d1e08fd99d-4887927-images-thumbs&n=13,,unknown,,pending_purchase,2026-09-11T09:26:27.714064+00:00,cb36621fd6aa9962486ca24f9687b880d87172a287f788fa7369447354f85a2f,d3e71906cf304c3b,480,270,image/jpeg,dataset/datasets_clear/khabarovsk_tourism_44/work/khabarovsk_tourism_44/10_Памятник Н. Н. Муравьёву-Амурскому/photo_03.jpg,dataset/processed/010/original-ea1bb2d9975236370a02de926fb51879fe13ee4b18b5073929d473dca161270b.jpg,ea1bb2d9975236370a02de926fb51879fe13ee4b18b5073929d473dca161270b,false,,,validation,accepted,
10,Памятник Н. Н. Муравьёву-Амурскому,curated_manual_yandex,https://avatars.mds.yandex.net/i?id=ed59f202c9263890818b2f77ec0605a8d651abcf-5557812-images-thumbs&n=13,https://avatars.mds.yandex.net/i?id=ed59f202c9263890818b2f77ec0605a8d651abcf-5557812-images-thumbs&n=13,,unknown,,pending_purchase,2026-09-11T09:26:27.718067+00:00,aff5d3082fdfa722fdc6b265ad178aaf08964cd9b8257c4d8002fe2ac6f9756c,d36499cc324f999c,240,320,image/jpeg,dataset/datasets_clear/khabarovsk_tourism_44/work/khabarovsk_tourism_44/10_Памятник Н. Н. Муравьёву-Амурскому/photo_04.jpg,dataset/processed/010/original-3e94446150265efb23ddfbb6628173b5723829f6d81366ea3705a109852e3efc.jpg,3e94446150265efb23ddfbb6628173b5723829f6d81366ea3705a109852e3efc,false,,,index,accepted,
10,Памятник Н. Н. Муравьёву-Амурскому,curated_manual_yandex,https://avatars.mds.yandex.net/i?id=5db46031343b686c52e6c129766465719abe799f-5330739-images-thumbs&n=13,https://avatars.mds.yandex.net/i?id=5db46031343b686c52e6c129766465719abe799f-5330739-images-thumbs&n=13,,unknown,,pending_purchase,2026-09-11T09:26:27.721066+00:00,357b7f698bf4f64299ca91d0faa90ee1a89d7a24be58d78f31ec30cb556414b7,eab49449139d9ee1,240,320,image/jpeg,dataset/datasets_clear/khabarovsk_tourism_44/work/khabarovsk_tourism_44/10_Памятник Н. Н. Муравьёву-Амурскому/photo_05.jpg,dataset/processed/010/original-56510011178d260d48dfdfe7f30af1a683416b564771b5eea4c50a40412b5175.jpg,56510011178d260d48dfdfe7f30af1a683416b564771b5eea4c50a40412b5175,false,,,index,accepted,
10,Памятник Н. Н. Муравьёву-Амурскому,curated_manual_yandex,https://avatars.mds.yandex.net/i?id=5ded52fb23a50e507345ae834ef4fbc2712babf9-8341813-images-thumbs&n=13,https://avatars.mds.yandex.net/i?id=5ded52fb23a50e507345ae834ef4fbc2712babf9-8341813-images-thumbs&n=13,,unknown,,pending_purchase,2026-09-11T09:26:27.726571+00:00,24c9b6a59d4da12d3e2e311868f593cc9dda84dceea8bc902230811531ee77d6,c53a3c46e39c650f,480,270,image/jpeg,dataset/datasets_clear/khabarovsk_tourism_44/work/khabarovsk_tourism_44/10_Памятник Н. Н. Муравьёву-Амурскому/photo_06.jpg,dataset/processed/010/original-4c97bba2d228b7fc1fa00e924d8cf65342698291ec5d47ff9633713445641e83.jpg,4c97bba2d228b7fc1fa00e924d8cf65342698291ec5d47ff9633713445641e83,false,,,test,accepted,
10,Памятник Н. Н. Муравьёву-Амурскому,curated_manual_yandex,https://avatars.mds.yandex.net/i?id=5653fbaa3a1dc07049025497d28663f5414d9717-5700464-images-thumbs&n=13,https://avatars.mds.yandex.net/i?id=5653fbaa3a1dc07049025497d28663f5414d9717-5700464-images-thumbs&n=13,,unknown,,pending_purchase,2026-09-11T09:26:27.730579+00:00,eae44ed1f072e0fb2ccd4a1f5dac86d6a08ec3c61982f4a8fcb9ed6ed6fc653e,a61a1a59dcd1993d,480,318,image/jpeg,dataset/datasets_clear/khabarovsk_tourism_44/work/khabarovsk_tourism_44/10_Памятник Н. Н. Муравьёву-Амурскому/photo_07.jpg,dataset/processed/010/original-b3f9fa1faad26ef76df8b21e7ab7bc8075d39f9cd98549ec1f3be7bb2dd7e812.jpg,b3f9fa1faad26ef76df8b21e7ab7bc8075d39f9cd98549ec1f3be7bb2dd7e812,false,,,index,accepted,
10,Памятник Н. Н. Муравьёву-Амурскому,curated_manual_yandex,https://avatars.mds.yandex.net/i?id=05c65966c8766919b8466ff5b7c878125db2ee66-4880380-images-thumbs&n=13,https://avatars.mds.yandex.net/i?id=05c65966c8766919b8466ff5b7c878125db2ee66-4880380-images-thumbs&n=13,,unknown,,pending_purchase,2026-09-11T09:26:27.735635+00:00,db0efeacbf1c127a699d1e96621d96f205307bca4f54383cbdb51284af9a07a1,e36a64e64cd71871,414,320,image/jpeg,dataset/datasets_clear/khabarovsk_tourism_44/work/khabarovsk_tourism_44/10_Памятник Н. Н. Муравьёву-Амурскому/photo_08.jpg,dataset/processed/010/original-9d63f71d1490aee5d32d7cb1cdd0568d7a2c125f182542258138cc0ec5834353.jpg,9d63f71d1490aee5d32d7cb1cdd0568d7a2c125f182542258138cc0ec5834353,false,,,index,accepted,
10,Памятник Н. Н. Муравьёву-Амурскому,curated_manual_yandex,https://avatars.mds.yandex.net/i?id=fbf7b2748b1ed3041ae1c9d4c9f6b62572f95148-5586433-images-thumbs&n=13,https://avatars.mds.yandex.net/i?id=fbf7b2748b1ed3041ae1c9d4c9f6b62572f95148-5586433-images-thumbs&n=13,,unknown,,pending_purchase,2026-09-11T09:26:27.704061+00:00,b204001247778b6f9be2ee45e28b8cfd82c88d2b457aa51caed2f357ac8dc8e5,e29d4987fc0bdc21,252,320,image/jpeg,dataset/datasets_clear/khabarovsk_tourism_44/work/khabarovsk_tourism_44/10_Памятник Н. Н. Муравьёву-Амурскому/photo_01.jpg,dataset/processed/010/aug-f1354fa5a5e9-00.jpg,f1354fa5a5e9844f54a8bad46f2f44bd1d0bfbca1a5b3dead759f64b28be318c,true,2dfc628deb8044a2e41a9fd9de94a8768904b19bc9161c76183f8436d223320f,rotate=-4;crop=0.03;brightness=0.96;contrast=1.04;color=0.98,index,accepted,
10,Памятник Н. Н. Муравьёву-Амурскому,curated_manual_yandex,https://avatars.mds.yandex.net/i?id=9b894d90d9bdc36dcc5d44b0ab384e1f50fdf205-9837140-images-thumbs&n=13,https://avatars.mds.yandex.net/i?id=9b894d90d9bdc36dcc5d44b0ab384e1f50fdf205-9837140-images-thumbs&n=13,,unknown,,pending_purchase,2026-09-11T09:26:27.709056+00:00,86e0d32aa8343fcb03146fed6fc64298eca19ecfe27bb5297b332334b35156f5,e3d0a64fd0a69947,427,320,image/jpeg,dataset/datasets_clear/khabarovsk_tourism_44/work/khabarovsk_tourism_44/10_Памятник Н. Н. Муравьёву-Амурскому/photo_02.jpg,dataset/processed/010/aug-95173b7b9ba7-01.jpg,95173b7b9ba7082f181c4c382fd57339e5ae69ad8a6dfcf03a2168784382b9aa,true,c8f3bfd88bcc1d09feae36188db1ad83df2e7d6897db02558e248cadf69872a4,rotate=+4;crop=0.03;brightness=1.04;contrast=0.96;color=1.02,index,accepted,
10,Памятник Н. Н. Муравьёву-Амурскому,curated_manual_yandex,https://avatars.mds.yandex.net/i?id=ed59f202c9263890818b2f77ec0605a8d651abcf-5557812-images-thumbs&n=13,https://avatars.mds.yandex.net/i?id=ed59f202c9263890818b2f77ec0605a8d651abcf-5557812-images-thumbs&n=13,,unknown,,pending_purchase,2026-09-11T09:26:27.718067+00:00,b8703a025a521079d6641c923df225022d4a58d692231f1f2e3d98572f47fa4e,d32499cc32cf99c9,240,320,image/jpeg,dataset/datasets_clear/khabarovsk_tourism_44/work/khabarovsk_tourism_44/10_Памятник Н. Н. Муравьёву-Амурскому/photo_04.jpg,dataset/processed/010/aug-3e9444615026-02.jpg,3e94446150265efb23ddfbb6628173b5723829f6d81366ea3705a109852e3efc,true,aff5d3082fdfa722fdc6b265ad178aaf08964cd9b8257c4d8002fe2ac6f9756c,rotate=-2;crop=0.06;brightness=0.92;contrast=1.02;color=1.04,index,accepted,
10,Памятник Н. Н. Муравьёву-Амурскому,curated_manual_yandex,https://avatars.mds.yandex.net/i?id=5db46031343b686c52e6c129766465719abe799f-5330739-images-thumbs&n=13,https://avatars.mds.yandex.net/i?id=5db46031343b686c52e6c129766465719abe799f-5330739-images-thumbs&n=13,,unknown,,pending_purchase,2026-09-11T09:26:27.721066+00:00,d81dab89f3313bc0ceaf89b036c30c68894c67eae5b4537440f28a67bd73e807,e6b4944b33989ee1,240,320,image/jpeg,dataset/datasets_clear/khabarovsk_tourism_44/work/khabarovsk_tourism_44/10_Памятник Н. Н. Муравьёву-Амурскому/photo_05.jpg,dataset/processed/010/aug-56510011178d-03.jpg,56510011178d260d48dfdfe7f30af1a683416b564771b5eea4c50a40412b5175,true,357b7f698bf4f64299ca91d0faa90ee1a89d7a24be58d78f31ec30cb556414b7,rotate=+2;crop=0.06;brightness=1.08;contrast=0.98;color=0.96,index,accepted,
10,Памятник Н. Н. Муравьёву-Амурскому,curated_manual_yandex,https://avatars.mds.yandex.net/i?id=5653fbaa3a1dc07049025497d28663f5414d9717-5700464-images-thumbs&n=13,https://avatars.mds.yandex.net/i?id=5653fbaa3a1dc07049025497d28663f5414d9717-5700464-images-thumbs&n=13,,unknown,,pending_purchase,2026-09-11T09:26:27.730579+00:00,9884057cbcf8fa7f1fdb102ca7d97c76cf15a93e0406862640203d795463875f,a6161a199dd9999d,480,318,image/jpeg,dataset/datasets_clear/khabarovsk_tourism_44/work/khabarovsk_tourism_44/10_Памятник Н. Н. Муравьёву-Амурскому/photo_07.jpg,dataset/processed/010/aug-b3f9fa1faad2-04.jpg,b3f9fa1faad26ef76df8b21e7ab7bc8075d39f9cd98549ec1f3be7bb2dd7e812,true,eae44ed1f072e0fb2ccd4a1f5dac86d6a08ec3c61982f4a8fcb9ed6ed6fc653e,rotate=+0;crop=0.08;brightness=0.96;contrast=1.08;color=1.00,index,accepted,
10,Памятник Н. Н. Муравьёву-Амурскому,curated_manual_yandex,https://avatars.mds.yandex.net/i?id=05c65966c8766919b8466ff5b7c878125db2ee66-4880380-images-thumbs&n=13,https://avatars.mds.yandex.net/i?id=05c65966c8766919b8466ff5b7c878125db2ee66-4880380-images-thumbs&n=13,,unknown,,pending_purchase,2026-09-11T09:26:27.735635+00:00,e3b21eab6a0b8a184c53ed31fa058379582e9e6c96744fb0c38714996f3211be,e36a64e454cf1a71,414,320,image/jpeg,dataset/datasets_clear/khabarovsk_tourism_44/work/khabarovsk_tourism_44/10_Памятник Н. Н. Муравьёву-Амурскому/photo_08.jpg,dataset/processed/010/aug-9d63f71d1490-05.jpg,9d63f71d1490aee5d32d7cb1cdd0568d7a2c125f182542258138cc0ec5834353,true,db0efeacbf1c127a699d1e96621d96f205307bca4f54383cbdb51284af9a07a1,rotate=+0;crop=0.04;brightness=1.04;contrast=0.92;color=1.05,index,accepted,
11,Памятник Ерофею Хабарову,curated_manual_yandex,https://avatars.mds.yandex.net/i?id=8a1c74c7ac9cbbe735e2652cf6b4557a72e33aeb-4119391-images-thumbs&n=13,https://avatars.mds.yandex.net/i?id=8a1c74c7ac9cbbe735e2652cf6b4557a72e33aeb-4119391-images-thumbs&n=13,,unknown,,pending_purchase,2026-09-11T09:26:27.865697+00:00,dc5c9ed756ec8836c5798425a3d1831a3f971827cfe5df7c86ff43e798db81de,86b34dacc939e21d,427,320,image/jpeg,dataset/datasets_clear/khabarovsk_tourism_44/work/khabarovsk_tourism_44/11_Памятник Ерофею Хабарову/photo_01.jpg,dataset/processed/011/original-7db8f339d4c333e730f9a5964bd11ba0323734cef7a601aa8da66ce0a0234012.jpg,7db8f339d4c333e730f9a5964bd11ba0323734cef7a601aa8da66ce0a0234012,false,,,index,accepted,
11,Памятник Ерофею Хабарову,curated_manual_yandex,https://avatars.mds.yandex.net/i?id=7c86cba5f376c6ad8d5ae3f372c59e17dffb9bea-5233487-images-thumbs&n=13,https://avatars.mds.yandex.net/i?id=7c86cba5f376c6ad8d5ae3f372c59e17dffb9bea-5233487-images-thumbs&n=13,,unknown,,pending_purchase,2026-09-11T09:26:27.869847+00:00,8ae6570e3c4536dd05970c4f576f6153792171e144d04e85fb2790b76644c370,a2933bd10fccc9c6,320,320,image/jpeg,dataset/datasets_clear/khabarovsk_tourism_44/work/khabarovsk_tourism_44/11_Памятник Ерофею Хабарову/photo_02.jpg,dataset/processed/011/original-02bf9c4757b109215807d3c19362d4a51780f56c74c38e3c2a8d703efc4c24be.jpg,02bf9c4757b109215807d3c19362d4a51780f56c74c38e3c2a8d703efc4c24be,false,,,index,accepted,
11,Памятник Ерофею Хабарову,curated_manual_yandex,https://avatars.mds.yandex.net/i?id=4441f144f8c51f69fb95b656e79ba5bd3e9b2e50-5874640-images-thumbs&n=13,https://avatars.mds.yandex.net/i?id=4441f144f8c51f69fb95b656e79ba5bd3e9b2e50-5874640-images-thumbs&n=13,,unknown,,pending_purchase,2026-09-11T09:26:27.874845+00:00,5902c5c6aa1ebbbbc3a42edc07dc6b6cb9817220c9ddc6aa27b55ed9d1523eee,8bf3dc0cb3c1b44c,427,320,image/jpeg,dataset/datasets_clear/khabarovsk_tourism_44/work/khabarovsk_tourism_44/11_Памятник Ерофею Хабарову/photo_03.jpg,dataset/processed/011/original-08051a5e65fe0a3812cc848924bdea6aa4a064a0605b88c61403b7094fed39bb.jpg,08051a5e65fe0a3812cc848924bdea6aa4a064a0605b88c61403b7094fed39bb,false,,,index,accepted,
11,Памятник Ерофею Хабарову,curated_manual_yandex,https://avatars.mds.yandex.net/i?id=d1dcf68e48e108efb05183581c91f15b2911645c-9685031-images-thumbs&n=13,https://avatars.mds.yandex.net/i?id=d1dcf68e48e108efb05183581c91f15b2911645c-9685031-images-thumbs&n=13,,unknown,,pending_purchase,2026-09-11T09:26:27.880195+00:00,ebf89a91cc442bdd06dfc0518340b6a936b579350044505d61076b9639af0282,b4d3c31ed83cc964,231,320,image/jpeg,dataset/datasets_clear/khabarovsk_tourism_44/work/khabarovsk_tourism_44/11_Памятник Ерофею Хабарову/photo_04.jpg,dataset/processed/011/original-0a7db3e5fd6b3a8d255451dfe02b0c2e6d461a99acc35cc187b043b11403c256.jpg,0a7db3e5fd6b3a8d255451dfe02b0c2e6d461a99acc35cc187b043b11403c256,false,,,index,accepted,
11,Памятник Ерофею Хабарову,curated_manual_yandex,https://avatars.mds.yandex.net/i?id=12a2c3115b2e9a78833db84f21d3df89c45e8905-5658205-images-thumbs&n=13,https://avatars.mds.yandex.net/i?id=12a2c3115b2e9a78833db84f21d3df89c45e8905-5658205-images-thumbs&n=13,,unknown,,pending_purchase,2026-09-11T09:26:27.884711+00:00,cc415949ed9935d0f0ad330cd73be332b62eef9ed0dbe82fc9899c842c867a26,cc330d08f71df12e,427,320,image/jpeg,dataset/datasets_clear/khabarovsk_tourism_44/work/khabarovsk_tourism_44/11_Памятник Ерофею Хабарову/photo_05.jpg,dataset/processed/011/original-4cc6d98b5b0f12f8670f972ecf4616a5eff4458a421f9e4e35e9089f95999ad4.jpg,4cc6d98b5b0f12f8670f972ecf4616a5eff4458a421f9e4e35e9089f95999ad4,false,,,validation,accepted,
11,Памятник Ерофею Хабарову,curated_manual_yandex,https://avatars.mds.yandex.net/i?id=d3dc45fea569b10180d4c258bc62315a27375b91-5681776-images-thumbs&n=13,https://avatars.mds.yandex.net/i?id=d3dc45fea569b10180d4c258bc62315a27375b91-5681776-images-thumbs&n=13,,unknown,,pending_purchase,2026-09-11T09:26:27.889218+00:00,f9fd08666c0973cec1f82a96f126c23ee3804263e23d8fdf86b0298b2b56e39c,ec929b66926d489d,427,320,image/jpeg,dataset/datasets_clear/khabarovsk_tourism_44/work/khabarovsk_tourism_44/11_Памятник Ерофею Хабарову/photo_06.jpg,dataset/processed/011/original-be8bfcf09eb542784de16c3a6a1cc5671342a3592abf10fa391280173dd39b7f.jpg,be8bfcf09eb542784de16c3a6a1cc5671342a3592abf10fa391280173dd39b7f,false,,,test,accepted,
11,Памятник Ерофею Хабарову,curated_manual_yandex,https://avatars.mds.yandex.net/i?id=0b3552ca52655ab01fc31a210d7390f282ecde6c-5470232-images-thumbs&n=13,https://avatars.mds.yandex.net/i?id=0b3552ca52655ab01fc31a210d7390f282ecde6c-5470232-images-thumbs&n=13,,unknown,,pending_purchase,2026-09-11T09:26:27.894331+00:00,eae7be5a5b293681db56ebf5f2fc9aae60497e32e40375e5692d40ba8bf60781,e3fb5c80cc5c8b58,460,320,image/jpeg,dataset/datasets_clear/khabarovsk_tourism_44/work/khabarovsk_tourism_44/11_Памятник Ерофею Хабарову/photo_07.jpg,dataset/processed/011/original-ebe83ae6aeec764687d623df01593e74d719cfb51f87628c7569efc0a8ee0f7e.jpg,ebe83ae6aeec764687d623df01593e74d719cfb51f87628c7569efc0a8ee0f7e,false,,,index,accepted,
11,Памятник Ерофею Хабарову,curated_manual_yandex,https://avatars.mds.yandex.net/i?id=0eab401fb9df949e1197af68e251b28726c573bf-16483771-images-thumbs&n=13,https://avatars.mds.yandex.net/i?id=0eab401fb9df949e1197af68e251b28726c573bf-16483771-images-thumbs&n=13,,unknown,,pending_purchase,2026-09-11T09:26:27.898855+00:00,25edb83dff9d5a9de3bcc3de400f5746bcab4bc05f4d0688cd65b3666ce1663e,e3cc0cb3fb4ca05c,250,320,image/jpeg,dataset/datasets_clear/khabarovsk_tourism_44/work/khabarovsk_tourism_44/11_Памятник Ерофею Хабарову/photo_08.jpg,dataset/processed/011/original-16a629e82bcf3719e47efe58e6a54991ecec62bb847baa53703ef74756016114.jpg,16a629e82bcf3719e47efe58e6a54991ecec62bb847baa53703ef74756016114,false,,,index,accepted,
11,Памятник Ерофею Хабарову,curated_manual_yandex,https://avatars.mds.yandex.net/i?id=8a1c74c7ac9cbbe735e2652cf6b4557a72e33aeb-4119391-images-thumbs&n=13,https://avatars.mds.yandex.net/i?id=8a1c74c7ac9cbbe735e2652cf6b4557a72e33aeb-4119391-images-thumbs&n=13,,unknown,,pending_purchase,2026-09-11T09:26:27.865697+00:00,1c2319d9d24954ae780eeb89e0c7a870822bcad803c43d9039457948088bdb93,a2b5499cd80ff28d,427,320,image/jpeg,dataset/datasets_clear/khabarovsk_tourism_44/work/khabarovsk_tourism_44/11_Памятник Ерофею Хабарову/photo_01.jpg,dataset/processed/011/aug-7db8f339d4c3-00.jpg,7db8f339d4c333e730f9a5964bd11ba0323734cef7a601aa8da66ce0a0234012,true,dc5c9ed756ec8836c5798425a3d1831a3f971827cfe5df7c86ff43e798db81de,rotate=-4;crop=0.03;brightness=0.96;contrast=1.04;color=0.98,index,accepted,
11,Памятник Ерофею Хабарову,curated_manual_yandex,https://avatars.mds.yandex.net/i?id=7c86cba5f376c6ad8d5ae3f372c59e17dffb9bea-5233487-images-thumbs&n=13,https://avatars.mds.yandex.net/i?id=7c86cba5f376c6ad8d5ae3f372c59e17dffb9bea-5233487-images-thumbs&n=13,,unknown,,pending_purchase,2026-09-11T09:26:27.869847+00:00,3d5a1c809828901c73300944a35d884ea943473305d58742f36438cd07d10751,a0935ac9cccccdce,320,320,image/jpeg,dataset/datasets_clear/khabarovsk_tourism_44/work/khabarovsk_tourism_44/11_Памятник Ерофею Хабарову/photo_02.jpg,dataset/processed/011/aug-02bf9c4757b1-01.jpg,02bf9c4757b109215807d3c19362d4a51780f56c74c38e3c2a8d703efc4c24be,true,8ae6570e3c4536dd05970c4f576f6153792171e144d04e85fb2790b76644c370,rotate=+4;crop=0.03;brightness=1.04;contrast=0.96;color=1.02,index,accepted,
11,Памятник Ерофею Хабарову,curated_manual_yandex,https://avatars.mds.yandex.net/i?id=4441f144f8c51f69fb95b656e79ba5bd3e9b2e50-5874640-images-thumbs&n=13,https://avatars.mds.yandex.net/i?id=4441f144f8c51f69fb95b656e79ba5bd3e9b2e50-5874640-images-thumbs&n=13,,unknown,,pending_purchase,2026-09-11T09:26:27.874845+00:00,a63267dbcab64e540941428912ba03a81d8b71cbec51e021e90bcc811e431631,8bf15c2eb3817e0c,427,320,image/jpeg,dataset/datasets_clear/khabarovsk_tourism_44/work/khabarovsk_tourism_44/11_Памятник Ерофею Хабарову/photo_03.jpg,dataset/processed/011/aug-08051a5e65fe-02.jpg,08051a5e65fe0a3812cc848924bdea6aa4a064a0605b88c61403b7094fed39bb,true,5902c5c6aa1ebbbbc3a42edc07dc6b6cb9817220c9ddc6aa27b55ed9d1523eee,rotate=-2;crop=0.06;brightness=0.92;contrast=1.02;color=1.04,index,accepted,
11,Памятник Ерофею Хабарову,curated_manual_yandex,https://avatars.mds.yandex.net/i?id=d1dcf68e48e108efb05183581c91f15b2911645c-9685031-images-thumbs&n=13,https://avatars.mds.yandex.net/i?id=d1dcf68e48e108efb05183581c91f15b2911645c-9685031-images-thumbs&n=13,,unknown,,pending_purchase,2026-09-11T09:26:27.880195+00:00,f3c43a9996a99e4ab70307d66a72ab133b92e7b6e9bd820b5f9f8c8ce3923740,e196c33c923cd969,231,320,image/jpeg,dataset/datasets_clear/khabarovsk_tourism_44/work/khabarovsk_tourism_44/11_Памятник Ерофею Хабарову/photo_04.jpg,dataset/processed/011/aug-0a7db3e5fd6b-03.jpg,0a7db3e5fd6b3a8d255451dfe02b0c2e6d461a99acc35cc187b043b11403c256,true,ebf89a91cc442bdd06dfc0518340b6a936b579350044505d61076b9639af0282,rotate=+2;crop=0.06;brightness=1.08;contrast=0.98;color=0.96,index,accepted,
11,Памятник Ерофею Хабарову,curated_manual_yandex,https://avatars.mds.yandex.net/i?id=0b3552ca52655ab01fc31a210d7390f282ecde6c-5470232-images-thumbs&n=13,https://avatars.mds.yandex.net/i?id=0b3552ca52655ab01fc31a210d7390f282ecde6c-5470232-images-thumbs&n=13,,unknown,,pending_purchase,2026-09-11T09:26:27.894331+00:00,afb719875cc1fb1de5b009c14abaf2499a693167fd562dc0e7da419998efe98a,e6fb1d80dc079931,460,320,image/jpeg,dataset/datasets_clear/khabarovsk_tourism_44/work/khabarovsk_tourism_44/11_Памятник Ерофею Хабарову/photo_07.jpg,dataset/processed/011/aug-ebe83ae6aeec-04.jpg,ebe83ae6aeec764687d623df01593e74d719cfb51f87628c7569efc0a8ee0f7e,true,eae7be5a5b293681db56ebf5f2fc9aae60497e32e40375e5692d40ba8bf60781,rotate=+0;crop=0.08;brightness=0.96;contrast=1.08;color=1.00,index,accepted,
11,Памятник Ерофею Хабарову,curated_manual_yandex,https://avatars.mds.yandex.net/i?id=0eab401fb9df949e1197af68e251b28726c573bf-16483771-images-thumbs&n=13,https://avatars.mds.yandex.net/i?id=0eab401fb9df949e1197af68e251b28726c573bf-16483771-images-thumbs&n=13,,unknown,,pending_purchase,2026-09-11T09:26:27.898855+00:00,3821970974015d30749d947b7d547d15c34ac8e0b4617ece0312dae92b78c5a5,f3cc0cb3fb4ca01c,250,320,image/jpeg,dataset/datasets_clear/khabarovsk_tourism_44/work/khabarovsk_tourism_44/11_Памятник Ерофею Хабарову/photo_08.jpg,dataset/processed/011/aug-16a629e82bcf-05.jpg,16a629e82bcf3719e47efe58e6a54991ecec62bb847baa53703ef74756016114,true,25edb83dff9d5a9de3bcc3de400f5746bcab4bc05f4d0688cd65b3666ce1663e,rotate=+0;crop=0.04;brightness=1.04;contrast=0.92;color=1.05,index,accepted,
12,Площадь Славы и Вечный огонь,curated_manual_yandex,https://avatars.mds.yandex.net/i?id=bbd74f960ab155cabf3389aa63a09789c35984ea-5222125-images-thumbs&n=13,https://avatars.mds.yandex.net/i?id=bbd74f960ab155cabf3389aa63a09789c35984ea-5222125-images-thumbs&n=13,,unknown,,pending_purchase,2026-09-11T09:26:28.037301+00:00,1caf53678f0147167e1009717afe6a5d98d0c298bfa7f6a00d725314af215100,85bcb703f266ac0d,480,230,image/jpeg,dataset/datasets_clear/khabarovsk_tourism_44/work/khabarovsk_tourism_44/12_Площадь Славы и Вечный огонь/photo_01.jpg,dataset/processed/012/original-cbe32baedea44148e7c624509478531c42f05c9ab09e35bfc9523e79178d8b21.jpg,cbe32baedea44148e7c624509478531c42f05c9ab09e35bfc9523e79178d8b21,false,,,test,accepted,
12,Площадь Славы и Вечный огонь,curated_manual_yandex,https://avatars.mds.yandex.net/i?id=11a66c2b35bd3fde0c6fa65769020f9eeed19dba03176472-10898088-images-thumbs&n=13,https://avatars.mds.yandex.net/i?id=11a66c2b35bd3fde0c6fa65769020f9eeed19dba03176472-10898088-images-thumbs&n=13,,unknown,,pending_purchase,2026-09-11T09:26:28.042300+00:00,f4a71fd4224ee099a96dccc823cbff066acece86709ac96e672c82c42719a577,d4f5f159890b06ce,466,320,image/jpeg,dataset/datasets_clear/khabarovsk_tourism_44/work/khabarovsk_tourism_44/12_Площадь Славы и Вечный огонь/photo_02.jpg,dataset/processed/012/original-8afd7ea87a9e68c2925d67f928dc8e4034b85110d0f712911660b55ba74a4278.jpg,8afd7ea87a9e68c2925d67f928dc8e4034b85110d0f712911660b55ba74a4278,false,,,validation,accepted,
12,Площадь Славы и Вечный огонь,curated_manual_yandex,https://avatars.mds.yandex.net/i?id=edb80d9e03742866dcf5b242c05e78f2220d65e6-13315315-images-thumbs&n=13,https://avatars.mds.yandex.net/i?id=edb80d9e03742866dcf5b242c05e78f2220d65e6-13315315-images-thumbs&n=13,,unknown,,pending_purchase,2026-09-11T09:26:28.049315+00:00,2795f214d382e861ac766cae562a5eda3185d4f6d0f7bd75bea7eb4386f980ab,90ec7bd3e3928d28,480,311,image/jpeg,dataset/datasets_clear/khabarovsk_tourism_44/work/khabarovsk_tourism_44/12_Площадь Славы и Вечный огонь/photo_03.jpg,dataset/processed/012/original-260ed720128662925da08ecc959cc978ef56106d33da7c71e2c57852451f2e61.jpg,260ed720128662925da08ecc959cc978ef56106d33da7c71e2c57852451f2e61,false,,,index,accepted,
12,Площадь Славы и Вечный огонь,curated_manual_yandex,https://avatars.mds.yandex.net/i?id=6bbcf031395cf8f46e2f8603084a541b3a4077dd-5156037-images-thumbs&n=13,https://avatars.mds.yandex.net/i?id=6bbcf031395cf8f46e2f8603084a541b3a4077dd-5156037-images-thumbs&n=13,,unknown,,pending_purchase,2026-09-11T09:26:28.055314+00:00,33be17c4127822598b525956a9577afd2d900f71752fdde372a4d28b23908cb4,c705b57607d5298e,480,319,image/jpeg,dataset/datasets_clear/khabarovsk_tourism_44/work/khabarovsk_tourism_44/12_Площадь Славы и Вечный огонь/photo_05.jpg,dataset/processed/012/original-3c2c3629b0506fed7c0418f14c4acf09c161216984e538f4254488674d64319b.jpg,3c2c3629b0506fed7c0418f14c4acf09c161216984e538f4254488674d64319b,false,,,index,accepted,
12,Площадь Славы и Вечный огонь,curated_manual_yandex,https://avatars.mds.yandex.net/i?id=f008bf31710852a9ae155a56d08650fb9ac739d2-11378374-images-thumbs&n=13,https://avatars.mds.yandex.net/i?id=f008bf31710852a9ae155a56d08650fb9ac739d2-11378374-images-thumbs&n=13,,unknown,,pending_purchase,2026-09-11T09:26:28.060832+00:00,56d500ecb5837a7ca7278dd3e0664add6633e89b383d031f0c2ff313ebac6ca4,aab0c5c2d5c9cbc9,480,320,image/jpeg,dataset/datasets_clear/khabarovsk_tourism_44/work/khabarovsk_tourism_44/12_Площадь Славы и Вечный огонь/photo_06.jpg,dataset/processed/012/original-be95e084af020298f76e76ccd23798d4717c5da727894aa76a551e84538af320.jpg,be95e084af020298f76e76ccd23798d4717c5da727894aa76a551e84538af320,false,,,index,accepted,
12,Площадь Славы и Вечный огонь,curated_manual_yandex,https://avatars.mds.yandex.net/i?id=eeca1fe43cc54a7284df26fa8414331c29d20db0-8307637-images-thumbs&n=13,https://avatars.mds.yandex.net/i?id=eeca1fe43cc54a7284df26fa8414331c29d20db0-8307637-images-thumbs&n=13,,unknown,,pending_purchase,2026-09-11T09:26:28.066160+00:00,3c8ca4e4d5fb2387b2e7a2cbf31cef90edb73956bf79a45a8d0bb2f9a7b902d5,b8eec711e38853b2,427,320,image/jpeg,dataset/datasets_clear/khabarovsk_tourism_44/work/khabarovsk_tourism_44/12_Площадь Славы и Вечный огонь/photo_07.jpg,dataset/processed/012/original-5039689987800371a44a93402bde6171ee34cc184673d3f13c50b28a039f58c1.jpg,5039689987800371a44a93402bde6171ee34cc184673d3f13c50b28a039f58c1,false,,,index,accepted,
12,Площадь Славы и Вечный огонь,curated_manual_yandex,https://avatars.mds.yandex.net/i?id=2eceb4dcc16b7ef726ad105eaea58090531ae30c-5313598-images-thumbs&n=13,https://avatars.mds.yandex.net/i?id=2eceb4dcc16b7ef726ad105eaea58090531ae30c-5313598-images-thumbs&n=13,,unknown,,pending_purchase,2026-09-11T09:26:28.071447+00:00,2b2cf2f967a96cf54bdac5448f896649f84f90b8958d714cf317a667654f3d96,c0eeaf4951b564e4,427,320,image/jpeg,dataset/datasets_clear/khabarovsk_tourism_44/work/khabarovsk_tourism_44/12_Площадь Славы и Вечный огонь/photo_08.jpg,dataset/processed/012/original-84964b6a9c05a0944db0b1e4f8389879cad8d74b6af6fca608a6b0a79354bbf1.jpg,84964b6a9c05a0944db0b1e4f8389879cad8d74b6af6fca608a6b0a79354bbf1,false,,,index,accepted,
12,Площадь Славы и Вечный огонь,curated_manual_yandex,https://avatars.mds.yandex.net/i?id=edb80d9e03742866dcf5b242c05e78f2220d65e6-13315315-images-thumbs&n=13,https://avatars.mds.yandex.net/i?id=edb80d9e03742866dcf5b242c05e78f2220d65e6-13315315-images-thumbs&n=13,,unknown,,pending_purchase,2026-09-11T09:26:28.049315+00:00,fd2bda8cdd99d10aac996cf5b019d3fbcfddf4846536c5fb81233e0a6296e7d4,906c7b93e294cd1b,480,311,image/jpeg,dataset/datasets_clear/khabarovsk_tourism_44/work/khabarovsk_tourism_44/12_Площадь Славы и Вечный огонь/photo_03.jpg,dataset/processed/012/aug-260ed7201286-00.jpg,260ed720128662925da08ecc959cc978ef56106d33da7c71e2c57852451f2e61,true,2795f214d382e861ac766cae562a5eda3185d4f6d0f7bd75bea7eb4386f980ab,rotate=-4;crop=0.03;brightness=0.96;contrast=1.04;color=0.98,index,accepted,
12,Площадь Славы и Вечный огонь,curated_manual_yandex,https://avatars.mds.yandex.net/i?id=6bbcf031395cf8f46e2f8603084a541b3a4077dd-5156037-images-thumbs&n=13,https://avatars.mds.yandex.net/i?id=6bbcf031395cf8f46e2f8603084a541b3a4077dd-5156037-images-thumbs&n=13,,unknown,,pending_purchase,2026-09-11T09:26:28.055314+00:00,66e2f198184b0867e858d0a6b04a34ed71c6f59e3a676d3be688540fce4df8af,c603f0366bd43dcc,480,319,image/jpeg,dataset/datasets_clear/khabarovsk_tourism_44/work/khabarovsk_tourism_44/12_Площадь Славы и Вечный огонь/photo_05.jpg,dataset/processed/012/aug-3c2c3629b050-01.jpg,3c2c3629b0506fed7c0418f14c4acf09c161216984e538f4254488674d64319b,true,33be17c4127822598b525956a9577afd2d900f71752fdde372a4d28b23908cb4,rotate=+4;crop=0.03;brightness=1.04;contrast=0.96;color=1.02,index,accepted,
12,Площадь Славы и Вечный огонь,curated_manual_yandex,https://avatars.mds.yandex.net/i?id=f008bf31710852a9ae155a56d08650fb9ac739d2-11378374-images-thumbs&n=13,https://avatars.mds.yandex.net/i?id=f008bf31710852a9ae155a56d08650fb9ac739d2-11378374-images-thumbs&n=13,,unknown,,pending_purchase,2026-09-11T09:26:28.060832+00:00,11f264dcb4aa7e55fec5ae752405b87b50a33c501dec15514fb995c6b009e9d6,aab684d2d54bc3c9,480,320,image/jpeg,dataset/datasets_clear/khabarovsk_tourism_44/work/khabarovsk_tourism_44/12_Площадь Славы и Вечный огонь/photo_06.jpg,dataset/processed/012/aug-be95e084af02-02.jpg,be95e084af020298f76e76ccd23798d4717c5da727894aa76a551e84538af320,true,56d500ecb5837a7ca7278dd3e0664add6633e89b383d031f0c2ff313ebac6ca4,rotate=-2;crop=0.06;brightness=0.92;contrast=1.02;color=1.04,index,accepted,
12,Площадь Славы и Вечный огонь,curated_manual_yandex,https://avatars.mds.yandex.net/i?id=eeca1fe43cc54a7284df26fa8414331c29d20db0-8307637-images-thumbs&n=13,https://avatars.mds.yandex.net/i?id=eeca1fe43cc54a7284df26fa8414331c29d20db0-8307637-images-thumbs&n=13,,unknown,,pending_purchase,2026-09-11T09:26:28.066160+00:00,60e796cea3f0f14d962c49beee2b0fdc8a881e914f2174341007d1d682226d6e,bdefc110f08853b3,427,320,image/jpeg,dataset/datasets_clear/khabarovsk_tourism_44/work/khabarovsk_tourism_44/12_Площадь Славы и Вечный огонь/photo_07.jpg,dataset/processed/012/aug-503968998780-03.jpg,5039689987800371a44a93402bde6171ee34cc184673d3f13c50b28a039f58c1,true,3c8ca4e4d5fb2387b2e7a2cbf31cef90edb73956bf79a45a8d0bb2f9a7b902d5,rotate=+2;crop=0.06;brightness=1.08;contrast=0.98;color=0.96,index,accepted,
12,Площадь Славы и Вечный огонь,curated_manual_yandex,https://avatars.mds.yandex.net/i?id=2eceb4dcc16b7ef726ad105eaea58090531ae30c-5313598-images-thumbs&n=13,https://avatars.mds.yandex.net/i?id=2eceb4dcc16b7ef726ad105eaea58090531ae30c-5313598-images-thumbs&n=13,,unknown,,pending_purchase,2026-09-11T09:26:28.071447+00:00,4e85def050e243e27d64a62bdbbe63b506c15f1ee29b8c72c2a04f4f79ffe44b,c0debe4353b170e8,427,320,image/jpeg,dataset/datasets_clear/khabarovsk_tourism_44/work/khabarovsk_tourism_44/12_Площадь Славы и Вечный огонь/photo_08.jpg,dataset/processed/012/aug-84964b6a9c05-04.jpg,84964b6a9c05a0944db0b1e4f8389879cad8d74b6af6fca608a6b0a79354bbf1,true,2b2cf2f967a96cf54bdac5448f896649f84f90b8958d714cf317a667654f3d96,rotate=+0;crop=0.08;brightness=0.96;contrast=1.08;color=1.00,index,accepted,
12,Площадь Славы и Вечный огонь,curated_manual_yandex,https://avatars.mds.yandex.net/i?id=edb80d9e03742866dcf5b242c05e78f2220d65e6-13315315-images-thumbs&n=13,https://avatars.mds.yandex.net/i?id=edb80d9e03742866dcf5b242c05e78f2220d65e6-13315315-images-thumbs&n=13,,unknown,,pending_purchase,2026-09-11T09:26:28.049315+00:00,71a30d6d3cb28939bc011f5714f0b074e06cec03ca716f68b035a64fa5e63129,94ec5bd1e3d68588,480,311,image/jpeg,dataset/datasets_clear/khabarovsk_tourism_44/work/khabarovsk_tourism_44/12_Площадь Славы и Вечный огонь/photo_03.jpg,dataset/processed/012/aug-260ed7201286-05.jpg,260ed720128662925da08ecc959cc978ef56106d33da7c71e2c57852451f2e61,true,2795f214d382e861ac766cae562a5eda3185d4f6d0f7bd75bea7eb4386f980ab,rotate=+0;crop=0.04;brightness=1.04;contrast=0.92;color=1.05,index,accepted,
12,Площадь Славы и Вечный огонь,curated_manual_yandex,https://avatars.mds.yandex.net/i?id=6bbcf031395cf8f46e2f8603084a541b3a4077dd-5156037-images-thumbs&n=13,https://avatars.mds.yandex.net/i?id=6bbcf031395cf8f46e2f8603084a541b3a4077dd-5156037-images-thumbs&n=13,,unknown,,pending_purchase,2026-09-11T09:26:28.055314+00:00,9136ef339746d667564a6a074095a0ec944fc0481e299fa4fc8911e3b31429c0,c707b56a0fc1299e,480,319,image/jpeg,dataset/datasets_clear/khabarovsk_tourism_44/work/khabarovsk_tourism_44/12_Площадь Славы и Вечный огонь/photo_05.jpg,dataset/processed/012/aug-3c2c3629b050-06.jpg,3c2c3629b0506fed7c0418f14c4acf09c161216984e538f4254488674d64319b,true,33be17c4127822598b525956a9577afd2d900f71752fdde372a4d28b23908cb4,rotate=-4;crop=0.03;brightness=0.96;contrast=1.04;color=0.98,index,accepted,
13,Комсомольская площадь Хабаровска,curated_manual_yandex,https://avatars.mds.yandex.net/i?id=f80db16a81210b66f23b39e6531da4c65e1fa164-5232281-images-thumbs&n=13,https://avatars.mds.yandex.net/i?id=f80db16a81210b66f23b39e6531da4c65e1fa164-5232281-images-thumbs&n=13,,unknown,,pending_purchase,2026-09-11T09:26:28.286095+00:00,49afe62e3b4ef713f0c916e39a19f63d89a39cff5dfbad71e206348b1daea9dd,dce8a327445c9ca7,427,320,image/jpeg,dataset/datasets_clear/khabarovsk_tourism_44/work/khabarovsk_tourism_44/13_Комсомольская площадь Хабаровска/photo_01.jpg,dataset/processed/013/original-a19c060d6bb50fc42589f60facdfefe02e1cacb71471bba634479a69413adde2.jpg,a19c060d6bb50fc42589f60facdfefe02e1cacb71471bba634479a69413adde2,false,,,index,accepted,
13,Комсомольская площадь Хабаровска,curated_manual_yandex,https://avatars.mds.yandex.net/i?id=1d7911580c2a5953aea0f31f228f355bbff22692-5240648-images-thumbs&n=13,https://avatars.mds.yandex.net/i?id=1d7911580c2a5953aea0f31f228f355bbff22692-5240648-images-thumbs&n=13,,unknown,,pending_purchase,2026-09-11T09:26:28.290096+00:00,9904c50829bd3546e381297e2e45acf069c1ce2c51db60181546cdc5daa18e79,e37c5923f80c03fc,320,320,image/jpeg,dataset/datasets_clear/khabarovsk_tourism_44/work/khabarovsk_tourism_44/13_Комсомольская площадь Хабаровска/photo_02.jpg,dataset/processed/013/original-54093b63c6c84e40761f625e51d85dbe3be8931ff3c0cdb742760c8978a550a9.jpg,54093b63c6c84e40761f625e51d85dbe3be8931ff3c0cdb742760c8978a550a9,false,,,index,accepted,
13,Комсомольская площадь Хабаровска,curated_manual_yandex,https://avatars.mds.yandex.net/i?id=f937610a6bc5d77f092e250011bf4992e3bff141-6432328-images-thumbs&n=13,https://avatars.mds.yandex.net/i?id=f937610a6bc5d77f092e250011bf4992e3bff141-6432328-images-thumbs&n=13,,unknown,,pending_purchase,2026-09-11T09:26:28.295718+00:00,6a9a0190e08196ff074d8e8ce8265bc583388d0a7d4a4cb0d354cdd3279f795f,87cb783c1fc364b0,480,320,image/jpeg,dataset/datasets_clear/khabarovsk_tourism_44/work/khabarovsk_tourism_44/13_Комсомольская площадь Хабаровска/photo_03.jpg,dataset/processed/013/original-c9c8efdf9a7e47fd504285e64dd4bc11f408b13beb43d79ddea4c851c556a74f.jpg,c9c8efdf9a7e47fd504285e64dd4bc11f408b13beb43d79ddea4c851c556a74f,false,,,index,accepted,
13,Комсомольская площадь Хабаровска,curated_manual_yandex,https://avatars.mds.yandex.net/i?id=f8675764640f2dec3a6c02ae2eb66a7fab3e8378-12463602-images-thumbs&n=13,https://avatars.mds.yandex.net/i?id=f8675764640f2dec3a6c02ae2eb66a7fab3e8378-12463602-images-thumbs&n=13,,unknown,,pending_purchase,2026-09-11T09:26:28.300741+00:00,671bbb14edcf7a641535c2041427660a1f9ae3de9df4a3549ce550fe0867a70f,d5ee2a31d52a30d5,480,320,image/jpeg,dataset/datasets_clear/khabarovsk_tourism_44/work/khabarovsk_tourism_44/13_Комсомольская площадь Хабаровска/photo_04.jpg,dataset/processed/013/original-b0eb5122eaa80f840a34270eac4a52b03f4d7d074b9ed04af25feb2cb0cdf152.jpg,b0eb5122eaa80f840a34270eac4a52b03f4d7d074b9ed04af25feb2cb0cdf152,false,,,index,accepted,
13,Комсомольская площадь Хабаровска,curated_manual_yandex,https://avatars.mds.yandex.net/i?id=ff292984de27c9ef9d3ee13a45cf9c93d007d9c6-4401141-images-thumbs&n=13,https://avatars.mds.yandex.net/i?id=ff292984de27c9ef9d3ee13a45cf9c93d007d9c6-4401141-images-thumbs&n=13,,unknown,,pending_purchase,2026-09-11T09:26:28.306271+00:00,f813ed2685722ba25f4a7a78c64ed41d87d00b2fa7075dff81f51dcd04244db9,d5a82ad7b52aca94,480,320,image/jpeg,dataset/datasets_clear/khabarovsk_tourism_44/work/khabarovsk_tourism_44/13_Комсомольская площадь Хабаровска/photo_05.jpg,dataset/processed/013/original-d12cb8507fa73afe810da3a8e177b67ae18cc1f33e35a48cf43e552db68944d8.jpg,d12cb8507fa73afe810da3a8e177b67ae18cc1f33e35a48cf43e552db68944d8,false,,,validation,accepted,
13,Комсомольская площадь Хабаровска,curated_manual_yandex,https://avatars.mds.yandex.net/i?id=85c9b6545734bbecaa4366021079f09ba497b9c4-8800190-images-thumbs&n=13,https://avatars.mds.yandex.net/i?id=85c9b6545734bbecaa4366021079f09ba497b9c4-8800190-images-thumbs&n=13,,unknown,,pending_purchase,2026-09-11T09:26:28.310797+00:00,e762b19f884f597468364533c24c072e1bd9fec6e67e527b1146f2e884544ec6,8983542ebfdfc882,427,320,image/jpeg,dataset/datasets_clear/khabarovsk_tourism_44/work/khabarovsk_tourism_44/13_Комсомольская площадь Хабаровска/photo_06.jpg,dataset/processed/013/original-9f7043946216fc65add58fbaaa3ed25351f4708f9de40453212640d879a4fcb5.jpg,9f7043946216fc65add58fbaaa3ed25351f4708f9de40453212640d879a4fcb5,false,,,index,accepted,
13,Комсомольская площадь Хабаровска,curated_manual_yandex,https://avatars.mds.yandex.net/i?id=9325a8465ff3a1e0ae05b6b5768ba792effd35dc-3962197-images-thumbs&n=13,https://avatars.mds.yandex.net/i?id=9325a8465ff3a1e0ae05b6b5768ba792effd35dc-3962197-images-thumbs&n=13,,unknown,,pending_purchase,2026-09-11T09:26:28.315799+00:00,08c748d3ab6afa1f83bd2624ae5abea4c0489456bf4f93e54070bfd21360d551,e2a3a570daec6558,480,205,image/jpeg,dataset/datasets_clear/khabarovsk_tourism_44/work/khabarovsk_tourism_44/13_Комсомольская площадь Хабаровска/photo_07.jpg,dataset/processed/013/original-6de2977861bee31abc14b54879b2292b387717fd71a8e231905f8e7447e0a4e3.jpg,6de2977861bee31abc14b54879b2292b387717fd71a8e231905f8e7447e0a4e3,false,,,test,accepted,
13,Комсомольская площадь Хабаровска,curated_manual_yandex,https://avatars.mds.yandex.net/i?id=69031bad23274bbebe72aedf99297a5b3e8421b7-5232350-images-thumbs&n=13,https://avatars.mds.yandex.net/i?id=69031bad23274bbebe72aedf99297a5b3e8421b7-5232350-images-thumbs&n=13,,unknown,,pending_purchase,2026-09-11T09:26:28.320798+00:00,bc84aa60a6249ba9491bfb5b2fb0d18987056f76db1158504036c6fa6a2bff17,d5966a293995857c,425,320,image/jpeg,dataset/datasets_clear/khabarovsk_tourism_44/work/khabarovsk_tourism_44/13_Комсомольская площадь Хабаровска/photo_08.jpg,dataset/processed/013/original-067aa094a863d4440f6e0ea86809a56b860dfc2861d41f681ddb258666df3f08.jpg,067aa094a863d4440f6e0ea86809a56b860dfc2861d41f681ddb258666df3f08,false,,,index,accepted,
13,Комсомольская площадь Хабаровска,curated_manual_yandex,https://avatars.mds.yandex.net/i?id=f80db16a81210b66f23b39e6531da4c65e1fa164-5232281-images-thumbs&n=13,https://avatars.mds.yandex.net/i?id=f80db16a81210b66f23b39e6531da4c65e1fa164-5232281-images-thumbs&n=13,,unknown,,pending_purchase,2026-09-11T09:26:28.286095+00:00,9d94569b39c0d2a67e997bcf06eba0752bfd0d875f9e778941106a4b2cbcbf8f,dee0a367423cbca1,427,320,image/jpeg,dataset/datasets_clear/khabarovsk_tourism_44/work/khabarovsk_tourism_44/13_Комсомольская площадь Хабаровска/photo_01.jpg,dataset/processed/013/aug-a19c060d6bb5-00.jpg,a19c060d6bb50fc42589f60facdfefe02e1cacb71471bba634479a69413adde2,true,49afe62e3b4ef713f0c916e39a19f63d89a39cff5dfbad71e206348b1daea9dd,rotate=-4;crop=0.03;brightness=0.96;contrast=1.04;color=0.98,index,accepted,
13,Комсомольская площадь Хабаровска,curated_manual_yandex,https://avatars.mds.yandex.net/i?id=1d7911580c2a5953aea0f31f228f355bbff22692-5240648-images-thumbs&n=13,https://avatars.mds.yandex.net/i?id=1d7911580c2a5953aea0f31f228f355bbff22692-5240648-images-thumbs&n=13,,unknown,,pending_purchase,2026-09-11T09:26:28.290096+00:00,76e5b3f67c29c4ae329893e443dabab3a905c5a02622a5a26927b5627fbc993e,e7785927d01d27d0,320,320,image/jpeg,dataset/datasets_clear/khabarovsk_tourism_44/work/khabarovsk_tourism_44/13_Комсомольская площадь Хабаровска/photo_02.jpg,dataset/processed/013/aug-54093b63c6c8-01.jpg,54093b63c6c84e40761f625e51d85dbe3be8931ff3c0cdb742760c8978a550a9,true,9904c50829bd3546e381297e2e45acf069c1ce2c51db60181546cdc5daa18e79,rotate=+4;crop=0.03;brightness=1.04;contrast=0.96;color=1.02,index,accepted,
13,Комсомольская площадь Хабаровска,curated_manual_yandex,https://avatars.mds.yandex.net/i?id=f937610a6bc5d77f092e250011bf4992e3bff141-6432328-images-thumbs&n=13,https://avatars.mds.yandex.net/i?id=f937610a6bc5d77f092e250011bf4992e3bff141-6432328-images-thumbs&n=13,,unknown,,pending_purchase,2026-09-11T09:26:28.295718+00:00,49e59b1cf3e44312330c4e7213f803fcdcec6386aa7db237ae71438e8f8a3448,87c3683c9fc365b0,480,320,image/jpeg,dataset/datasets_clear/khabarovsk_tourism_44/work/khabarovsk_tourism_44/13_Комсомольская площадь Хабаровска/photo_03.jpg,dataset/processed/013/aug-c9c8efdf9a7e-02.jpg,c9c8efdf9a7e47fd504285e64dd4bc11f408b13beb43d79ddea4c851c556a74f,true,6a9a0190e08196ff074d8e8ce8265bc583388d0a7d4a4cb0d354cdd3279f795f,rotate=-2;crop=0.06;brightness=0.92;contrast=1.02;color=1.04,index,accepted,
13,Комсомольская площадь Хабаровска,curated_manual_yandex,https://avatars.mds.yandex.net/i?id=f8675764640f2dec3a6c02ae2eb66a7fab3e8378-12463602-images-thumbs&n=13,https://avatars.mds.yandex.net/i?id=f8675764640f2dec3a6c02ae2eb66a7fab3e8378-12463602-images-thumbs&n=13,,unknown,,pending_purchase,2026-09-11T09:26:28.300741+00:00,16f1f002e302f70ea84e338bc0fd13b8619c77bc4c1fdf56bacd2b6d3c473f6e,ddc42a70d50b3ad5,480,320,image/jpeg,dataset/datasets_clear/khabarovsk_tourism_44/work/khabarovsk_tourism_44/13_Комсомольская площадь Хабаровска/photo_04.jpg,dataset/processed/013/aug-b0eb5122eaa8-03.jpg,b0eb5122eaa80f840a34270eac4a52b03f4d7d074b9ed04af25feb2cb0cdf152,true,671bbb14edcf7a641535c2041427660a1f9ae3de9df4a3549ce550fe0867a70f,rotate=+2;crop=0.06;brightness=1.08;contrast=0.98;color=0.96,index,accepted,
13,Комсомольская площадь Хабаровска,curated_manual_yandex,https://avatars.mds.yandex.net/i?id=85c9b6545734bbecaa4366021079f09ba497b9c4-8800190-images-thumbs&n=13,https://avatars.mds.yandex.net/i?id=85c9b6545734bbecaa4366021079f09ba497b9c4-8800190-images-thumbs&n=13,,unknown,,pending_purchase,2026-09-11T09:26:28.310797+00:00,78a8fe773fddf77f0ea57945933248b4591bf976d468d08454ff9c38152ab80f,9a81652abe7fc918,427,320,image/jpeg,dataset/datasets_clear/khabarovsk_tourism_44/work/khabarovsk_tourism_44/13_Комсомольская площадь Хабаровска/photo_06.jpg,dataset/processed/013/aug-9f7043946216-04.jpg,9f7043946216fc65add58fbaaa3ed25351f4708f9de40453212640d879a4fcb5,true,e762b19f884f597468364533c24c072e1bd9fec6e67e527b1146f2e884544ec6,rotate=+0;crop=0.08;brightness=0.96;contrast=1.08;color=1.00,index,accepted,
13,Комсомольская площадь Хабаровска,curated_manual_yandex,https://avatars.mds.yandex.net/i?id=69031bad23274bbebe72aedf99297a5b3e8421b7-5232350-images-thumbs&n=13,https://avatars.mds.yandex.net/i?id=69031bad23274bbebe72aedf99297a5b3e8421b7-5232350-images-thumbs&n=13,,unknown,,pending_purchase,2026-09-11T09:26:28.320798+00:00,5cb8f18505854daef00160e81a78a048b5b96a89636c305436d1eb2ecaa8f45a,d5944a2b3a958f78,425,320,image/jpeg,dataset/datasets_clear/khabarovsk_tourism_44/work/khabarovsk_tourism_44/13_Комсомольская площадь Хабаровска/photo_08.jpg,dataset/processed/013/aug-067aa094a863-05.jpg,067aa094a863d4440f6e0ea86809a56b860dfc2861d41f681ddb258666df3f08,true,bc84aa60a6249ba9491bfb5b2fb0d18987056f76db1158504036c6fa6a2bff17,rotate=+0;crop=0.04;brightness=1.04;contrast=0.92;color=1.05,index,accepted,
14,Площадь Ленина в Хабаровске,curated_manual_yandex,https://avatars.mds.yandex.net/i?id=dd16ef6f28db88e66b34212ee06aace8163662e3-5217977-images-thumbs&n=13,https://avatars.mds.yandex.net/i?id=dd16ef6f28db88e66b34212ee06aace8163662e3-5217977-images-thumbs&n=13,,unknown,,pending_purchase,2026-09-11T09:26:28.512493+00:00,b0ef535dc1d9b32549e72a9ba8fa1f6b772e1c1c81bbe2e1c7b0486e204c458b,f8f34f4cb8640783,427,320,image/jpeg,dataset/datasets_clear/khabarovsk_tourism_44/work/khabarovsk_tourism_44/14_Площадь Ленина в Хабаровске/photo_01.jpg,dataset/processed/014/original-e55765441b8b61ee06b06e529a1b10aed55af1d41ade72b76edb3138e3a421bf.jpg,e55765441b8b61ee06b06e529a1b10aed55af1d41ade72b76edb3138e3a421bf,false,,,index,accepted,
14,Площадь Ленина в Хабаровске,curated_manual_yandex,https://avatars.mds.yandex.net/i?id=e84ef8333668ad728089bd7447540cc26b81015e-7766812-images-thumbs&n=13,https://avatars.mds.yandex.net/i?id=e84ef8333668ad728089bd7447540cc26b81015e-7766812-images-thumbs&n=13,,unknown,,pending_purchase,2026-09-11T09:26:28.518515+00:00,afd861a63e6e0a18c6107f115f832d19425f0a0c209c2d5529d2c580e8a3bbeb,9be59ae688d0c639,467,320,image/jpeg,dataset/datasets_clear/khabarovsk_tourism_44/work/khabarovsk_tourism_44/14_Площадь Ленина в Хабаровске/photo_02.jpg,dataset/processed/014/original-554675d210631985137ed7f58b1793dab56f9c1977405a19ece944892856056b.jpg,554675d210631985137ed7f58b1793dab56f9c1977405a19ece944892856056b,false,,,index,accepted,
14,Площадь Ленина в Хабаровске,curated_manual_yandex,https://avatars.mds.yandex.net/i?id=d04cbf187d935645d7eb54178315fb24850fc117-5346809-images-thumbs&n=13,https://avatars.mds.yandex.net/i?id=d04cbf187d935645d7eb54178315fb24850fc117-5346809-images-thumbs&n=13,,unknown,,pending_purchase,2026-09-11T09:26:28.524524+00:00,b096b15e71810389961f04b0f9e5d3ff19a33eb0ec0ba026befb6c71026c2613,80dda5e10898f7cf,480,244,image/jpeg,dataset/datasets_clear/khabarovsk_tourism_44/work/khabarovsk_tourism_44/14_Площадь Ленина в Хабаровске/photo_03.jpg,dataset/processed/014/original-7d4a9d56b3d2fbe20bc1b186f347261fc5893b9acfd1611438fc0ecaa5969932.jpg,7d4a9d56b3d2fbe20bc1b186f347261fc5893b9acfd1611438fc0ecaa5969932,false,,,index,accepted,
14,Площадь Ленина в Хабаровске,curated_manual_yandex,https://avatars.mds.yandex.net/i?id=8ae37407e0a6c99fe4d774b22cfb193458254e0f-4236774-images-thumbs&n=13,https://avatars.mds.yandex.net/i?id=8ae37407e0a6c99fe4d774b22cfb193458254e0f-4236774-images-thumbs&n=13,,unknown,,pending_purchase,2026-09-11T09:26:28.529567+00:00,12063905e504bd076f2cd69540c2844dcb3409f172d6e89da2095859ecaad526,88ff67188cf74318,427,320,image/jpeg,dataset/datasets_clear/khabarovsk_tourism_44/work/khabarovsk_tourism_44/14_Площадь Ленина в Хабаровске/photo_04.jpg,dataset/processed/014/original-cdef9d89e94c80abb613d1fa7b0c5d69ee8f9ce11d47e5da966faac055cbfd0e.jpg,cdef9d89e94c80abb613d1fa7b0c5d69ee8f9ce11d47e5da966faac055cbfd0e,false,,,validation,accepted,
14,Площадь Ленина в Хабаровске,curated_manual_yandex,https://avatars.mds.yandex.net/i?id=437d7509a5ce98520da2f832a1ae96841cd9df9706948354-12450907-images-thumbs&n=13,https://avatars.mds.yandex.net/i?id=437d7509a5ce98520da2f832a1ae96841cd9df9706948354-12450907-images-thumbs&n=13,,unknown,,pending_purchase,2026-09-11T09:26:28.535695+00:00,b27b5dc3910d6bec5c3fd080d394944dd9ba0e91d946fadd53548b66f107527a,b9a6c4c0c5333ebc,427,320,image/jpeg,dataset/datasets_clear/khabarovsk_tourism_44/work/khabarovsk_tourism_44/14_Площадь Ленина в Хабаровске/photo_05.jpg,dataset/processed/014/original-83b93bdb5865a2b34664a768fb67d8085d8d103656f1b8267cd3dca8155ee28d.jpg,83b93bdb5865a2b34664a768fb67d8085d8d103656f1b8267cd3dca8155ee28d,false,,,index,accepted,
14,Площадь Ленина в Хабаровске,curated_manual_yandex,https://avatars.mds.yandex.net/i?id=ac1404152d6d01a218292096d2c7ae58718562dd-5205578-images-thumbs&n=13,https://avatars.mds.yandex.net/i?id=ac1404152d6d01a218292096d2c7ae58718562dd-5205578-images-thumbs&n=13,,unknown,,pending_purchase,2026-09-11T09:26:28.541012+00:00,7991052d865f0181e049dcf7643c0dd1f588c60ffb49aa22bdc00e3221756f5f,b23f7d4092eb4c15,427,320,image/jpeg,dataset/datasets_clear/khabarovsk_tourism_44/work/khabarovsk_tourism_44/14_Площадь Ленина в Хабаровске/photo_06.jpg,dataset/processed/014/original-ec203b082d8a02fb449a8bb66bac1d30092d409a2cfef921ed9ea8b6c2545c16.jpg,ec203b082d8a02fb449a8bb66bac1d30092d409a2cfef921ed9ea8b6c2545c16,false,,,test,accepted,
14,Площадь Ленина в Хабаровске,curated_manual_yandex,https://avatars.mds.yandex.net/i?id=e81b7da3425f20c162d654baa69492f8b8749bf9-5115418-images-thumbs&n=13,https://avatars.mds.yandex.net/i?id=e81b7da3425f20c162d654baa69492f8b8749bf9-5115418-images-thumbs&n=13,,unknown,,pending_purchase,2026-09-11T09:26:28.546173+00:00,e5c0b072b887710ca70c3ba110d2f8ef274a61507a7a601c61f8192bbe06c249,f9834e0674f649c3,480,320,image/jpeg,dataset/datasets_clear/khabarovsk_tourism_44/work/khabarovsk_tourism_44/14_Площадь Ленина в Хабаровске/photo_08.jpg,dataset/processed/014/original-d4de94733375129c7f310dc827199cb28fddafdbe66a1f8e4a636a5fed640888.jpg,d4de94733375129c7f310dc827199cb28fddafdbe66a1f8e4a636a5fed640888,false,,,index,accepted,
14,Площадь Ленина в Хабаровске,curated_manual_yandex,https://avatars.mds.yandex.net/i?id=dd16ef6f28db88e66b34212ee06aace8163662e3-5217977-images-thumbs&n=13,https://avatars.mds.yandex.net/i?id=dd16ef6f28db88e66b34212ee06aace8163662e3-5217977-images-thumbs&n=13,,unknown,,pending_purchase,2026-09-11T09:26:28.512493+00:00,52222d7c3a03e88568a1a6d11dcd714c6f03c4314b0facd3471be346e07727f3,f8f14f0cb936c603,427,320,image/jpeg,dataset/datasets_clear/khabarovsk_tourism_44/work/khabarovsk_tourism_44/14_Площадь Ленина в Хабаровске/photo_01.jpg,dataset/processed/014/aug-e55765441b8b-00.jpg,e55765441b8b61ee06b06e529a1b10aed55af1d41ade72b76edb3138e3a421bf,true,b0ef535dc1d9b32549e72a9ba8fa1f6b772e1c1c81bbe2e1c7b0486e204c458b,rotate=-4;crop=0.03;brightness=0.96;contrast=1.04;color=0.98,index,accepted,
14,Площадь Ленина в Хабаровске,curated_manual_yandex,https://avatars.mds.yandex.net/i?id=e84ef8333668ad728089bd7447540cc26b81015e-7766812-images-thumbs&n=13,https://avatars.mds.yandex.net/i?id=e84ef8333668ad728089bd7447540cc26b81015e-7766812-images-thumbs&n=13,,unknown,,pending_purchase,2026-09-11T09:26:28.518515+00:00,e3b10f7b1accf720c738dcf0a30c2f19806c4214b7cae38caf628f2b9b4096dc,9fe59ac681901e3b,467,320,image/jpeg,dataset/datasets_clear/khabarovsk_tourism_44/work/khabarovsk_tourism_44/14_Площадь Ленина в Хабаровске/photo_02.jpg,dataset/processed/014/aug-554675d21063-01.jpg,554675d210631985137ed7f58b1793dab56f9c1977405a19ece944892856056b,true,afd861a63e6e0a18c6107f115f832d19425f0a0c209c2d5529d2c580e8a3bbeb,rotate=+4;crop=0.03;brightness=1.04;contrast=0.96;color=1.02,index,accepted,
14,Площадь Ленина в Хабаровске,curated_manual_yandex,https://avatars.mds.yandex.net/i?id=d04cbf187d935645d7eb54178315fb24850fc117-5346809-images-thumbs&n=13,https://avatars.mds.yandex.net/i?id=d04cbf187d935645d7eb54178315fb24850fc117-5346809-images-thumbs&n=13,,unknown,,pending_purchase,2026-09-11T09:26:28.524524+00:00,f2e78ed2eb552ece5ecb84876fdd6e74cf422515ec8b229a446d66e20843d2d2,80dda5f14898bbc7,480,244,image/jpeg,dataset/datasets_clear/khabarovsk_tourism_44/work/khabarovsk_tourism_44/14_Площадь Ленина в Хабаровске/photo_03.jpg,dataset/processed/014/aug-7d4a9d56b3d2-02.jpg,7d4a9d56b3d2fbe20bc1b186f347261fc5893b9acfd1611438fc0ecaa5969932,true,b096b15e71810389961f04b0f9e5d3ff19a33eb0ec0ba026befb6c71026c2613,rotate=-2;crop=0.06;brightness=0.92;contrast=1.02;color=1.04,index,accepted,
14,Площадь Ленина в Хабаровске,curated_manual_yandex,https://avatars.mds.yandex.net/i?id=437d7509a5ce98520da2f832a1ae96841cd9df9706948354-12450907-images-thumbs&n=13,https://avatars.mds.yandex.net/i?id=437d7509a5ce98520da2f832a1ae96841cd9df9706948354-12450907-images-thumbs&n=13,,unknown,,pending_purchase,2026-09-11T09:26:28.535695+00:00,a5b6ddc43f3f16ef35d67a968fa39f5c66a0e238de8b05bd141269ac01c06d08,b9a6c4c084333fbd,427,320,image/jpeg,dataset/datasets_clear/khabarovsk_tourism_44/work/khabarovsk_tourism_44/14_Площадь Ленина в Хабаровске/photo_05.jpg,dataset/processed/014/aug-83b93bdb5865-03.jpg,83b93bdb5865a2b34664a768fb67d8085d8d103656f1b8267cd3dca8155ee28d,true,b27b5dc3910d6bec5c3fd080d394944dd9ba0e91d946fadd53548b66f107527a,rotate=+2;crop=0.06;brightness=1.08;contrast=0.98;color=0.96,index,accepted,
14,Площадь Ленина в Хабаровске,curated_manual_yandex,https://avatars.mds.yandex.net/i?id=e81b7da3425f20c162d654baa69492f8b8749bf9-5115418-images-thumbs&n=13,https://avatars.mds.yandex.net/i?id=e81b7da3425f20c162d654baa69492f8b8749bf9-5115418-images-thumbs&n=13,,unknown,,pending_purchase,2026-09-11T09:26:28.546173+00:00,3c9570d18bcc153879cad34b9649253fea6cee9c809c59b4e11af3bf6ba7dd7f,f19b4e0e64b44ad6,480,320,image/jpeg,dataset/datasets_clear/khabarovsk_tourism_44/work/khabarovsk_tourism_44/14_Площадь Ленина в Хабаровске/photo_08.jpg,dataset/processed/014/aug-d4de94733375-04.jpg,d4de94733375129c7f310dc827199cb28fddafdbe66a1f8e4a636a5fed640888,true,e5c0b072b887710ca70c3ba110d2f8ef274a61507a7a601c61f8192bbe06c249,rotate=+0;crop=0.08;brightness=0.96;contrast=1.08;color=1.00,index,accepted,
14,Площадь Ленина в Хабаровске,curated_manual_yandex,https://avatars.mds.yandex.net/i?id=dd16ef6f28db88e66b34212ee06aace8163662e3-5217977-images-thumbs&n=13,https://avatars.mds.yandex.net/i?id=dd16ef6f28db88e66b34212ee06aace8163662e3-5217977-images-thumbs&n=13,,unknown,,pending_purchase,2026-09-11T09:26:28.512493+00:00,ae64435f15041cd1157bd20d81e63fb2f64f6958b9cd326753e26adb9bf4bb69,f8f3474c38754487,427,320,image/jpeg,dataset/datasets_clear/khabarovsk_tourism_44/work/khabarovsk_tourism_44/14_Площадь Ленина в Хабаровске/photo_01.jpg,dataset/processed/014/aug-e55765441b8b-05.jpg,e55765441b8b61ee06b06e529a1b10aed55af1d41ade72b76edb3138e3a421bf,true,b0ef535dc1d9b32549e72a9ba8fa1f6b772e1c1c81bbe2e1c7b0486e204c458b,rotate=+0;crop=0.04;brightness=1.04;contrast=0.92;color=1.05,index,accepted,
14,Площадь Ленина в Хабаровске,curated_manual_yandex,https://avatars.mds.yandex.net/i?id=e84ef8333668ad728089bd7447540cc26b81015e-7766812-images-thumbs&n=13,https://avatars.mds.yandex.net/i?id=e84ef8333668ad728089bd7447540cc26b81015e-7766812-images-thumbs&n=13,,unknown,,pending_purchase,2026-09-11T09:26:28.518515+00:00,e0aead96fd6c6f72f4ace67c5013d7862c44fcb698762ad1a6edd26eef56228d,9fe59a86d140476b,467,320,image/jpeg,dataset/datasets_clear/khabarovsk_tourism_44/work/khabarovsk_tourism_44/14_Площадь Ленина в Хабаровске/photo_02.jpg,dataset/processed/014/aug-554675d21063-06.jpg,554675d210631985137ed7f58b1793dab56f9c1977405a19ece944892856056b,true,afd861a63e6e0a18c6107f115f832d19425f0a0c209c2d5529d2c580e8a3bbeb,rotate=-4;crop=0.03;brightness=0.96;contrast=1.04;color=0.98,index,accepted,
15,Здание Хабаровской городской думы,curated_manual_yandex,https://avatars.mds.yandex.net/i?id=c422afc7cd58585c767dd3e4d12d249952cebbda-4254922-images-thumbs&n=13,https://avatars.mds.yandex.net/i?id=c422afc7cd58585c767dd3e4d12d249952cebbda-4254922-images-thumbs&n=13,,unknown,,pending_purchase,2026-09-11T09:26:28.770149+00:00,df7847a403ce4a730a0431cc35bb38c1a630f620ec477ae7d43633a10b4f6af3,ebebd585063434d8,427,320,image/jpeg,dataset/datasets_clear/khabarovsk_tourism_44/work/khabarovsk_tourism_44/15_Здание Хабаровской городской думы/photo_01.jpg,dataset/processed/015/original-6d502019dee09bc1346aeb076e42566393b4389e9a1fffaa515a70d1e7a00793.jpg,6d502019dee09bc1346aeb076e42566393b4389e9a1fffaa515a70d1e7a00793,false,,,test,accepted,
15,Здание Хабаровской городской думы,curated_manual_yandex,https://avatars.mds.yandex.net/i?id=48f99c2e2c4bb7270794f4309042bfaddadae017-5858006-images-thumbs&n=13,https://avatars.mds.yandex.net/i?id=48f99c2e2c4bb7270794f4309042bfaddadae017-5858006-images-thumbs&n=13,,unknown,,pending_purchase,2026-09-11T09:26:28.775150+00:00,79b46a2775cfd0f44bf524b5b46aba288e4fa98c3d945034d6fd77f540186251,faf9c1842d34d352,480,270,image/jpeg,dataset/datasets_clear/khabarovsk_tourism_44/work/khabarovsk_tourism_44/15_Здание Хабаровской городской думы/photo_02.jpg,dataset/processed/015/original-89ff9edcb48edcb18658291430ee10685068343161f676456013222b5304b38f.jpg,89ff9edcb48edcb18658291430ee10685068343161f676456013222b5304b38f,false,,,validation,accepted,
15,Здание Хабаровской городской думы,curated_manual_yandex,https://avatars.mds.yandex.net/i?id=0c17d7e70a8ffc89d7c16d11c18f1813bb8cd477-4232390-images-thumbs&n=13,https://avatars.mds.yandex.net/i?id=0c17d7e70a8ffc89d7c16d11c18f1813bb8cd477-4232390-images-thumbs&n=13,,unknown,,pending_purchase,2026-09-11T09:26:28.782184+00:00,8df1e32c47621a7e1c89ce66b95cf19d5a3cf4429904a1eac78ec50747e4df98,d8e60742c93d37e4,477,320,image/jpeg,dataset/datasets_clear/khabarovsk_tourism_44/work/khabarovsk_tourism_44/15_Здание Хабаровской городской думы/photo_03.jpg,dataset/processed/015/original-215e5798560c46fb83d07ced08b86634a254167a1c9e7c449b329ae75532752e.jpg,215e5798560c46fb83d07ced08b86634a254167a1c9e7c449b329ae75532752e,false,,,index,accepted,
15,Здание Хабаровской городской думы,curated_manual_yandex,https://avatars.mds.yandex.net/i?id=978ec1d187127e547830d01dfa1bc68d7dffed0f-5231985-images-thumbs&n=13,https://avatars.mds.yandex.net/i?id=978ec1d187127e547830d01dfa1bc68d7dffed0f-5231985-images-thumbs&n=13,,unknown,,pending_purchase,2026-09-11T09:26:28.787777+00:00,afb725d36d1364e71092172a9372d6f61616305589547feb68266571ed632e9e,b5ecca13132eece0,450,320,image/jpeg,dataset/datasets_clear/khabarovsk_tourism_44/work/khabarovsk_tourism_44/15_Здание Хабаровской городской думы/photo_04.jpg,dataset/processed/015/original-242abb9f4cf4dacdf1b0c204a999bf331eece6d97877a2a642a2014fa17ed993.jpg,242abb9f4cf4dacdf1b0c204a999bf331eece6d97877a2a642a2014fa17ed993,false,,,index,accepted,
15,Здание Хабаровской городской думы,curated_manual_yandex,https://avatars.mds.yandex.net/i?id=cd3fe70742416a5ace3c41936238da17309f7491-4117598-images-thumbs&n=13,https://avatars.mds.yandex.net/i?id=cd3fe70742416a5ace3c41936238da17309f7491-4117598-images-thumbs&n=13,,unknown,,pending_purchase,2026-09-11T09:26:28.793018+00:00,a81501e2226e1cb8ad446f7c6f7104a73394617df78cabff5d7d0a9951675ff8,daf88536ba31139a,480,305,image/jpeg,dataset/datasets_clear/khabarovsk_tourism_44/work/khabarovsk_tourism_44/15_Здание Хабаровской городской думы/photo_05.jpg,dataset/processed/015/original-724f201afb2181dab0124db01fd59c4e630d8a16c9a28f4dd302e67c05b203a9.jpg,724f201afb2181dab0124db01fd59c4e630d8a16c9a28f4dd302e67c05b203a9,false,,,index,accepted,
15,Здание Хабаровской городской думы,curated_manual_yandex,https://avatars.mds.yandex.net/i?id=76accd29c9e4b333264fde58ffd77ed0d6874183-8340947-images-thumbs&n=13,https://avatars.mds.yandex.net/i?id=76accd29c9e4b333264fde58ffd77ed0d6874183-8340947-images-thumbs&n=13,,unknown,,pending_purchase,2026-09-11T09:26:28.797593+00:00,4b5c3b22741ba5c9a687529c0de282376690080bc09973829aed6e3b3923cd6f,8ce7d21966ecc513,409,320,image/jpeg,dataset/datasets_clear/khabarovsk_tourism_44/work/khabarovsk_tourism_44/15_Здание Хабаровской городской думы/photo_06.jpg,dataset/processed/015/original-1e0e349f7fe9ab0d7d2a59eabc0d55a9d23ffc4394f6a0b7bb99ae9279d70353.jpg,1e0e349f7fe9ab0d7d2a59eabc0d55a9d23ffc4394f6a0b7bb99ae9279d70353,false,,,index,accepted,
15,Здание Хабаровской городской думы,curated_manual_yandex,https://avatars.mds.yandex.net/i?id=2bda99835bc2d6ff5b7cb008e74899f38cfdc89e-8495915-images-thumbs&n=13,https://avatars.mds.yandex.net/i?id=2bda99835bc2d6ff5b7cb008e74899f38cfdc89e-8495915-images-thumbs&n=13,,unknown,,pending_purchase,2026-09-11T09:26:28.802600+00:00,039937cc813325cefbba88e4727a726ccd98ebfa0b954f6e11b31cd0922b64b0,a0b74f085c28b77e,427,320,image/jpeg,dataset/datasets_clear/khabarovsk_tourism_44/work/khabarovsk_tourism_44/15_Здание Хабаровской городской думы/photo_07.jpg,dataset/processed/015/original-ffefd3b03fad3821595a718bdf0073fe847ce05634cffaa00d8676c1da08161a.jpg,ffefd3b03fad3821595a718bdf0073fe847ce05634cffaa00d8676c1da08161a,false,,,index,accepted,
15,Здание Хабаровской городской думы,curated_manual_yandex,https://avatars.mds.yandex.net/i?id=d95a2314db02547f917f2a78d22ef0b5a708883f-5232562-images-thumbs&n=13,https://avatars.mds.yandex.net/i?id=d95a2314db02547f917f2a78d22ef0b5a708883f-5232562-images-thumbs&n=13,,unknown,,pending_purchase,2026-09-11T09:26:28.808602+00:00,9a56a2f5c5e4c8e8a784db56f91bfd802be7563c112ef53d0ef81f0a46b51c64,d4923b999d6c16f0,480,270,image/jpeg,dataset/datasets_clear/khabarovsk_tourism_44/work/khabarovsk_tourism_44/15_Здание Хабаровской городской думы/photo_08.jpg,dataset/processed/015/original-d1adc032959480b0ea3729d120eced03231e32d5cd993c33a59f1c1aa7c99fdf.jpg,d1adc032959480b0ea3729d120eced03231e32d5cd993c33a59f1c1aa7c99fdf,false,,,index,accepted,
15,Здание Хабаровской городской думы,curated_manual_yandex,https://avatars.mds.yandex.net/i?id=0c17d7e70a8ffc89d7c16d11c18f1813bb8cd477-4232390-images-thumbs&n=13,https://avatars.mds.yandex.net/i?id=0c17d7e70a8ffc89d7c16d11c18f1813bb8cd477-4232390-images-thumbs&n=13,,unknown,,pending_purchase,2026-09-11T09:26:28.782184+00:00,8ca5634f15d34e93c812a603463c598ab9a4d823c7a87d62c756b4e6e9491199,c8e5364bc9353786,477,320,image/jpeg,dataset/datasets_clear/khabarovsk_tourism_44/work/khabarovsk_tourism_44/15_Здание Хабаровской городской думы/photo_03.jpg,dataset/processed/015/aug-215e5798560c-00.jpg,215e5798560c46fb83d07ced08b86634a254167a1c9e7c449b329ae75532752e,true,8df1e32c47621a7e1c89ce66b95cf19d5a3cf4429904a1eac78ec50747e4df98,rotate=-4;crop=0.03;brightness=0.96;contrast=1.04;color=0.98,index,accepted,
15,Здание Хабаровской городской думы,curated_manual_yandex,https://avatars.mds.yandex.net/i?id=978ec1d187127e547830d01dfa1bc68d7dffed0f-5231985-images-thumbs&n=13,https://avatars.mds.yandex.net/i?id=978ec1d187127e547830d01dfa1bc68d7dffed0f-5231985-images-thumbs&n=13,,unknown,,pending_purchase,2026-09-11T09:26:28.787777+00:00,eeed6cbc97bca2f16654f8a52f2f025952d4dd49828328673f6c822b50703d7f,f5e486131b3de425,450,320,image/jpeg,dataset/datasets_clear/khabarovsk_tourism_44/work/khabarovsk_tourism_44/15_Здание Хабаровской городской думы/photo_04.jpg,dataset/processed/015/aug-242abb9f4cf4-01.jpg,242abb9f4cf4dacdf1b0c204a999bf331eece6d97877a2a642a2014fa17ed993,true,afb725d36d1364e71092172a9372d6f61616305589547feb68266571ed632e9e,rotate=+4;crop=0.03;brightness=1.04;contrast=0.96;color=1.02,index,accepted,
15,Здание Хабаровской городской думы,curated_manual_yandex,https://avatars.mds.yandex.net/i?id=cd3fe70742416a5ace3c41936238da17309f7491-4117598-images-thumbs&n=13,https://avatars.mds.yandex.net/i?id=cd3fe70742416a5ace3c41936238da17309f7491-4117598-images-thumbs&n=13,,unknown,,pending_purchase,2026-09-11T09:26:28.793018+00:00,e96a7c2708f90e59143d25aa0c71e539d3fb0fca6d273bf3c212e1a84e7cc5ed,dae08534b47b13d6,480,305,image/jpeg,dataset/datasets_clear/khabarovsk_tourism_44/work/khabarovsk_tourism_44/15_Здание Хабаровской городской думы/photo_05.jpg,dataset/processed/015/aug-724f201afb21-02.jpg,724f201afb2181dab0124db01fd59c4e630d8a16c9a28f4dd302e67c05b203a9,true,a81501e2226e1cb8ad446f7c6f7104a73394617df78cabff5d7d0a9951675ff8,rotate=-2;crop=0.06;brightness=0.92;contrast=1.02;color=1.04,index,accepted,
15,Здание Хабаровской городской думы,curated_manual_yandex,https://avatars.mds.yandex.net/i?id=76accd29c9e4b333264fde58ffd77ed0d6874183-8340947-images-thumbs&n=13,https://avatars.mds.yandex.net/i?id=76accd29c9e4b333264fde58ffd77ed0d6874183-8340947-images-thumbs&n=13,,unknown,,pending_purchase,2026-09-11T09:26:28.797593+00:00,a5adf0fb6f55bb5ac0dc56629c4df2d90dc2e5664bd21c315db9d2d39d0e45af,9ce7d219636cc513,409,320,image/jpeg,dataset/datasets_clear/khabarovsk_tourism_44/work/khabarovsk_tourism_44/15_Здание Хабаровской городской думы/photo_06.jpg,dataset/processed/015/aug-1e0e349f7fe9-03.jpg,1e0e349f7fe9ab0d7d2a59eabc0d55a9d23ffc4394f6a0b7bb99ae9279d70353,true,4b5c3b22741ba5c9a687529c0de282376690080bc09973829aed6e3b3923cd6f,rotate=+2;crop=0.06;brightness=1.08;contrast=0.98;color=0.96,index,accepted,
15,Здание Хабаровской городской думы,curated_manual_yandex,https://avatars.mds.yandex.net/i?id=2bda99835bc2d6ff5b7cb008e74899f38cfdc89e-8495915-images-thumbs&n=13,https://avatars.mds.yandex.net/i?id=2bda99835bc2d6ff5b7cb008e74899f38cfdc89e-8495915-images-thumbs&n=13,,unknown,,pending_purchase,2026-09-11T09:26:28.802600+00:00,06588556e7e81d9363b235876b32e99149d0b7c0505ea288747a02a82770de53,a0b70f905c09ef3d,427,320,image/jpeg,dataset/datasets_clear/khabarovsk_tourism_44/work/khabarovsk_tourism_44/15_Здание Хабаровской городской думы/photo_07.jpg,dataset/processed/015/aug-ffefd3b03fad-04.jpg,ffefd3b03fad3821595a718bdf0073fe847ce05634cffaa00d8676c1da08161a,true,039937cc813325cefbba88e4727a726ccd98ebfa0b954f6e11b31cd0922b64b0,rotate=+0;crop=0.08;brightness=0.96;contrast=1.08;color=1.00,index,accepted,
15,Здание Хабаровской городской думы,curated_manual_yandex,https://avatars.mds.yandex.net/i?id=d95a2314db02547f917f2a78d22ef0b5a708883f-5232562-images-thumbs&n=13,https://avatars.mds.yandex.net/i?id=d95a2314db02547f917f2a78d22ef0b5a708883f-5232562-images-thumbs&n=13,,unknown,,pending_purchase,2026-09-11T09:26:28.808602+00:00,977f4fa1f6b67d5178e69d358477929f04a8d428412fed2fe6cb25683db1fc9f,d4923b99996c1e74,480,270,image/jpeg,dataset/datasets_clear/khabarovsk_tourism_44/work/khabarovsk_tourism_44/15_Здание Хабаровской городской думы/photo_08.jpg,dataset/processed/015/aug-d1adc0329594-05.jpg,d1adc032959480b0ea3729d120eced03231e32d5cd993c33a59f1c1aa7c99fdf,true,9a56a2f5c5e4c8e8a784db56f91bfd802be7563c112ef53d0ef81f0a46b51c64,rotate=+0;crop=0.04;brightness=1.04;contrast=0.92;color=1.05,index,accepted,
16,Городские пруды Хабаровска,curated_manual_yandex,https://avatars.mds.yandex.net/i?id=6fd207efee303004d639789704d1fe64af72a9e4-8497298-images-thumbs&n=13,https://avatars.mds.yandex.net/i?id=6fd207efee303004d639789704d1fe64af72a9e4-8497298-images-thumbs&n=13,,unknown,,pending_purchase,2026-09-11T09:26:28.991463+00:00,7f4988b706607a743a2d6d9127ee92a9c0629b7530c83f764b2937ae2affdc0c,8ed9f1d65e0105d6,427,320,image/jpeg,dataset/datasets_clear/khabarovsk_tourism_44/work/khabarovsk_tourism_44/16_Городские пруды Хабаровска/photo_01.jpg,dataset/processed/016/original-8c07cf2627b81f8c184f9d3851a75c07f35df4181f59c1b2312c60b23fdbdfc1.jpg,8c07cf2627b81f8c184f9d3851a75c07f35df4181f59c1b2312c60b23fdbdfc1,false,,,index,accepted,
16,Городские пруды Хабаровска,curated_manual_yandex,https://avatars.mds.yandex.net/i?id=1ad1e806afb86f54c0dcf284ebe34babd88176cf-5859626-images-thumbs&n=13,https://avatars.mds.yandex.net/i?id=1ad1e806afb86f54c0dcf284ebe34babd88176cf-5859626-images-thumbs&n=13,,unknown,,pending_purchase,2026-09-11T09:26:28.996873+00:00,aec94aa61d43604d94cc9df1422a1d9f36a2c5058d3e6b999b12bcb531ef083c,96ae6857432a3d74,427,320,image/jpeg,dataset/datasets_clear/khabarovsk_tourism_44/work/khabarovsk_tourism_44/16_Городские пруды Хабаровска/photo_02.jpg,dataset/processed/016/original-257329354a897b7913143cfe593221376630f33aa681edbc915624e849697f4c.jpg,257329354a897b7913143cfe593221376630f33aa681edbc915624e849697f4c,false,,,index,accepted,
16,Городские пруды Хабаровска,curated_manual_yandex,https://avatars.mds.yandex.net/i?id=d714c9379deb50a69883fc77a2e1a8f950c70dfe-9066051-images-thumbs&n=13,https://avatars.mds.yandex.net/i?id=d714c9379deb50a69883fc77a2e1a8f950c70dfe-9066051-images-thumbs&n=13,,unknown,,pending_purchase,2026-09-11T09:26:29.001274+00:00,8c989b53bb05014edd91bb1925cf969310de35dc7bf38d48a9e10c9d158a84ec,9fa034c7de08b1a7,240,320,image/jpeg,dataset/datasets_clear/khabarovsk_tourism_44/work/khabarovsk_tourism_44/16_Городские пруды Хабаровска/photo_03.jpg,dataset/processed/016/original-654a9c59d17fcaabfb181d3a4ae2c3039a6b0260a2ae306f26da71a52a21eca6.jpg,654a9c59d17fcaabfb181d3a4ae2c3039a6b0260a2ae306f26da71a52a21eca6,false,,,validation,accepted,
16,Городские пруды Хабаровска,curated_manual_yandex,https://avatars.mds.yandex.net/i?id=2985763e9e25e81ee5ca6bf2b52026241c086155-5676890-images-thumbs&n=13,https://avatars.mds.yandex.net/i?id=2985763e9e25e81ee5ca6bf2b52026241c086155-5676890-images-thumbs&n=13,,unknown,,pending_purchase,2026-09-11T09:26:29.006499+00:00,b28c46afbcb38d4fb916b56dab16563041c32d94988673fd8395a14bafe6d8be,d4c0a1bfbf386a42,480,320,image/jpeg,dataset/datasets_clear/khabarovsk_tourism_44/work/khabarovsk_tourism_44/16_Городские пруды Хабаровска/photo_04.jpg,dataset/processed/016/original-17a546c54dfb97021e62c58a441136da431900302fdaaa2b5359427c95488846.jpg,17a546c54dfb97021e62c58a441136da431900302fdaaa2b5359427c95488846,false,,,index,accepted,
16,Городские пруды Хабаровска,curated_manual_yandex,https://avatars.mds.yandex.net/i?id=d47df4ef4f049a9c3958cc2cb7583582d736395b-7134052-images-thumbs&n=13,https://avatars.mds.yandex.net/i?id=d47df4ef4f049a9c3958cc2cb7583582d736395b-7134052-images-thumbs&n=13,,unknown,,pending_purchase,2026-09-11T09:26:29.012501+00:00,40c30e42085dbe83e62506939295f296dc3a75db0c6dc88b24813c36c01e0da0,9fe0e479788e6641,427,320,image/jpeg,dataset/datasets_clear/khabarovsk_tourism_44/work/khabarovsk_tourism_44/16_Городские пруды Хабаровска/photo_05.jpg,dataset/processed/016/original-810cd4df09a6ee40313fb3514c28241c8f03b5bbe628577e09bfafc9f98e2fc6.jpg,810cd4df09a6ee40313fb3514c28241c8f03b5bbe628577e09bfafc9f98e2fc6,false,,,index,accepted,
16,Городские пруды Хабаровска,curated_manual_yandex,https://avatars.mds.yandex.net/i?id=1380acea5714a50d2eb0c2be79c07ead77cedebc-10254792-images-thumbs&n=13,https://avatars.mds.yandex.net/i?id=1380acea5714a50d2eb0c2be79c07ead77cedebc-10254792-images-thumbs&n=13,,unknown,,pending_purchase,2026-09-11T09:26:29.017503+00:00,a7784980a71cf071ced35e6bafbe176888ecc8fc0bc4d59073d1c3007a15a6ea,d6c0bf0a605b8f96,427,320,image/jpeg,dataset/datasets_clear/khabarovsk_tourism_44/work/khabarovsk_tourism_44/16_Городские пруды Хабаровска/photo_06.jpg,dataset/processed/016/original-6ca30b73017dab925d736347da63738653efee9e08ad88a286895a8c016b52a2.jpg,6ca30b73017dab925d736347da63738653efee9e08ad88a286895a8c016b52a2,false,,,index,accepted,
16,Городские пруды Хабаровска,curated_manual_yandex,https://avatars.mds.yandex.net/i?id=8474c678ef28618d17aaf5589c5062a3a38b38aa-4276765-images-thumbs&n=13,https://avatars.mds.yandex.net/i?id=8474c678ef28618d17aaf5589c5062a3a38b38aa-4276765-images-thumbs&n=13,,unknown,,pending_purchase,2026-09-11T09:26:29.024021+00:00,ffee066702fcccfa4a6e397b5f33cc24d0ba619f83b80a59a832ca59fea7ed8e,c8f69fb1134ae06c,480,318,image/jpeg,dataset/datasets_clear/khabarovsk_tourism_44/work/khabarovsk_tourism_44/16_Городские пруды Хабаровска/photo_07.jpg,dataset/processed/016/original-99089b414a5b84ece741c5a562bc18622e8c27ad9bedc2e3b9e5126e4d6a16ef.jpg,99089b414a5b84ece741c5a562bc18622e8c27ad9bedc2e3b9e5126e4d6a16ef,false,,,index,accepted,
16,Городские пруды Хабаровска,curated_manual_yandex,https://avatars.mds.yandex.net/i?id=5f210bd3cf973fcaf882185673c72db5cb7920c6-10284885-images-thumbs&n=13,https://avatars.mds.yandex.net/i?id=5f210bd3cf973fcaf882185673c72db5cb7920c6-10284885-images-thumbs&n=13,,unknown,,pending_purchase,2026-09-11T09:26:29.030579+00:00,a4c4150649c29f705efac12fa53ecb7f1c005bf2a10bc7893c4f5be458cf61a7,d2a5eb3a6d0295e4,480,320,image/jpeg,dataset/datasets_clear/khabarovsk_tourism_44/work/khabarovsk_tourism_44/16_Городские пруды Хабаровска/photo_08.jpg,dataset/processed/016/original-bf6616f75f7c42f594ee76b34a5d04a8bceb0fb0d257ec479669ce9e99995569.jpg,bf6616f75f7c42f594ee76b34a5d04a8bceb0fb0d257ec479669ce9e99995569,false,,,test,accepted,
16,Городские пруды Хабаровска,curated_manual_yandex,https://avatars.mds.yandex.net/i?id=6fd207efee303004d639789704d1fe64af72a9e4-8497298-images-thumbs&n=13,https://avatars.mds.yandex.net/i?id=6fd207efee303004d639789704d1fe64af72a9e4-8497298-images-thumbs&n=13,,unknown,,pending_purchase,2026-09-11T09:26:28.991463+00:00,d462ad3a947ee4e38dcb594d414a951c3d5aaa6a191bd75b9f94391394c32605,8ed1f1526e3d0517,427,320,image/jpeg,dataset/datasets_clear/khabarovsk_tourism_44/work/khabarovsk_tourism_44/16_Городские пруды Хабаровска/photo_01.jpg,dataset/processed/016/aug-8c07cf2627b8-00.jpg,8c07cf2627b81f8c184f9d3851a75c07f35df4181f59c1b2312c60b23fdbdfc1,true,7f4988b706607a743a2d6d9127ee92a9c0629b7530c83f764b2937ae2affdc0c,rotate=-4;crop=0.03;brightness=0.96;contrast=1.04;color=0.98,index,accepted,
16,Городские пруды Хабаровска,curated_manual_yandex,https://avatars.mds.yandex.net/i?id=1ad1e806afb86f54c0dcf284ebe34babd88176cf-5859626-images-thumbs&n=13,https://avatars.mds.yandex.net/i?id=1ad1e806afb86f54c0dcf284ebe34babd88176cf-5859626-images-thumbs&n=13,,unknown,,pending_purchase,2026-09-11T09:26:28.996873+00:00,c3fee862617cc395980c4ab1fe8552f94c0d828738307272bae626cb9eb7529e,97803d47037abc75,427,320,image/jpeg,dataset/datasets_clear/khabarovsk_tourism_44/work/khabarovsk_tourism_44/16_Городские пруды Хабаровска/photo_02.jpg,dataset/processed/016/aug-257329354a89-01.jpg,257329354a897b7913143cfe593221376630f33aa681edbc915624e849697f4c,true,aec94aa61d43604d94cc9df1422a1d9f36a2c5058d3e6b999b12bcb531ef083c,rotate=+4;crop=0.03;brightness=1.04;contrast=0.96;color=1.02,index,accepted,
16,Городские пруды Хабаровска,curated_manual_yandex,https://avatars.mds.yandex.net/i?id=2985763e9e25e81ee5ca6bf2b52026241c086155-5676890-images-thumbs&n=13,https://avatars.mds.yandex.net/i?id=2985763e9e25e81ee5ca6bf2b52026241c086155-5676890-images-thumbs&n=13,,unknown,,pending_purchase,2026-09-11T09:26:29.006499+00:00,e5de89165537a520df5c7aa4160600a0912ff31270693165a27b9ac7bc320cea,94c0a1bdbf3b4e42,480,320,image/jpeg,dataset/datasets_clear/khabarovsk_tourism_44/work/khabarovsk_tourism_44/16_Городские пруды Хабаровска/photo_04.jpg,dataset/processed/016/aug-17a546c54dfb-02.jpg,17a546c54dfb97021e62c58a441136da431900302fdaaa2b5359427c95488846,true,b28c46afbcb38d4fb916b56dab16563041c32d94988673fd8395a14bafe6d8be,rotate=-2;crop=0.06;brightness=0.92;contrast=1.02;color=1.04,index,accepted,
16,Городские пруды Хабаровска,curated_manual_yandex,https://avatars.mds.yandex.net/i?id=d47df4ef4f049a9c3958cc2cb7583582d736395b-7134052-images-thumbs&n=13,https://avatars.mds.yandex.net/i?id=d47df4ef4f049a9c3958cc2cb7583582d736395b-7134052-images-thumbs&n=13,,unknown,,pending_purchase,2026-09-11T09:26:29.012501+00:00,b28692cc0591c3952531fa31529165d3ea92f742e38f491b1d1661d58f49c382,9fe0e639388ee621,427,320,image/jpeg,dataset/datasets_clear/khabarovsk_tourism_44/work/khabarovsk_tourism_44/16_Городские пруды Хабаровска/photo_05.jpg,dataset/processed/016/aug-810cd4df09a6-03.jpg,810cd4df09a6ee40313fb3514c28241c8f03b5bbe628577e09bfafc9f98e2fc6,true,40c30e42085dbe83e62506939295f296dc3a75db0c6dc88b24813c36c01e0da0,rotate=+2;crop=0.06;brightness=1.08;contrast=0.98;color=0.96,index,accepted,
16,Городские пруды Хабаровска,curated_manual_yandex,https://avatars.mds.yandex.net/i?id=1380acea5714a50d2eb0c2be79c07ead77cedebc-10254792-images-thumbs&n=13,https://avatars.mds.yandex.net/i?id=1380acea5714a50d2eb0c2be79c07ead77cedebc-10254792-images-thumbs&n=13,,unknown,,pending_purchase,2026-09-11T09:26:29.017503+00:00,9d432427d17be81c0e721adfb36c5d25556d3180332a019d213bbfb7b16f6e75,d4c0bf0f60539d95,427,320,image/jpeg,dataset/datasets_clear/khabarovsk_tourism_44/work/khabarovsk_tourism_44/16_Городские пруды Хабаровска/photo_06.jpg,dataset/processed/016/aug-6ca30b73017d-04.jpg,6ca30b73017dab925d736347da63738653efee9e08ad88a286895a8c016b52a2,true,a7784980a71cf071ced35e6bafbe176888ecc8fc0bc4d59073d1c3007a15a6ea,rotate=+0;crop=0.08;brightness=0.96;contrast=1.08;color=1.00,index,accepted,
16,Городские пруды Хабаровска,curated_manual_yandex,https://avatars.mds.yandex.net/i?id=8474c678ef28618d17aaf5589c5062a3a38b38aa-4276765-images-thumbs&n=13,https://avatars.mds.yandex.net/i?id=8474c678ef28618d17aaf5589c5062a3a38b38aa-4276765-images-thumbs&n=13,,unknown,,pending_purchase,2026-09-11T09:26:29.024021+00:00,2acd1ab6742ffb400cf6cbed5135ee8c2296553ca4fb19514b957d882b726095,c8f69db51942e06e,480,318,image/jpeg,dataset/datasets_clear/khabarovsk_tourism_44/work/khabarovsk_tourism_44/16_Городские пруды Хабаровска/photo_07.jpg,dataset/processed/016/aug-99089b414a5b-05.jpg,99089b414a5b84ece741c5a562bc18622e8c27ad9bedc2e3b9e5126e4d6a16ef,true,ffee066702fcccfa4a6e397b5f33cc24d0ba619f83b80a59a832ca59fea7ed8e,rotate=+0;crop=0.04;brightness=1.04;contrast=0.92;color=1.05,index,accepted,
17,Парк Муравьёва-Амурского и набережная Невельского,curated_manual_yandex,https://avatars.mds.yandex.net/i?id=c0da1d9474c0fed7ba98cf6618ed937eed8b8191-8522161-images-thumbs&n=13,https://avatars.mds.yandex.net/i?id=c0da1d9474c0fed7ba98cf6618ed937eed8b8191-8522161-images-thumbs&n=13,,unknown,,pending_purchase,2026-09-11T09:26:29.210638+00:00,fd82e8c695ffa10957cf47429302648c0f62dde6fe581681d7628e0afd9b0ea2,97f88ff06058f30c,480,320,image/jpeg,dataset/datasets_clear/khabarovsk_tourism_44/work/khabarovsk_tourism_44/17_Парк Муравьёва-Амурского и набережная Невельского/photo_01.jpg,dataset/processed/017/original-2b6dc6084317efa3e25de1335bab4a6a4f505a24c7743e72b5dffa3ea0b25935.jpg,2b6dc6084317efa3e25de1335bab4a6a4f505a24c7743e72b5dffa3ea0b25935,false,,,index,accepted,
17,Парк Муравьёва-Амурского и набережная Невельского,curated_manual_yandex,https://avatars.mds.yandex.net/i?id=623bcbec05e2de19a6cb2955fc061a52ed37d448-5354397-images-thumbs&n=13,https://avatars.mds.yandex.net/i?id=623bcbec05e2de19a6cb2955fc061a52ed37d448-5354397-images-thumbs&n=13,,unknown,,pending_purchase,2026-09-11T09:26:29.215635+00:00,9929ca50755e74f49a4128c72f8678f4c6b35a22f43252e35088924c407a7231,d098af6585f33685,478,320,image/jpeg,dataset/datasets_clear/khabarovsk_tourism_44/work/khabarovsk_tourism_44/17_Парк Муравьёва-Амурского и набережная Невельского/photo_04.jpg,dataset/processed/017/original-0efef8b69f5bb4825485c48e46b7dfdb0b0e0c9c246c8c6a048b8a2789d9fa9d.jpg,0efef8b69f5bb4825485c48e46b7dfdb0b0e0c9c246c8c6a048b8a2789d9fa9d,false,,,test,accepted,
17,Парк Муравьёва-Амурского и набережная Невельского,curated_manual_yandex,https://avatars.mds.yandex.net/i?id=c0da1d9474c0fed7ba98cf6618ed937eed8b8191-8522161-images-thumbs&n=13,https://avatars.mds.yandex.net/i?id=c0da1d9474c0fed7ba98cf6618ed937eed8b8191-8522161-images-thumbs&n=13,,unknown,,pending_purchase,2026-09-11T09:26:29.210638+00:00,774adcb108226bfa8609f53a34935bfdf46346057e783d46f3d8b49acd3a5865,86e987d6600cf34f,480,320,image/jpeg,dataset/datasets_clear/khabarovsk_tourism_44/work/khabarovsk_tourism_44/17_Парк Муравьёва-Амурского и набережная Невельского/photo_01.jpg,dataset/processed/017/aug-2b6dc6084317-00.jpg,2b6dc6084317efa3e25de1335bab4a6a4f505a24c7743e72b5dffa3ea0b25935,true,fd82e8c695ffa10957cf47429302648c0f62dde6fe581681d7628e0afd9b0ea2,rotate=-4;crop=0.03;brightness=0.96;contrast=1.04;color=0.98,index,accepted,
17,Парк Муравьёва-Амурского и набережная Невельского,curated_manual_yandex,https://avatars.mds.yandex.net/i?id=c0da1d9474c0fed7ba98cf6618ed937eed8b8191-8522161-images-thumbs&n=13,https://avatars.mds.yandex.net/i?id=c0da1d9474c0fed7ba98cf6618ed937eed8b8191-8522161-images-thumbs&n=13,,unknown,,pending_purchase,2026-09-11T09:26:29.210638+00:00,f3c44c6f52734f16a8bce3a658d32e54e721a93ef187d192c8a215be48b417a6,f6db8eb12358870c,480,320,image/jpeg,dataset/datasets_clear/khabarovsk_tourism_44/work/khabarovsk_tourism_44/17_Парк Муравьёва-Амурского и набережная Невельского/photo_01.jpg,dataset/processed/017/aug-2b6dc6084317-01.jpg,2b6dc6084317efa3e25de1335bab4a6a4f505a24c7743e72b5dffa3ea0b25935,true,fd82e8c695ffa10957cf47429302648c0f62dde6fe581681d7628e0afd9b0ea2,rotate=+4;crop=0.03;brightness=1.04;contrast=0.96;color=1.02,index,accepted,
17,Парк Муравьёва-Амурского и набережная Невельского,curated_manual_yandex,https://avatars.mds.yandex.net/i?id=c0da1d9474c0fed7ba98cf6618ed937eed8b8191-8522161-images-thumbs&n=13,https://avatars.mds.yandex.net/i?id=c0da1d9474c0fed7ba98cf6618ed937eed8b8191-8522161-images-thumbs&n=13,,unknown,,pending_purchase,2026-09-11T09:26:29.210638+00:00,d9902630ca8542952879fde64bdb7916f667017067839ab271ccae8a04ea9d6d,86f98ff4601cf30c,480,320,image/jpeg,dataset/datasets_clear/khabarovsk_tourism_44/work/khabarovsk_tourism_44/17_Парк Муравьёва-Амурского и набережная Невельского/photo_01.jpg,dataset/processed/017/aug-2b6dc6084317-02.jpg,2b6dc6084317efa3e25de1335bab4a6a4f505a24c7743e72b5dffa3ea0b25935,true,fd82e8c695ffa10957cf47429302648c0f62dde6fe581681d7628e0afd9b0ea2,rotate=-2;crop=0.06;brightness=0.92;contrast=1.02;color=1.04,index,accepted,
17,Парк Муравьёва-Амурского и набережная Невельского,curated_manual_yandex,https://avatars.mds.yandex.net/i?id=c0da1d9474c0fed7ba98cf6618ed937eed8b8191-8522161-images-thumbs&n=13,https://avatars.mds.yandex.net/i?id=c0da1d9474c0fed7ba98cf6618ed937eed8b8191-8522161-images-thumbs&n=13,,unknown,,pending_purchase,2026-09-11T09:26:29.210638+00:00,a812f1b897f176a8279c1458d8a063fe5da5a8585cf727805bde5e90f963f92a,d7d98fb0205cf30c,480,320,image/jpeg,dataset/datasets_clear/khabarovsk_tourism_44/work/khabarovsk_tourism_44/17_Парк Муравьёва-Амурского и набережная Невельского/photo_01.jpg,dataset/processed/017/aug-2b6dc6084317-03.jpg,2b6dc6084317efa3e25de1335bab4a6a4f505a24c7743e72b5dffa3ea0b25935,true,fd82e8c695ffa10957cf47429302648c0f62dde6fe581681d7628e0afd9b0ea2,rotate=+2;crop=0.06;brightness=1.08;contrast=0.98;color=0.96,index,accepted,
17,Парк Муравьёва-Амурского и набережная Невельского,curated_manual_yandex,https://avatars.mds.yandex.net/i?id=c0da1d9474c0fed7ba98cf6618ed937eed8b8191-8522161-images-thumbs&n=13,https://avatars.mds.yandex.net/i?id=c0da1d9474c0fed7ba98cf6618ed937eed8b8191-8522161-images-thumbs&n=13,,unknown,,pending_purchase,2026-09-11T09:26:29.210638+00:00,4be5ea506b7098fb1bd12c4b73070dfccde76fdbaeb18dd1e93593355d1679d4,a6fb8ff04158e708,480,320,image/jpeg,dataset/datasets_clear/khabarovsk_tourism_44/work/khabarovsk_tourism_44/17_Парк Муравьёва-Амурского и набережная Невельского/photo_01.jpg,dataset/processed/017/aug-2b6dc6084317-04.jpg,2b6dc6084317efa3e25de1335bab4a6a4f505a24c7743e72b5dffa3ea0b25935,true,fd82e8c695ffa10957cf47429302648c0f62dde6fe581681d7628e0afd9b0ea2,rotate=+0;crop=0.08;brightness=0.96;contrast=1.08;color=1.00,index,accepted,
17,Парк Муравьёва-Амурского и набережная Невельского,curated_manual_yandex,https://avatars.mds.yandex.net/i?id=c0da1d9474c0fed7ba98cf6618ed937eed8b8191-8522161-images-thumbs&n=13,https://avatars.mds.yandex.net/i?id=c0da1d9474c0fed7ba98cf6618ed937eed8b8191-8522161-images-thumbs&n=13,,unknown,,pending_purchase,2026-09-11T09:26:29.210638+00:00,b90c602e14b5a4c3667f15083ad805eba19f2b8aced4da70f8e0a7808794b252,d7f887f0405ce70c,480,320,image/jpeg,dataset/datasets_clear/khabarovsk_tourism_44/work/khabarovsk_tourism_44/17_Парк Муравьёва-Амурского и набережная Невельского/photo_01.jpg,dataset/processed/017/aug-2b6dc6084317-05.jpg,2b6dc6084317efa3e25de1335bab4a6a4f505a24c7743e72b5dffa3ea0b25935,true,fd82e8c695ffa10957cf47429302648c0f62dde6fe581681d7628e0afd9b0ea2,rotate=+0;crop=0.04;brightness=1.04;contrast=0.92;color=1.05,index,accepted,
17,Парк Муравьёва-Амурского и набережная Невельского,curated_manual_yandex,https://avatars.mds.yandex.net/i?id=c0da1d9474c0fed7ba98cf6618ed937eed8b8191-8522161-images-thumbs&n=13,https://avatars.mds.yandex.net/i?id=c0da1d9474c0fed7ba98cf6618ed937eed8b8191-8522161-images-thumbs&n=13,,unknown,,pending_purchase,2026-09-11T09:26:29.210638+00:00,55b919f3ef0558ed28bcc17681776ed174c8f747af4e7a0c7c9d6d9f9215ecf0,96a987d6600df30f,480,320,image/jpeg,dataset/datasets_clear/khabarovsk_tourism_44/work/khabarovsk_tourism_44/17_Парк Муравьёва-Амурского и набережная Невельского/photo_01.jpg,dataset/processed/017/aug-2b6dc6084317-06.jpg,2b6dc6084317efa3e25de1335bab4a6a4f505a24c7743e72b5dffa3ea0b25935,true,fd82e8c695ffa10957cf47429302648c0f62dde6fe581681d7628e0afd9b0ea2,rotate=-4;crop=0.03;brightness=0.96;contrast=1.04;color=0.98,index,accepted,
17,Парк Муравьёва-Амурского и набережная Невельского,curated_manual_yandex,https://avatars.mds.yandex.net/i?id=c0da1d9474c0fed7ba98cf6618ed937eed8b8191-8522161-images-thumbs&n=13,https://avatars.mds.yandex.net/i?id=c0da1d9474c0fed7ba98cf6618ed937eed8b8191-8522161-images-thumbs&n=13,,unknown,,pending_purchase,2026-09-11T09:26:29.210638+00:00,e4005fc1754f34e749d0c8a01a62c6399350637375800020c786b222c15ca4dd,d7d98fb02a5c831c,480,320,image/jpeg,dataset/datasets_clear/khabarovsk_tourism_44/work/khabarovsk_tourism_44/17_Парк Муравьёва-Амурского и набережная Невельского/photo_01.jpg,dataset/processed/017/aug-2b6dc6084317-07.jpg,2b6dc6084317efa3e25de1335bab4a6a4f505a24c7743e72b5dffa3ea0b25935,true,fd82e8c695ffa10957cf47429302648c0f62dde6fe581681d7628e0afd9b0ea2,rotate=+4;crop=0.03;brightness=1.04;contrast=0.96;color=1.02,index,accepted,
17,Парк Муравьёва-Амурского и набережная Невельского,curated_manual_yandex,https://avatars.mds.yandex.net/i?id=c0da1d9474c0fed7ba98cf6618ed937eed8b8191-8522161-images-thumbs&n=13,https://avatars.mds.yandex.net/i?id=c0da1d9474c0fed7ba98cf6618ed937eed8b8191-8522161-images-thumbs&n=13,,unknown,,pending_purchase,2026-09-11T09:26:29.210638+00:00,5fc88443bec1491468e53d019165b00c3af0b173b0cfd0a2f13573a3042394b0,96f887d6601cf30e,480,320,image/jpeg,dataset/datasets_clear/khabarovsk_tourism_44/work/khabarovsk_tourism_44/17_Парк Муравьёва-Амурского и набережная Невельского/photo_01.jpg,dataset/processed/017/aug-2b6dc6084317-08.jpg,2b6dc6084317efa3e25de1335bab4a6a4f505a24c7743e72b5dffa3ea0b25935,true,fd82e8c695ffa10957cf47429302648c0f62dde6fe581681d7628e0afd9b0ea2,rotate=-2;crop=0.06;brightness=0.92;contrast=1.02;color=1.04,index,accepted,
17,Парк Муравьёва-Амурского и набережная Невельского,curated_manual_yandex,https://avatars.mds.yandex.net/i?id=c0da1d9474c0fed7ba98cf6618ed937eed8b8191-8522161-images-thumbs&n=13,https://avatars.mds.yandex.net/i?id=c0da1d9474c0fed7ba98cf6618ed937eed8b8191-8522161-images-thumbs&n=13,,unknown,,pending_purchase,2026-09-11T09:26:29.210638+00:00,1d04cfb00c5c5303e9d265ebebe00dbfbec242a8ab5c3c4cbb8c8c17db1ab6c7,87d98fb4215cf30c,480,320,image/jpeg,dataset/datasets_clear/khabarovsk_tourism_44/work/khabarovsk_tourism_44/17_Парк Муравьёва-Амурского и набережная Невельского/photo_01.jpg,dataset/processed/017/aug-2b6dc6084317-09.jpg,2b6dc6084317efa3e25de1335bab4a6a4f505a24c7743e72b5dffa3ea0b25935,true,fd82e8c695ffa10957cf47429302648c0f62dde6fe581681d7628e0afd9b0ea2,rotate=+2;crop=0.06;brightness=1.08;contrast=0.98;color=0.96,index,accepted,
17,Парк Муравьёва-Амурского и набережная Невельского,curated_manual_yandex,https://avatars.mds.yandex.net/i?id=c0da1d9474c0fed7ba98cf6618ed937eed8b8191-8522161-images-thumbs&n=13,https://avatars.mds.yandex.net/i?id=c0da1d9474c0fed7ba98cf6618ed937eed8b8191-8522161-images-thumbs&n=13,,unknown,,pending_purchase,2026-09-11T09:26:29.210638+00:00,f4bd67544c4974af0f171fc440cf9c239d3a16c3144125e6bfcecae069c1ed10,a6db8ff04158e718,480,320,image/jpeg,dataset/datasets_clear/khabarovsk_tourism_44/work/khabarovsk_tourism_44/17_Парк Муравьёва-Амурского и набережная Невельского/photo_01.jpg,dataset/processed/017/aug-2b6dc6084317-10.jpg,2b6dc6084317efa3e25de1335bab4a6a4f505a24c7743e72b5dffa3ea0b25935,true,fd82e8c695ffa10957cf47429302648c0f62dde6fe581681d7628e0afd9b0ea2,rotate=+0;crop=0.08;brightness=0.96;contrast=1.08;color=1.00,index,accepted,
18,Мемориал «Чёрный тюльпан»,curated_manual_yandex,https://avatars.mds.yandex.net/i?id=cd1714bd7af4ddf9bb364b09f9b0db7849ebe01b-5146554-images-thumbs&n=13,https://avatars.mds.yandex.net/i?id=cd1714bd7af4ddf9bb364b09f9b0db7849ebe01b-5146554-images-thumbs&n=13,,unknown,,pending_purchase,2026-09-11T09:26:29.583003+00:00,12961db420d40a9a6535ae54949bbd90f11cf7f32768d5f446cf6e262d2df507,f1b1f8e94b0ea494,256,320,image/jpeg,dataset/datasets_clear/khabarovsk_tourism_44/work/khabarovsk_tourism_44/18_Мемориал «Чёрный тюльпан»/photo_01.jpg,dataset/processed/018/original-1fc4629cdc700e2018331ae447651220348224e35cd286ad642b40427c1102d7.jpg,1fc4629cdc700e2018331ae447651220348224e35cd286ad642b40427c1102d7,false,,,index,accepted,
18,Мемориал «Чёрный тюльпан»,curated_manual_yandex,https://avatars.mds.yandex.net/i?id=ee23e4170c5bb7eed69dccfe56a9576dbf4ff25c-4011861-images-thumbs&n=13,https://avatars.mds.yandex.net/i?id=ee23e4170c5bb7eed69dccfe56a9576dbf4ff25c-4011861-images-thumbs&n=13,,unknown,,pending_purchase,2026-09-11T09:26:29.587003+00:00,0e416c05d5418d8a438a9f885c1337b50e3dd7a880587c04ce55d0c64ecd3b95,a0b1fbd60de644e4,240,320,image/jpeg,dataset/datasets_clear/khabarovsk_tourism_44/work/khabarovsk_tourism_44/18_Мемориал «Чёрный тюльпан»/photo_02.jpg,dataset/processed/018/original-8f38a78fdfbdadfad1adb3add527d9993bc9bbd09caf3f29ea38dc621a618d84.jpg,8f38a78fdfbdadfad1adb3add527d9993bc9bbd09caf3f29ea38dc621a618d84,false,,,index,accepted,
18,Мемориал «Чёрный тюльпан»,curated_manual_yandex,https://avatars.mds.yandex.net/i?id=3d8d93873fb7195348f231f06e44d4b0da359c8a-12569664-images-thumbs&n=13,https://avatars.mds.yandex.net/i?id=3d8d93873fb7195348f231f06e44d4b0da359c8a-12569664-images-thumbs&n=13,,unknown,,pending_purchase,2026-09-11T09:26:29.593520+00:00,59b1b647fd814a32e434026b6e506d630bd8b5121aba737a21ec5c2532b1133d,84869bcb528374fd,479,320,image/jpeg,dataset/datasets_clear/khabarovsk_tourism_44/work/khabarovsk_tourism_44/18_Мемориал «Чёрный тюльпан»/photo_03.jpg,dataset/processed/018/original-0f5a689b980824d4e34af1653a990c1a77243a5f6f18113829f048ace16cef97.jpg,0f5a689b980824d4e34af1653a990c1a77243a5f6f18113829f048ace16cef97,false,,,index,accepted,
18,Мемориал «Чёрный тюльпан»,curated_manual_yandex,https://avatars.mds.yandex.net/i?id=0f7e5204a951f5d8d933fcbc92fa81fa34a390c8-12422251-images-thumbs&n=13,https://avatars.mds.yandex.net/i?id=0f7e5204a951f5d8d933fcbc92fa81fa34a390c8-12422251-images-thumbs&n=13,,unknown,,pending_purchase,2026-09-11T09:26:29.597363+00:00,e26fbbc7c78c0babbcbcaef8fe93cb2175384137b9892023a94297e9abaeba8f,966df02cce36c7a0,240,320,image/jpeg,dataset/datasets_clear/khabarovsk_tourism_44/work/khabarovsk_tourism_44/18_Мемориал «Чёрный тюльпан»/photo_04.jpg,dataset/processed/018/original-6cbe52ddc566fd03559d5b3df5b5de8472a129c2c63bada16afdcdcb30d8ef64.jpg,6cbe52ddc566fd03559d5b3df5b5de8472a129c2c63bada16afdcdcb30d8ef64,false,,,index,accepted,
18,Мемориал «Чёрный тюльпан»,curated_manual_yandex,https://avatars.mds.yandex.net/i?id=8c8491bf94a6802abe40d01c07d4aa4f6dca2a2c-5150774-images-thumbs&n=13,https://avatars.mds.yandex.net/i?id=8c8491bf94a6802abe40d01c07d4aa4f6dca2a2c-5150774-images-thumbs&n=13,,unknown,,pending_purchase,2026-09-11T09:26:29.601362+00:00,e82b07fcaf5f58d6b5e574967dabdfaf2e1e2c72d0d6d069fe620d165fe54fe7,c787b9b8d84ae544,240,320,image/jpeg,dataset/datasets_clear/khabarovsk_tourism_44/work/khabarovsk_tourism_44/18_Мемориал «Чёрный тюльпан»/photo_05.jpg,dataset/processed/018/original-0d01b757d46391a78fd9a9131b19eaf1e80fe77f61a8e967898cc4b0b93e3fa5.jpg,0d01b757d46391a78fd9a9131b19eaf1e80fe77f61a8e967898cc4b0b93e3fa5,false,,,index,accepted,
18,Мемориал «Чёрный тюльпан»,curated_manual_yandex,https://avatars.mds.yandex.net/i?id=6a6bafb72e2825bfb0df1787d6964261f2a277d0-9287521-images-thumbs&n=13,https://avatars.mds.yandex.net/i?id=6a6bafb72e2825bfb0df1787d6964261f2a277d0-9287521-images-thumbs&n=13,,unknown,,pending_purchase,2026-09-11T09:26:29.605610+00:00,54e110c25cf59ccbf02b9d11dc02baea95bffd9f224834ee35116f451749d909,d6a12d1e79b407a9,240,320,image/jpeg,dataset/datasets_clear/khabarovsk_tourism_44/work/khabarovsk_tourism_44/18_Мемориал «Чёрный тюльпан»/photo_06.jpg,dataset/processed/018/original-5527ed9e85891186d962ae052b55a62ff3b89dab76efc983fa053f81961cbb8d.jpg,5527ed9e85891186d962ae052b55a62ff3b89dab76efc983fa053f81961cbb8d,false,,,test,accepted,
18,Мемориал «Чёрный тюльпан»,curated_manual_yandex,https://avatars.mds.yandex.net/i?id=bc73d0c05ed37a4851100d1ec7078083bbd45222-5179078-images-thumbs&n=13,https://avatars.mds.yandex.net/i?id=bc73d0c05ed37a4851100d1ec7078083bbd45222-5179078-images-thumbs&n=13,,unknown,,pending_purchase,2026-09-11T09:26:29.609412+00:00,5f1c538ee110d1cb91d386ca6df704fdf80d0e27fd5ca14daf01b07664f0d651,af92c3d8785c27c2,180,320,image/jpeg,dataset/datasets_clear/khabarovsk_tourism_44/work/khabarovsk_tourism_44/18_Мемориал «Чёрный тюльпан»/photo_07.jpg,dataset/processed/018/original-5c684b7630f0060c1f3f70f394bcd04753232744f1ca88d966358ac3adb48a1f.jpg,5c684b7630f0060c1f3f70f394bcd04753232744f1ca88d966358ac3adb48a1f,false,,,index,accepted,
18,Мемориал «Чёрный тюльпан»,curated_manual_yandex,https://avatars.mds.yandex.net/i?id=0ffa1f44ef0640400c0956b352ecf8710d9d27bd-5226476-images-thumbs&n=13,https://avatars.mds.yandex.net/i?id=0ffa1f44ef0640400c0956b352ecf8710d9d27bd-5226476-images-thumbs&n=13,,unknown,,pending_purchase,2026-09-11T09:26:29.614742+00:00,f0711ac82d1f020e4148a8251c7a7d2e8eb4ff349f5fbfeeb0e060e5ad1c0479,90d0e4e46bf8197e,480,294,image/jpeg,dataset/datasets_clear/khabarovsk_tourism_44/work/khabarovsk_tourism_44/18_Мемориал «Чёрный тюльпан»/photo_08.jpg,dataset/processed/018/original-a33d4d61ff974305161436d88588622aca56c6fae57572383290f172b68af31f.jpg,a33d4d61ff974305161436d88588622aca56c6fae57572383290f172b68af31f,false,,,validation,accepted,
18,Мемориал «Чёрный тюльпан»,curated_manual_yandex,https://avatars.mds.yandex.net/i?id=cd1714bd7af4ddf9bb364b09f9b0db7849ebe01b-5146554-images-thumbs&n=13,https://avatars.mds.yandex.net/i?id=cd1714bd7af4ddf9bb364b09f9b0db7849ebe01b-5146554-images-thumbs&n=13,,unknown,,pending_purchase,2026-09-11T09:26:29.583003+00:00,14ac3bf59c2eb8baa8f7e1e9ba0cbc20905f42e42cdce1aa3fe574e64e862de2,f1b1c8e94b4e3456,256,320,image/jpeg,dataset/datasets_clear/khabarovsk_tourism_44/work/khabarovsk_tourism_44/18_Мемориал «Чёрный тюльпан»/photo_01.jpg,dataset/processed/018/aug-1fc4629cdc70-00.jpg,1fc4629cdc700e2018331ae447651220348224e35cd286ad642b40427c1102d7,true,12961db420d40a9a6535ae54949bbd90f11cf7f32768d5f446cf6e262d2df507,rotate=-4;crop=0.03;brightness=0.96;contrast=1.04;color=0.98,index,accepted,
18,Мемориал «Чёрный тюльпан»,curated_manual_yandex,https://avatars.mds.yandex.net/i?id=ee23e4170c5bb7eed69dccfe56a9576dbf4ff25c-4011861-images-thumbs&n=13,https://avatars.mds.yandex.net/i?id=ee23e4170c5bb7eed69dccfe56a9576dbf4ff25c-4011861-images-thumbs&n=13,,unknown,,pending_purchase,2026-09-11T09:26:29.587003+00:00,1fda7e28025039ca0c526a12d4026878077b101b959aa8f0623dea1cd1159e5a,b4b9d8460ba74667,240,320,image/jpeg,dataset/datasets_clear/khabarovsk_tourism_44/work/khabarovsk_tourism_44/18_Мемориал «Чёрный тюльпан»/photo_02.jpg,dataset/processed/018/aug-8f38a78fdfbd-01.jpg,8f38a78fdfbdadfad1adb3add527d9993bc9bbd09caf3f29ea38dc621a618d84,true,0e416c05d5418d8a438a9f885c1337b50e3dd7a880587c04ce55d0c64ecd3b95,rotate=+4;crop=0.03;brightness=1.04;contrast=0.96;color=1.02,index,accepted,
18,Мемориал «Чёрный тюльпан»,curated_manual_yandex,https://avatars.mds.yandex.net/i?id=3d8d93873fb7195348f231f06e44d4b0da359c8a-12569664-images-thumbs&n=13,https://avatars.mds.yandex.net/i?id=3d8d93873fb7195348f231f06e44d4b0da359c8a-12569664-images-thumbs&n=13,,unknown,,pending_purchase,2026-09-11T09:26:29.593520+00:00,e4b7c187a1749bffbf45f861f7254521c50eb405f7f80dbd4bd59a766f717ba9,a58c9bc352c175cb,479,320,image/jpeg,dataset/datasets_clear/khabarovsk_tourism_44/work/khabarovsk_tourism_44/18_Мемориал «Чёрный тюльпан»/photo_03.jpg,dataset/processed/018/aug-0f5a689b9808-02.jpg,0f5a689b980824d4e34af1653a990c1a77243a5f6f18113829f048ace16cef97,true,59b1b647fd814a32e434026b6e506d630bd8b5121aba737a21ec5c2532b1133d,rotate=-2;crop=0.06;brightness=0.92;contrast=1.02;color=1.04,index,accepted,
18,Мемориал «Чёрный тюльпан»,curated_manual_yandex,https://avatars.mds.yandex.net/i?id=0f7e5204a951f5d8d933fcbc92fa81fa34a390c8-12422251-images-thumbs&n=13,https://avatars.mds.yandex.net/i?id=0f7e5204a951f5d8d933fcbc92fa81fa34a390c8-12422251-images-thumbs&n=13,,unknown,,pending_purchase,2026-09-11T09:26:29.597363+00:00,147c6b3ad4e0256a92e366e1c48bf172b76db3bff3789339ec4b5cbb72608946,964df12c8e37c7a0,240,320,image/jpeg,dataset/datasets_clear/khabarovsk_tourism_44/work/khabarovsk_tourism_44/18_Мемориал «Чёрный тюльпан»/photo_04.jpg,dataset/processed/018/aug-6cbe52ddc566-03.jpg,6cbe52ddc566fd03559d5b3df5b5de8472a129c2c63bada16afdcdcb30d8ef64,true,e26fbbc7c78c0babbcbcaef8fe93cb2175384137b9892023a94297e9abaeba8f,rotate=+2;crop=0.06;brightness=1.08;contrast=0.98;color=0.96,index,accepted,
18,Мемориал «Чёрный тюльпан»,curated_manual_yandex,https://avatars.mds.yandex.net/i?id=8c8491bf94a6802abe40d01c07d4aa4f6dca2a2c-5150774-images-thumbs&n=13,https://avatars.mds.yandex.net/i?id=8c8491bf94a6802abe40d01c07d4aa4f6dca2a2c-5150774-images-thumbs&n=13,,unknown,,pending_purchase,2026-09-11T09:26:29.601362+00:00,f4f9a89d9bd1d1287bdebf46fc0fa5edfdc9e594d10226b05b66af57905e08f9,8787b1b8d8dae990,240,320,image/jpeg,dataset/datasets_clear/khabarovsk_tourism_44/work/khabarovsk_tourism_44/18_Мемориал «Чёрный тюльпан»/photo_05.jpg,dataset/processed/018/aug-0d01b757d463-04.jpg,0d01b757d46391a78fd9a9131b19eaf1e80fe77f61a8e967898cc4b0b93e3fa5,true,e82b07fcaf5f58d6b5e574967dabdfaf2e1e2c72d0d6d069fe620d165fe54fe7,rotate=+0;crop=0.08;brightness=0.96;contrast=1.08;color=1.00,index,accepted,
18,Мемориал «Чёрный тюльпан»,curated_manual_yandex,https://avatars.mds.yandex.net/i?id=bc73d0c05ed37a4851100d1ec7078083bbd45222-5179078-images-thumbs&n=13,https://avatars.mds.yandex.net/i?id=bc73d0c05ed37a4851100d1ec7078083bbd45222-5179078-images-thumbs&n=13,,unknown,,pending_purchase,2026-09-11T09:26:29.609412+00:00,198be28d01903d5b7f8c17ace41f15ba232962b6d18e4c66c33123219fa4d015,a793d9d85c1527c2,180,320,image/jpeg,dataset/datasets_clear/khabarovsk_tourism_44/work/khabarovsk_tourism_44/18_Мемориал «Чёрный тюльпан»/photo_07.jpg,dataset/processed/018/aug-5c684b7630f0-05.jpg,5c684b7630f0060c1f3f70f394bcd04753232744f1ca88d966358ac3adb48a1f,true,5f1c538ee110d1cb91d386ca6df704fdf80d0e27fd5ca14daf01b07664f0d651,rotate=+0;crop=0.04;brightness=1.04;contrast=0.92;color=1.05,index,accepted,
19,Хабаровский железнодорожный вокзал,curated_manual_yandex,https://avatars.mds.yandex.net/i?id=d496b4d04305ed044bac1a828400098f-5888920-images-thumbs&n=13,https://avatars.mds.yandex.net/i?id=d496b4d04305ed044bac1a828400098f-5888920-images-thumbs&n=13,,unknown,,pending_purchase,2026-09-11T09:26:29.732379+00:00,a2d76d2985d1dd5d0a78d9ca33f06da5510951984523a0e9ebbb27c7d3c6a2a0,c92e5835ba49d54e,427,320,image/jpeg,dataset/datasets_clear/khabarovsk_tourism_44/work/khabarovsk_tourism_44/19_Хабаровский железнодорожный вокзал/photo_01.jpg,dataset/processed/019/original-591c1473924ac73034b2fabfd44ef4e720f60576f8b4cf997c829b98fb694cf2.jpg,591c1473924ac73034b2fabfd44ef4e720f60576f8b4cf997c829b98fb694cf2,false,,,index,accepted,
19,Хабаровский железнодорожный вокзал,curated_manual_yandex,https://avatars.mds.yandex.net/i?id=99040ce9688ae705c7aaae7f0a056fa02c703fbf-4431911-images-thumbs&n=13,https://avatars.mds.yandex.net/i?id=99040ce9688ae705c7aaae7f0a056fa02c703fbf-4431911-images-thumbs&n=13,,unknown,,pending_purchase,2026-09-11T09:26:29.737378+00:00,17d359321a9d9e56d0ea8292a3601f5fcdd2a24643c77602c52fc3b6460a8146,f3e759e0841c0d1f,480,320,image/jpeg,dataset/datasets_clear/khabarovsk_tourism_44/work/khabarovsk_tourism_44/19_Хабаровский железнодорожный вокзал/photo_02.jpg,dataset/processed/019/original-660c103b88b6c47e21e24ec1270589c40c181386cd428e53f769c3bea3c85845.jpg,660c103b88b6c47e21e24ec1270589c40c181386cd428e53f769c3bea3c85845,false,,,index,accepted,
19,Хабаровский железнодорожный вокзал,curated_manual_yandex,https://avatars.mds.yandex.net/i?id=1f1c427915be60c1776cbf25970a519eb4ddd668-5101235-images-thumbs&n=13,https://avatars.mds.yandex.net/i?id=1f1c427915be60c1776cbf25970a519eb4ddd668-5101235-images-thumbs&n=13,,unknown,,pending_purchase,2026-09-11T09:26:29.743386+00:00,8c9a3fcb370bd518fd09117f61801365c7ebb0d2f02f9715f7d13f5dd186bc24,dc292b66a9c85aab,320,320,image/jpeg,dataset/datasets_clear/khabarovsk_tourism_44/work/khabarovsk_tourism_44/19_Хабаровский железнодорожный вокзал/photo_03.jpg,dataset/processed/019/original-227d7ae39e0a1eb87f15e2ff2d9d8cb2662728ba8030a523284d9aeca6850ba4.jpg,227d7ae39e0a1eb87f15e2ff2d9d8cb2662728ba8030a523284d9aeca6850ba4,false,,,index,accepted,
19,Хабаровский железнодорожный вокзал,curated_manual_yandex,https://avatars.mds.yandex.net/i?id=652ce2d743f54c07317148d755500bd37bc7cff3-3726110-images-thumbs&n=13,https://avatars.mds.yandex.net/i?id=652ce2d743f54c07317148d755500bd37bc7cff3-3726110-images-thumbs&n=13,,unknown,,pending_purchase,2026-09-11T09:26:29.749387+00:00,1aeca0fa1baeb20e222f7d7baceb9f7ebff18bc0c50ce90280a33557e9fd1644,81f6690e79043ff2,480,320,image/jpeg,dataset/datasets_clear/khabarovsk_tourism_44/work/khabarovsk_tourism_44/19_Хабаровский железнодорожный вокзал/photo_04.jpg,dataset/processed/019/original-20b7ffcbc706a8b166f065a1fd579e57650095d8fcbc11a2dbd72012684a691f.jpg,20b7ffcbc706a8b166f065a1fd579e57650095d8fcbc11a2dbd72012684a691f,false,,,index,accepted,
19,Хабаровский железнодорожный вокзал,curated_manual_yandex,https://avatars.mds.yandex.net/i?id=cb1bc0e62489f408eff490548b57fa3612903a2c-12822923-images-thumbs&n=13,https://avatars.mds.yandex.net/i?id=cb1bc0e62489f408eff490548b57fa3612903a2c-12822923-images-thumbs&n=13,,unknown,,pending_purchase,2026-09-11T09:26:29.753894+00:00,37828d3822365f4361bd3315a5467647e9cf390cca933c46c7fb1b361d1e237a,defe5e6686040e86,480,222,image/jpeg,dataset/datasets_clear/khabarovsk_tourism_44/work/khabarovsk_tourism_44/19_Хабаровский железнодорожный вокзал/photo_05.jpg,dataset/processed/019/original-c0f2d7a693bcf2ca372d2f93e3ad07c97b829a2360833bad8e7d95313d97f59c.jpg,c0f2d7a693bcf2ca372d2f93e3ad07c97b829a2360833bad8e7d95313d97f59c,false,,,test,accepted,
19,Хабаровский железнодорожный вокзал,curated_manual_yandex,https://avatars.mds.yandex.net/i?id=a5f77174e7fabf6e1ef8791b2e5e63e59e4acf70-13509485-images-thumbs&n=13,https://avatars.mds.yandex.net/i?id=a5f77174e7fabf6e1ef8791b2e5e63e59e4acf70-13509485-images-thumbs&n=13,,unknown,,pending_purchase,2026-09-11T09:26:29.760021+00:00,920636bad97e7c1b5687569991efa8b24abfe7533c6c5bf22f3cf78c28944862,96a7894464fae38d,480,320,image/jpeg,dataset/datasets_clear/khabarovsk_tourism_44/work/khabarovsk_tourism_44/19_Хабаровский железнодорожный вокзал/photo_06.jpg,dataset/processed/019/original-1ceaebd9f0eca2a9e599033af123dfffd72e0a3284a3ab5e8a3fbf164e2f265b.jpg,1ceaebd9f0eca2a9e599033af123dfffd72e0a3284a3ab5e8a3fbf164e2f265b,false,,,validation,accepted,
19,Хабаровский железнодорожный вокзал,curated_manual_yandex,https://avatars.mds.yandex.net/i?id=dd8d117d11a713b3fc46ea24e9d648cf549c260f-3833005-images-thumbs&n=13,https://avatars.mds.yandex.net/i?id=dd8d117d11a713b3fc46ea24e9d648cf549c260f-3833005-images-thumbs&n=13,,unknown,,pending_purchase,2026-09-11T09:26:29.763068+00:00,08099aa68deb76481e4f4c7d1fb214e17d9a60fe85709ed878ab20e2d26c18e0,c8583d2797cd58f0,240,320,image/jpeg,dataset/datasets_clear/khabarovsk_tourism_44/work/khabarovsk_tourism_44/19_Хабаровский железнодорожный вокзал/photo_07.jpg,dataset/processed/019/original-dd273346cba9b7a19870bccf11b26db1907639333f3f1c99abe07cb7fbabff95.jpg,dd273346cba9b7a19870bccf11b26db1907639333f3f1c99abe07cb7fbabff95,false,,,index,accepted,
19,Хабаровский железнодорожный вокзал,curated_manual_yandex,https://avatars.mds.yandex.net/i?id=99d13ed6460c13f570dac837c66da2fdba052479-5870172-images-thumbs&n=13,https://avatars.mds.yandex.net/i?id=99d13ed6460c13f570dac837c66da2fdba052479-5870172-images-thumbs&n=13,,unknown,,pending_purchase,2026-09-11T09:26:29.767069+00:00,81108ac407a2a1d68de7f604a6e56fceb687f9358c21f8a8382986bff80313ac,f7a6582b871a69c1,240,320,image/jpeg,dataset/datasets_clear/khabarovsk_tourism_44/work/khabarovsk_tourism_44/19_Хабаровский железнодорожный вокзал/photo_08.jpg,dataset/processed/019/original-de89de0c2febc3934a6a322f8382ec224f3c97cf8feea3ec87067b3afe5c95c6.jpg,de89de0c2febc3934a6a322f8382ec224f3c97cf8feea3ec87067b3afe5c95c6,false,,,index,accepted,
19,Хабаровский железнодорожный вокзал,curated_manual_yandex,https://avatars.mds.yandex.net/i?id=d496b4d04305ed044bac1a828400098f-5888920-images-thumbs&n=13,https://avatars.mds.yandex.net/i?id=d496b4d04305ed044bac1a828400098f-5888920-images-thumbs&n=13,,unknown,,pending_purchase,2026-09-11T09:26:29.732379+00:00,40730cd1da12e4aadab98d4b32bbbec9cb6b6c4d8dac89dc78179dde02cf4ac4,c9376e34b3d184e8,427,320,image/jpeg,dataset/datasets_clear/khabarovsk_tourism_44/work/khabarovsk_tourism_44/19_Хабаровский железнодорожный вокзал/photo_01.jpg,dataset/processed/019/aug-591c1473924a-00.jpg,591c1473924ac73034b2fabfd44ef4e720f60576f8b4cf997c829b98fb694cf2,true,a2d76d2985d1dd5d0a78d9ca33f06da5510951984523a0e9ebbb27c7d3c6a2a0,rotate=-4;crop=0.03;brightness=0.96;contrast=1.04;color=0.98,index,accepted,
19,Хабаровский железнодорожный вокзал,curated_manual_yandex,https://avatars.mds.yandex.net/i?id=99040ce9688ae705c7aaae7f0a056fa02c703fbf-4431911-images-thumbs&n=13,https://avatars.mds.yandex.net/i?id=99040ce9688ae705c7aaae7f0a056fa02c703fbf-4431911-images-thumbs&n=13,,unknown,,pending_purchase,2026-09-11T09:26:29.737378+00:00,4a13b61c55f86bac45ca49c1354f9d0c806b3bce525ab20428c96a4071283b3d,f7e619c08c1c0f7a,480,320,image/jpeg,dataset/datasets_clear/khabarovsk_tourism_44/work/khabarovsk_tourism_44/19_Хабаровский железнодорожный вокзал/photo_02.jpg,dataset/processed/019/aug-660c103b88b6-01.jpg,660c103b88b6c47e21e24ec1270589c40c181386cd428e53f769c3bea3c85845,true,17d359321a9d9e56d0ea8292a3601f5fcdd2a24643c77602c52fc3b6460a8146,rotate=+4;crop=0.03;brightness=1.04;contrast=0.96;color=1.02,index,accepted,
19,Хабаровский железнодорожный вокзал,curated_manual_yandex,https://avatars.mds.yandex.net/i?id=1f1c427915be60c1776cbf25970a519eb4ddd668-5101235-images-thumbs&n=13,https://avatars.mds.yandex.net/i?id=1f1c427915be60c1776cbf25970a519eb4ddd668-5101235-images-thumbs&n=13,,unknown,,pending_purchase,2026-09-11T09:26:29.743386+00:00,80c2ea0654caadf6b4a51af6564d43d1e82ba2428c4cfd6c59c182c46c0da9fa,dd3b2b64a9c05a2b,320,320,image/jpeg,dataset/datasets_clear/khabarovsk_tourism_44/work/khabarovsk_tourism_44/19_Хабаровский железнодорожный вокзал/photo_03.jpg,dataset/processed/019/aug-227d7ae39e0a-02.jpg,227d7ae39e0a1eb87f15e2ff2d9d8cb2662728ba8030a523284d9aeca6850ba4,true,8c9a3fcb370bd518fd09117f61801365c7ebb0d2f02f9715f7d13f5dd186bc24,rotate=-2;crop=0.06;brightness=0.92;contrast=1.02;color=1.04,index,accepted,
19,Хабаровский железнодорожный вокзал,curated_manual_yandex,https://avatars.mds.yandex.net/i?id=652ce2d743f54c07317148d755500bd37bc7cff3-3726110-images-thumbs&n=13,https://avatars.mds.yandex.net/i?id=652ce2d743f54c07317148d755500bd37bc7cff3-3726110-images-thumbs&n=13,,unknown,,pending_purchase,2026-09-11T09:26:29.749387+00:00,1b517efc440dc2b9e3f4184ffaf8d5c78b62ebbb13eaf2d36c4b2ab428e571da,89f4690ef9043ff0,480,320,image/jpeg,dataset/datasets_clear/khabarovsk_tourism_44/work/khabarovsk_tourism_44/19_Хабаровский железнодорожный вокзал/photo_04.jpg,dataset/processed/019/aug-20b7ffcbc706-03.jpg,20b7ffcbc706a8b166f065a1fd579e57650095d8fcbc11a2dbd72012684a691f,true,1aeca0fa1baeb20e222f7d7baceb9f7ebff18bc0c50ce90280a33557e9fd1644,rotate=+2;crop=0.06;brightness=1.08;contrast=0.98;color=0.96,index,accepted,
19,Хабаровский железнодорожный вокзал,curated_manual_yandex,https://avatars.mds.yandex.net/i?id=dd8d117d11a713b3fc46ea24e9d648cf549c260f-3833005-images-thumbs&n=13,https://avatars.mds.yandex.net/i?id=dd8d117d11a713b3fc46ea24e9d648cf549c260f-3833005-images-thumbs&n=13,,unknown,,pending_purchase,2026-09-11T09:26:29.763068+00:00,49b4c64587befff5166b5bbfe90581e6c16e949e41a62c010ce0b52cf31cfbe1,c8587d27878f58f0,240,320,image/jpeg,dataset/datasets_clear/khabarovsk_tourism_44/work/khabarovsk_tourism_44/19_Хабаровский железнодорожный вокзал/photo_07.jpg,dataset/processed/019/aug-dd273346cba9-04.jpg,dd273346cba9b7a19870bccf11b26db1907639333f3f1c99abe07cb7fbabff95,true,08099aa68deb76481e4f4c7d1fb214e17d9a60fe85709ed878ab20e2d26c18e0,rotate=+0;crop=0.08;brightness=0.96;contrast=1.08;color=1.00,index,accepted,
19,Хабаровский железнодорожный вокзал,curated_manual_yandex,https://avatars.mds.yandex.net/i?id=99d13ed6460c13f570dac837c66da2fdba052479-5870172-images-thumbs&n=13,https://avatars.mds.yandex.net/i?id=99d13ed6460c13f570dac837c66da2fdba052479-5870172-images-thumbs&n=13,,unknown,,pending_purchase,2026-09-11T09:26:29.767069+00:00,cb8f64c35c21f9b11473a6b5d453f82144ac1823342fabbcdb9c57b40e118e19,f3a67829831a6fd0,240,320,image/jpeg,dataset/datasets_clear/khabarovsk_tourism_44/work/khabarovsk_tourism_44/19_Хабаровский железнодорожный вокзал/photo_08.jpg,dataset/processed/019/aug-de89de0c2feb-05.jpg,de89de0c2febc3934a6a322f8382ec224f3c97cf8feea3ec87067b3afe5c95c6,true,81108ac407a2a1d68de7f604a6e56fceb687f9358c21f8a8382986bff80313ac,rotate=+0;crop=0.04;brightness=1.04;contrast=0.92;color=1.05,index,accepted,
20,Дома со шпилем в Комсомольске-на-Амуре,curated_manual_yandex,https://avatars.mds.yandex.net/i?id=169728ba87b03a0d7a0d020657b9ab45dcac4389-4580514-images-thumbs&n=13,https://avatars.mds.yandex.net/i?id=169728ba87b03a0d7a0d020657b9ab45dcac4389-4580514-images-thumbs&n=13,,unknown,,pending_purchase,2026-09-11T09:26:29.928366+00:00,026633294563d19ea7fb90f7d691e588bd9aa10a0ac7f2f05c272897a6220337,87e95a768d48714e,480,294,image/jpeg,dataset/datasets_clear/khabarovsk_tourism_44/work/khabarovsk_tourism_44/20_Дома со шпилем в Комсомольске-на-Амуре/photo_01.jpg,dataset/processed/020/original-c7676a5c94a4eb269156a66449ca5dcbf2406e99263f16ba9acc4d0ab2c3a2d9.jpg,c7676a5c94a4eb269156a66449ca5dcbf2406e99263f16ba9acc4d0ab2c3a2d9,false,,,index,accepted,
20,Дома со шпилем в Комсомольске-на-Амуре,curated_manual_yandex,https://avatars.mds.yandex.net/i?id=5d937da7ec071993bbf5e49a8376f654a63e306c-17768023-images-thumbs&n=13,https://avatars.mds.yandex.net/i?id=5d937da7ec071993bbf5e49a8376f654a63e306c-17768023-images-thumbs&n=13,,unknown,,pending_purchase,2026-09-11T09:26:29.933972+00:00,fef487068e43c6732e5d2fe212aef174a3bef7ed29e27ba8569a2faa0309b5c3,c5f2da09b1e0ee1c,480,320,image/jpeg,dataset/datasets_clear/khabarovsk_tourism_44/work/khabarovsk_tourism_44/20_Дома со шпилем в Комсомольске-на-Амуре/photo_02.jpg,dataset/processed/020/original-71d0cd9d3cb20c9cd2c8094ac9522f886f6510d39e481cd628896854a268165f.jpg,71d0cd9d3cb20c9cd2c8094ac9522f886f6510d39e481cd628896854a268165f,false,,,index,accepted,
20,Дома со шпилем в Комсомольске-на-Амуре,curated_manual_yandex,https://avatars.mds.yandex.net/i?id=426d712bd16f8fb2ab32d8df058198064455bdfb-9220156-images-thumbs&n=13,https://avatars.mds.yandex.net/i?id=426d712bd16f8fb2ab32d8df058198064455bdfb-9220156-images-thumbs&n=13,,unknown,,pending_purchase,2026-09-11T09:26:29.939486+00:00,cf18e20dc3aaf407add392fabd86b5a3f27906e5ccfe11bf9a1362b98d3c66be,f7a6d929f462022d,427,320,image/jpeg,dataset/datasets_clear/khabarovsk_tourism_44/work/khabarovsk_tourism_44/20_Дома со шпилем в Комсомольске-на-Амуре/photo_03.jpg,dataset/processed/020/original-09b6b98990d306699ccda6746853eebd299244ac8520c651f73b7ffef036cad1.jpg,09b6b98990d306699ccda6746853eebd299244ac8520c651f73b7ffef036cad1,false,,,index,accepted,
20,Дома со шпилем в Комсомольске-на-Амуре,curated_manual_yandex,https://avatars.mds.yandex.net/i?id=3ad608e513c308f36ba4c89f779e46e1132cdf98-5179194-images-thumbs&n=13,https://avatars.mds.yandex.net/i?id=3ad608e513c308f36ba4c89f779e46e1132cdf98-5179194-images-thumbs&n=13,,unknown,,pending_purchase,2026-09-11T09:26:29.944597+00:00,3e4d12464b2637013130327c3bcfcecfab8a92a9082c5fc4d5e63c7e7bee77b2,a0fe5f01bcde0b21,427,320,image/jpeg,dataset/datasets_clear/khabarovsk_tourism_44/work/khabarovsk_tourism_44/20_Дома со шпилем в Комсомольске-на-Амуре/photo_04.jpg,dataset/processed/020/original-6330d2f8bb34e4d2d4e3c039fb66e52b893a535ab876504edc7f6aa64116e040.jpg,6330d2f8bb34e4d2d4e3c039fb66e52b893a535ab876504edc7f6aa64116e040,false,,,test,accepted,
20,Дома со шпилем в Комсомольске-на-Амуре,curated_manual_yandex,https://avatars.mds.yandex.net/i?id=fdc92ed1676e098f68786cb5f1e9227669f97712-10932703-images-thumbs&n=13,https://avatars.mds.yandex.net/i?id=fdc92ed1676e098f68786cb5f1e9227669f97712-10932703-images-thumbs&n=13,,unknown,,pending_purchase,2026-09-11T09:26:29.949599+00:00,16670cd4b429600768d53e6189fb4209be66058c8d3b554b82bbad3aed3c28f3,912cf32cf71ce518,364,320,image/jpeg,dataset/datasets_clear/khabarovsk_tourism_44/work/khabarovsk_tourism_44/20_Дома со шпилем в Комсомольске-на-Амуре/photo_05.jpg,dataset/processed/020/original-a7e774bbd02060054ecf321433e2499a445690eaa0a24b7d315e7dbf5fd45ee5.jpg,a7e774bbd02060054ecf321433e2499a445690eaa0a24b7d315e7dbf5fd45ee5,false,,,index,accepted,
20,Дома со шпилем в Комсомольске-на-Амуре,curated_manual_yandex,https://avatars.mds.yandex.net/i?id=05df43ada12feb7c01fbe7948d37cbc1af0dec19-12496051-images-thumbs&n=13,https://avatars.mds.yandex.net/i?id=05df43ada12feb7c01fbe7948d37cbc1af0dec19-12496051-images-thumbs&n=13,,unknown,,pending_purchase,2026-09-11T09:26:29.954599+00:00,dc290e4540972071c9b039668b5d5cdb87564efd3f6b691eb80966aeb4b52810,80ee44c96b35afb2,480,320,image/jpeg,dataset/datasets_clear/khabarovsk_tourism_44/work/khabarovsk_tourism_44/20_Дома со шпилем в Комсомольске-на-Амуре/photo_06.jpg,dataset/processed/020/original-1a3b1f97f65ed41131a551f7e56ebf16cf18476fd9dfa709100c18f3b9025133.jpg,1a3b1f97f65ed41131a551f7e56ebf16cf18476fd9dfa709100c18f3b9025133,false,,,index,accepted,
20,Дома со шпилем в Комсомольске-на-Амуре,curated_manual_yandex,https://avatars.mds.yandex.net/i?id=15b04149a0f3eb852e987f068cc37c2f3a9d0676-4284974-images-thumbs&n=13,https://avatars.mds.yandex.net/i?id=15b04149a0f3eb852e987f068cc37c2f3a9d0676-4284974-images-thumbs&n=13,,unknown,,pending_purchase,2026-09-11T09:26:29.959641+00:00,63051b7122af199d98ca70e45d481405d67b2b409d89fdb52d7d45f810b0ee24,893da646991df0c7,480,298,image/jpeg,dataset/datasets_clear/khabarovsk_tourism_44/work/khabarovsk_tourism_44/20_Дома со шпилем в Комсомольске-на-Амуре/photo_07.jpg,dataset/processed/020/original-ac4db084d37e6fa8361a258c1577a3d6ac369156e976ed21037e7088e838d86e.jpg,ac4db084d37e6fa8361a258c1577a3d6ac369156e976ed21037e7088e838d86e,false,,,validation,accepted,
20,Дома со шпилем в Комсомольске-на-Амуре,curated_manual_yandex,https://avatars.mds.yandex.net/i?id=7bbff49bc4e6b33b7a064eaf119b0eb3ea3f3399-9069209-images-thumbs&n=13,https://avatars.mds.yandex.net/i?id=7bbff49bc4e6b33b7a064eaf119b0eb3ea3f3399-9069209-images-thumbs&n=13,,unknown,,pending_purchase,2026-09-11T09:26:29.965679+00:00,cec810e13043ebbba66265dd0107cc11f6d3e79206509752f8d1d2a42430610a,99e7a45c5e4c24ab,457,320,image/jpeg,dataset/datasets_clear/khabarovsk_tourism_44/work/khabarovsk_tourism_44/20_Дома со шпилем в Комсомольске-на-Амуре/photo_08.jpg,dataset/processed/020/original-f6b019c4ff0aeb7f3819c1fe81bc47d4e45510263bee0831798b6b340886f636.jpg,f6b019c4ff0aeb7f3819c1fe81bc47d4e45510263bee0831798b6b340886f636,false,,,index,accepted,
20,Дома со шпилем в Комсомольске-на-Амуре,curated_manual_yandex,https://avatars.mds.yandex.net/i?id=169728ba87b03a0d7a0d020657b9ab45dcac4389-4580514-images-thumbs&n=13,https://avatars.mds.yandex.net/i?id=169728ba87b03a0d7a0d020657b9ab45dcac4389-4580514-images-thumbs&n=13,,unknown,,pending_purchase,2026-09-11T09:26:29.928366+00:00,d94fd0dbb6555dd67cde7870166bbd8b5aca86b7b6259339d1e3f4ee9f7ea86f,83cc58338f0df12f,480,294,image/jpeg,dataset/datasets_clear/khabarovsk_tourism_44/work/khabarovsk_tourism_44/20_Дома со шпилем в Комсомольске-на-Амуре/photo_01.jpg,dataset/processed/020/aug-c7676a5c94a4-00.jpg,c7676a5c94a4eb269156a66449ca5dcbf2406e99263f16ba9acc4d0ab2c3a2d9,true,026633294563d19ea7fb90f7d691e588bd9aa10a0ac7f2f05c272897a6220337,rotate=-4;crop=0.03;brightness=0.96;contrast=1.04;color=0.98,index,accepted,
20,Дома со шпилем в Комсомольске-на-Амуре,curated_manual_yandex,https://avatars.mds.yandex.net/i?id=5d937da7ec071993bbf5e49a8376f654a63e306c-17768023-images-thumbs&n=13,https://avatars.mds.yandex.net/i?id=5d937da7ec071993bbf5e49a8376f654a63e306c-17768023-images-thumbs&n=13,,unknown,,pending_purchase,2026-09-11T09:26:29.933972+00:00,9025e36660e7cc024378c1dd9bec64d4941fe9dda284e3ffe1f3973ed86a77f3,e7e05b1bb1f40e09,480,320,image/jpeg,dataset/datasets_clear/khabarovsk_tourism_44/work/khabarovsk_tourism_44/20_Дома со шпилем в Комсомольске-на-Амуре/photo_02.jpg,dataset/processed/020/aug-71d0cd9d3cb2-01.jpg,71d0cd9d3cb20c9cd2c8094ac9522f886f6510d39e481cd628896854a268165f,true,fef487068e43c6732e5d2fe212aef174a3bef7ed29e27ba8569a2faa0309b5c3,rotate=+4;crop=0.03;brightness=1.04;contrast=0.96;color=1.02,index,accepted,
20,Дома со шпилем в Комсомольске-на-Амуре,curated_manual_yandex,https://avatars.mds.yandex.net/i?id=426d712bd16f8fb2ab32d8df058198064455bdfb-9220156-images-thumbs&n=13,https://avatars.mds.yandex.net/i?id=426d712bd16f8fb2ab32d8df058198064455bdfb-9220156-images-thumbs&n=13,,unknown,,pending_purchase,2026-09-11T09:26:29.939486+00:00,ab8375f657d8b83282979fcc72383a9a3ea5f5db3f3fb0f2191fbb96afdba7f2,a3d6c929f4528d36,427,320,image/jpeg,dataset/datasets_clear/khabarovsk_tourism_44/work/khabarovsk_tourism_44/20_Дома со шпилем в Комсомольске-на-Амуре/photo_03.jpg,dataset/processed/020/aug-09b6b98990d3-02.jpg,09b6b98990d306699ccda6746853eebd299244ac8520c651f73b7ffef036cad1,true,cf18e20dc3aaf407add392fabd86b5a3f27906e5ccfe11bf9a1362b98d3c66be,rotate=-2;crop=0.06;brightness=0.92;contrast=1.02;color=1.04,index,accepted,
20,Дома со шпилем в Комсомольске-на-Амуре,curated_manual_yandex,https://avatars.mds.yandex.net/i?id=fdc92ed1676e098f68786cb5f1e9227669f97712-10932703-images-thumbs&n=13,https://avatars.mds.yandex.net/i?id=fdc92ed1676e098f68786cb5f1e9227669f97712-10932703-images-thumbs&n=13,,unknown,,pending_purchase,2026-09-11T09:26:29.949599+00:00,5115151e2a1c588c9881a3cafd7cc3f0928080ef8d1d1227e4e324f548491d72,992dd22fd21cc83e,364,320,image/jpeg,dataset/datasets_clear/khabarovsk_tourism_44/work/khabarovsk_tourism_44/20_Дома со шпилем в Комсомольске-на-Амуре/photo_05.jpg,dataset/processed/020/aug-a7e774bbd020-03.jpg,a7e774bbd02060054ecf321433e2499a445690eaa0a24b7d315e7dbf5fd45ee5,true,16670cd4b429600768d53e6189fb4209be66058c8d3b554b82bbad3aed3c28f3,rotate=+2;crop=0.06;brightness=1.08;contrast=0.98;color=0.96,index,accepted,
20,Дома со шпилем в Комсомольске-на-Амуре,curated_manual_yandex,https://avatars.mds.yandex.net/i?id=05df43ada12feb7c01fbe7948d37cbc1af0dec19-12496051-images-thumbs&n=13,https://avatars.mds.yandex.net/i?id=05df43ada12feb7c01fbe7948d37cbc1af0dec19-12496051-images-thumbs&n=13,,unknown,,pending_purchase,2026-09-11T09:26:29.954599+00:00,7b3cb2fd5b11d4d9cbc21de273772970331beff0d6e7d7c184615ad5ab1452bc,80ee44cb7d65a6b4,480,320,image/jpeg,dataset/datasets_clear/khabarovsk_tourism_44/work/khabarovsk_tourism_44/20_Дома со шпилем в Комсомольске-на-Амуре/photo_06.jpg,dataset/processed/020/aug-1a3b1f97f65e-04.jpg,1a3b1f97f65ed41131a551f7e56ebf16cf18476fd9dfa709100c18f3b9025133,true,dc290e4540972071c9b039668b5d5cdb87564efd3f6b691eb80966aeb4b52810,rotate=+0;crop=0.08;brightness=0.96;contrast=1.08;color=1.00,index,accepted,
20,Дома со шпилем в Комсомольске-на-Амуре,curated_manual_yandex,https://avatars.mds.yandex.net/i?id=7bbff49bc4e6b33b7a064eaf119b0eb3ea3f3399-9069209-images-thumbs&n=13,https://avatars.mds.yandex.net/i?id=7bbff49bc4e6b33b7a064eaf119b0eb3ea3f3399-9069209-images-thumbs&n=13,,unknown,,pending_purchase,2026-09-11T09:26:29.965679+00:00,8472c957dc68a8efba862c3270e442260467c7c849108532d218b5ac31e79f66,dbe7845c5e6c00b3,457,320,image/jpeg,dataset/datasets_clear/khabarovsk_tourism_44/work/khabarovsk_tourism_44/20_Дома со шпилем в Комсомольске-на-Амуре/photo_08.jpg,dataset/processed/020/aug-f6b019c4ff0a-05.jpg,f6b019c4ff0aeb7f3819c1fe81bc47d4e45510263bee0831798b6b340886f636,true,cec810e13043ebbba66265dd0107cc11f6d3e79206509752f8d1d2a42430610a,rotate=+0;crop=0.04;brightness=1.04;contrast=0.92;color=1.05,index,accepted,
21,Памятник первостроителям Комсомольска-на-Амуре,curated_manual_yandex,https://avatars.mds.yandex.net/i?id=4d8d4007ea15cef61cfc58c8d6a5443f387c127f-12847150-images-thumbs&n=13,https://avatars.mds.yandex.net/i?id=4d8d4007ea15cef61cfc58c8d6a5443f387c127f-12847150-images-thumbs&n=13,,unknown,,pending_purchase,2026-09-11T09:26:30.132790+00:00,2e725451e08918c6fb2de7114d5e86f62e0ff3ad5930521162065795dc939dc1,b0c2cf24c639937e,427,320,image/jpeg,dataset/datasets_clear/khabarovsk_tourism_44/work/khabarovsk_tourism_44/21_Памятник первостроителям Комсомольска-на-Амуре/photo_01.jpg,dataset/processed/021/original-807cdb412082bcc13a05e01b4b29b5c4ea70a312a3f545d0726aaea13c798403.jpg,807cdb412082bcc13a05e01b4b29b5c4ea70a312a3f545d0726aaea13c798403,false,,,index,accepted,
21,Памятник первостроителям Комсомольска-на-Амуре,curated_manual_yandex,https://avatars.mds.yandex.net/i?id=b2f5d81799971db72a435f88c7c6a359480ca952-12304319-images-thumbs&n=13,https://avatars.mds.yandex.net/i?id=b2f5d81799971db72a435f88c7c6a359480ca952-12304319-images-thumbs&n=13,,unknown,,pending_purchase,2026-09-11T09:26:30.137790+00:00,0acfaf445690ac4ec2cafd3c913fb617f901d815f3c555171913c65e149177f8,f0e34c4ca516dba5,480,318,image/jpeg,dataset/datasets_clear/khabarovsk_tourism_44/work/khabarovsk_tourism_44/21_Памятник первостроителям Комсомольска-на-Амуре/photo_02.jpg,dataset/processed/021/original-58da0792bba080575b238dd38f2aba1e2b7a712d1ab47dbbcd027ee4f16086fd.jpg,58da0792bba080575b238dd38f2aba1e2b7a712d1ab47dbbcd027ee4f16086fd,false,,,index,accepted,
21,Памятник первостроителям Комсомольска-на-Амуре,curated_manual_yandex,https://avatars.mds.yandex.net/i?id=044787f51d317f628d6f191f14ec9de4aaa860a9-10511592-images-thumbs&n=13,https://avatars.mds.yandex.net/i?id=044787f51d317f628d6f191f14ec9de4aaa860a9-10511592-images-thumbs&n=13,,unknown,,pending_purchase,2026-09-11T09:26:30.144365+00:00,28bf89ef46c4a89632cc4d9bd2a22d780bdab3b091a3299a05184069037a00fd,bcc34f341b2c51ad,460,320,image/jpeg,dataset/datasets_clear/khabarovsk_tourism_44/work/khabarovsk_tourism_44/21_Памятник первостроителям Комсомольска-на-Амуре/photo_03.jpg,dataset/processed/021/original-fa34a0ecb542d8c135caf775c55727629e569ba61c8325270f32e785884f8ec9.jpg,fa34a0ecb542d8c135caf775c55727629e569ba61c8325270f32e785884f8ec9,false,,,index,accepted,
21,Памятник первостроителям Комсомольска-на-Амуре,curated_manual_yandex,https://avatars.mds.yandex.net/i?id=e36e94ce6203d2b72bb9a198e9e75f24d5fd944f-5163220-images-thumbs&n=13,https://avatars.mds.yandex.net/i?id=e36e94ce6203d2b72bb9a198e9e75f24d5fd944f-5163220-images-thumbs&n=13,,unknown,,pending_purchase,2026-09-11T09:26:30.149880+00:00,4c98062121333e0598fa4337eadaf938b7e692eedf04f2635dc74bbeeb2fb45d,e1a58ede4393d229,419,320,image/jpeg,dataset/datasets_clear/khabarovsk_tourism_44/work/khabarovsk_tourism_44/21_Памятник первостроителям Комсомольска-на-Амуре/photo_04.jpg,dataset/processed/021/original-3772232e7a0ae532721cfb25267a06461c0551970f06a33f4ba64e98c7978631.jpg,3772232e7a0ae532721cfb25267a06461c0551970f06a33f4ba64e98c7978631,false,,,index,accepted,
21,Памятник первостроителям Комсомольска-на-Амуре,curated_manual_yandex,https://avatars.mds.yandex.net/i?id=126571518c25eee81465c02a39a8e72e564aec0c-5103338-images-thumbs&n=13,https://avatars.mds.yandex.net/i?id=126571518c25eee81465c02a39a8e72e564aec0c-5103338-images-thumbs&n=13,,unknown,,pending_purchase,2026-09-11T09:26:30.154393+00:00,b4048e2d1a70453cf1800a3878787ac44e968de89b99ff251f6845d26db4ce25,b4a6cfcb8153d909,427,320,image/jpeg,dataset/datasets_clear/khabarovsk_tourism_44/work/khabarovsk_tourism_44/21_Памятник первостроителям Комсомольска-на-Амуре/photo_05.jpg,dataset/processed/021/original-2fbcb283879234fd85bc0b7859b13d2be1c7fecfc26c66bffa8a508ddb70f072.jpg,2fbcb283879234fd85bc0b7859b13d2be1c7fecfc26c66bffa8a508ddb70f072,false,,,index,accepted,
21,Памятник первостроителям Комсомольска-на-Амуре,curated_manual_yandex,https://avatars.mds.yandex.net/i?id=d939acf9d648bb5a7d6cc8dcb16c7c876897acc0-10636981-images-thumbs&n=13,https://avatars.mds.yandex.net/i?id=d939acf9d648bb5a7d6cc8dcb16c7c876897acc0-10636981-images-thumbs&n=13,,unknown,,pending_purchase,2026-09-11T09:26:30.158395+00:00,b4047327fa0a11ac89e72c4888d4c7227a466a5a2813ac697f0d4358663cf55e,bfaf8080d25bd0f8,240,320,image/jpeg,dataset/datasets_clear/khabarovsk_tourism_44/work/khabarovsk_tourism_44/21_Памятник первостроителям Комсомольска-на-Амуре/photo_06.jpg,dataset/processed/021/original-bc9d4fa44ca439791d78f0e856d66f54e372f189812c3ff7dab224d40b439967.jpg,bc9d4fa44ca439791d78f0e856d66f54e372f189812c3ff7dab224d40b439967,false,,,validation,accepted,
21,Памятник первостроителям Комсомольска-на-Амуре,curated_manual_yandex,https://avatars.mds.yandex.net/i?id=d5d79774353b7ca095d9652d32377a29a1bcac69-10696380-images-thumbs&n=13,https://avatars.mds.yandex.net/i?id=d5d79774353b7ca095d9652d32377a29a1bcac69-10696380-images-thumbs&n=13,,unknown,,pending_purchase,2026-09-11T09:26:30.162921+00:00,a69dc7b10d1aa547b47ab8a93a16a4c0438610b53db2bbf52bcc0c31075c0e03,bf70850fb019cfa4,240,320,image/jpeg,dataset/datasets_clear/khabarovsk_tourism_44/work/khabarovsk_tourism_44/21_Памятник первостроителям Комсомольска-на-Амуре/photo_07.jpg,dataset/processed/021/original-dcc869167f51527f46c182b3adce1b3c25519c0f3149b4a715c146479515b16c.jpg,dcc869167f51527f46c182b3adce1b3c25519c0f3149b4a715c146479515b16c,false,,,index,accepted,
21,Памятник первостроителям Комсомольска-на-Амуре,curated_manual_yandex,https://avatars.mds.yandex.net/i?id=9213bb9201016a12ffabdf9af114a41de02de8a3-10497918-images-thumbs&n=13,https://avatars.mds.yandex.net/i?id=9213bb9201016a12ffabdf9af114a41de02de8a3-10497918-images-thumbs&n=13,,unknown,,pending_purchase,2026-09-11T09:26:30.166921+00:00,f68e83f83bbda8a35eaed351d9870376b2608355911abb5c26553e7b01a7e180,e78e18e52652ad99,437,320,image/jpeg,dataset/datasets_clear/khabarovsk_tourism_44/work/khabarovsk_tourism_44/21_Памятник первостроителям Комсомольска-на-Амуре/photo_08.jpg,dataset/processed/021/original-55ca2420bed0df4fd828d6ad67a5f4e1a30b4b92a9b91f007d9cf58983c67f8a.jpg,55ca2420bed0df4fd828d6ad67a5f4e1a30b4b92a9b91f007d9cf58983c67f8a,false,,,test,accepted,
21,Памятник первостроителям Комсомольска-на-Амуре,curated_manual_yandex,https://avatars.mds.yandex.net/i?id=4d8d4007ea15cef61cfc58c8d6a5443f387c127f-12847150-images-thumbs&n=13,https://avatars.mds.yandex.net/i?id=4d8d4007ea15cef61cfc58c8d6a5443f387c127f-12847150-images-thumbs&n=13,,unknown,,pending_purchase,2026-09-11T09:26:30.132790+00:00,42a5d3ad330af4d102a944110f2dc7d7d7f2369ee93e75a8ed54d36088623534,b4c2cf24c62dd972,427,320,image/jpeg,dataset/datasets_clear/khabarovsk_tourism_44/work/khabarovsk_tourism_44/21_Памятник первостроителям Комсомольска-на-Амуре/photo_01.jpg,dataset/processed/021/aug-807cdb412082-00.jpg,807cdb412082bcc13a05e01b4b29b5c4ea70a312a3f545d0726aaea13c798403,true,2e725451e08918c6fb2de7114d5e86f62e0ff3ad5930521162065795dc939dc1,rotate=-4;crop=0.03;brightness=0.96;contrast=1.04;color=0.98,index,accepted,
21,Памятник первостроителям Комсомольска-на-Амуре,curated_manual_yandex,https://avatars.mds.yandex.net/i?id=b2f5d81799971db72a435f88c7c6a359480ca952-12304319-images-thumbs&n=13,https://avatars.mds.yandex.net/i?id=b2f5d81799971db72a435f88c7c6a359480ca952-12304319-images-thumbs&n=13,,unknown,,pending_purchase,2026-09-11T09:26:30.137790+00:00,07bb57ec3d15f5aaeb32db8c79a820afbcefb429114c3305f020c122b8812c01,f0e71c48a5b4db25,480,318,image/jpeg,dataset/datasets_clear/khabarovsk_tourism_44/work/khabarovsk_tourism_44/21_Памятник первостроителям Комсомольска-на-Амуре/photo_02.jpg,dataset/processed/021/aug-58da0792bba0-01.jpg,58da0792bba080575b238dd38f2aba1e2b7a712d1ab47dbbcd027ee4f16086fd,true,0acfaf445690ac4ec2cafd3c913fb617f901d815f3c555171913c65e149177f8,rotate=+4;crop=0.03;brightness=1.04;contrast=0.96;color=1.02,index,accepted,
21,Памятник первостроителям Комсомольска-на-Амуре,curated_manual_yandex,https://avatars.mds.yandex.net/i?id=044787f51d317f628d6f191f14ec9de4aaa860a9-10511592-images-thumbs&n=13,https://avatars.mds.yandex.net/i?id=044787f51d317f628d6f191f14ec9de4aaa860a9-10511592-images-thumbs&n=13,,unknown,,pending_purchase,2026-09-11T09:26:30.144365+00:00,7a62767b38671b0f0a317925107d4210de2a8751b76aed11f6fc5b95bf543255,bcc3cfb4122cd0ab,460,320,image/jpeg,dataset/datasets_clear/khabarovsk_tourism_44/work/khabarovsk_tourism_44/21_Памятник первостроителям Комсомольска-на-Амуре/photo_03.jpg,dataset/processed/021/aug-fa34a0ecb542-02.jpg,fa34a0ecb542d8c135caf775c55727629e569ba61c8325270f32e785884f8ec9,true,28bf89ef46c4a89632cc4d9bd2a22d780bdab3b091a3299a05184069037a00fd,rotate=-2;crop=0.06;brightness=0.92;contrast=1.02;color=1.04,index,accepted,
21,Памятник первостроителям Комсомольска-на-Амуре,curated_manual_yandex,https://avatars.mds.yandex.net/i?id=e36e94ce6203d2b72bb9a198e9e75f24d5fd944f-5163220-images-thumbs&n=13,https://avatars.mds.yandex.net/i?id=e36e94ce6203d2b72bb9a198e9e75f24d5fd944f-5163220-images-thumbs&n=13,,unknown,,pending_purchase,2026-09-11T09:26:30.149880+00:00,16ab7ce01bbdee3fb93372327f09773a1d722f478558803c53ce9605fb6bb43e,e1a58e9ec21b929b,419,320,image/jpeg,dataset/datasets_clear/khabarovsk_tourism_44/work/khabarovsk_tourism_44/21_Памятник первостроителям Комсомольска-на-Амуре/photo_04.jpg,dataset/processed/021/aug-3772232e7a0a-03.jpg,3772232e7a0ae532721cfb25267a06461c0551970f06a33f4ba64e98c7978631,true,4c98062121333e0598fa4337eadaf938b7e692eedf04f2635dc74bbeeb2fb45d,rotate=+2;crop=0.06;brightness=1.08;contrast=0.98;color=0.96,index,accepted,
21,Памятник первостроителям Комсомольска-на-Амуре,curated_manual_yandex,https://avatars.mds.yandex.net/i?id=126571518c25eee81465c02a39a8e72e564aec0c-5103338-images-thumbs&n=13,https://avatars.mds.yandex.net/i?id=126571518c25eee81465c02a39a8e72e564aec0c-5103338-images-thumbs&n=13,,unknown,,pending_purchase,2026-09-11T09:26:30.154393+00:00,b00b8644ad22420d2d5245f0013c14250e97419adf32ec17362dc6cb26e048c3,e8a58eda8593da13,427,320,image/jpeg,dataset/datasets_clear/khabarovsk_tourism_44/work/khabarovsk_tourism_44/21_Памятник первостроителям Комсомольска-на-Амуре/photo_05.jpg,dataset/processed/021/aug-2fbcb2838792-04.jpg,2fbcb283879234fd85bc0b7859b13d2be1c7fecfc26c66bffa8a508ddb70f072,true,b4048e2d1a70453cf1800a3878787ac44e968de89b99ff251f6845d26db4ce25,rotate=+0;crop=0.08;brightness=0.96;contrast=1.08;color=1.00,index,accepted,
21,Памятник первостроителям Комсомольска-на-Амуре,curated_manual_yandex,https://avatars.mds.yandex.net/i?id=d5d79774353b7ca095d9652d32377a29a1bcac69-10696380-images-thumbs&n=13,https://avatars.mds.yandex.net/i?id=d5d79774353b7ca095d9652d32377a29a1bcac69-10696380-images-thumbs&n=13,,unknown,,pending_purchase,2026-09-11T09:26:30.162921+00:00,0ebc83ed1ea662a919262498e56dbaf60529367de1655dcd76bbb444a35ad9da,b778c007b819cfa6,240,320,image/jpeg,dataset/datasets_clear/khabarovsk_tourism_44/work/khabarovsk_tourism_44/21_Памятник первостроителям Комсомольска-на-Амуре/photo_07.jpg,dataset/processed/021/aug-dcc869167f51-05.jpg,dcc869167f51527f46c182b3adce1b3c25519c0f3149b4a715c146479515b16c,true,a69dc7b10d1aa547b47ab8a93a16a4c0438610b53db2bbf52bcc0c31075c0e03,rotate=+0;crop=0.04;brightness=1.04;contrast=0.92;color=1.05,index,accepted,
22,Мемориальный комплекс 1941–1945 годов в Комсомольске-на-Амуре,curated_manual_yandex,https://avatars.mds.yandex.net/i?id=d3e36f6fe15a0456ebe520dfdd78ebde01980355-6379389-images-thumbs&n=13,https://avatars.mds.yandex.net/i?id=d3e36f6fe15a0456ebe520dfdd78ebde01980355-6379389-images-thumbs&n=13,,unknown,,pending_purchase,2026-09-11T09:26:30.332189+00:00,984dceb5a9d67697396c5d82d42f97456e59a96ed234c8c574b487c475c3ab6a,8196aa29d7d46dca,478,320,image/jpeg,dataset/datasets_clear/khabarovsk_tourism_44/work/khabarovsk_tourism_44/22_Мемориальный комплекс 1941–1945 годов в Комсомольске-на-Амуре/photo_01.jpg,dataset/processed/022/original-5b8b57c915797fd7e62dcc928dd7a22e6e6464b97da3597f2245d346f5459fff.jpg,5b8b57c915797fd7e62dcc928dd7a22e6e6464b97da3597f2245d346f5459fff,false,,,index,accepted,
22,Мемориальный комплекс 1941–1945 годов в Комсомольске-на-Амуре,curated_manual_yandex,https://avatars.mds.yandex.net/i?id=67650de44aa13bbd511a8a5d238b5448cf23bcb3-11453151-images-thumbs&n=13,https://avatars.mds.yandex.net/i?id=67650de44aa13bbd511a8a5d238b5448cf23bcb3-11453151-images-thumbs&n=13,,unknown,,pending_purchase,2026-09-11T09:26:30.337709+00:00,069a919136f7ffcfca4ee195e35c81278f7575b1eac20a86dbd099b79e20d319,c323b841deb861fa,448,252,image/jpeg,dataset/datasets_clear/khabarovsk_tourism_44/work/khabarovsk_tourism_44/22_Мемориальный комплекс 1941–1945 годов в Комсомольске-на-Амуре/photo_02.jpg,dataset/processed/022/original-1e10fe6a8427b4a1c8fa16ef92718ea36e55a38ecc22d01f21bba7d407ad2525.jpg,1e10fe6a8427b4a1c8fa16ef92718ea36e55a38ecc22d01f21bba7d407ad2525,false,,,test,accepted,
22,Мемориальный комплекс 1941–1945 годов в Комсомольске-на-Амуре,curated_manual_yandex,https://avatars.mds.yandex.net/i?id=8ee7c2bb9978b435a15a9e82033bd5d46c43bcbb-5354312-images-thumbs&n=13,https://avatars.mds.yandex.net/i?id=8ee7c2bb9978b435a15a9e82033bd5d46c43bcbb-5354312-images-thumbs&n=13,,unknown,,pending_purchase,2026-09-11T09:26:30.342711+00:00,440eca306bf91f98c9d087df337009695e9e4858968916ab3365c00d1acc71da,c465bb2a681597d9,459,320,image/jpeg,dataset/datasets_clear/khabarovsk_tourism_44/work/khabarovsk_tourism_44/22_Мемориальный комплекс 1941–1945 годов в Комсомольске-на-Амуре/photo_03.jpg,dataset/processed/022/original-813088cd9c0ce5699e2714712bcd5149a5f0e5d09193a839c3359be62a7189b8.jpg,813088cd9c0ce5699e2714712bcd5149a5f0e5d09193a839c3359be62a7189b8,false,,,index,accepted,
22,Мемориальный комплекс 1941–1945 годов в Комсомольске-на-Амуре,curated_manual_yandex,https://avatars.mds.yandex.net/i?id=4b51b8c870658ff5862881f894d0f7feaedd1ae8-5398121-images-thumbs&n=13,https://avatars.mds.yandex.net/i?id=4b51b8c870658ff5862881f894d0f7feaedd1ae8-5398121-images-thumbs&n=13,,unknown,,pending_purchase,2026-09-11T09:26:30.349285+00:00,2ec3a88a55742ed7c141db80c3d1fb830cb2c144e8a08ac761a74c24f3f4e2b3,fd433803513e653e,480,270,image/jpeg,dataset/datasets_clear/khabarovsk_tourism_44/work/khabarovsk_tourism_44/22_Мемориальный комплекс 1941–1945 годов в Комсомольске-на-Амуре/photo_04.jpg,dataset/processed/022/original-fd43bd25790f61c09240c22f56bef059a268f8dc52f3ab01576ab6ea6a77055b.jpg,fd43bd25790f61c09240c22f56bef059a268f8dc52f3ab01576ab6ea6a77055b,false,,,index,accepted,
22,Мемориальный комплекс 1941–1945 годов в Комсомольске-на-Амуре,curated_manual_yandex,https://avatars.mds.yandex.net/i?id=27b0dd47cc882a07b79bbfc5b9a1ae0e89d71f37-4406391-images-thumbs&n=13,https://avatars.mds.yandex.net/i?id=27b0dd47cc882a07b79bbfc5b9a1ae0e89d71f37-4406391-images-thumbs&n=13,,unknown,,pending_purchase,2026-09-11T09:26:30.353442+00:00,f4931f9811fa5ce53e928fc74b6ad776d3f504292af21bc8b8fe1da17d8bfbdc,c16343151ffc4cec,272,320,image/jpeg,dataset/datasets_clear/khabarovsk_tourism_44/work/khabarovsk_tourism_44/22_Мемориальный комплекс 1941–1945 годов в Комсомольске-на-Амуре/photo_05.jpg,dataset/processed/022/original-ae15300142f17b6ba504f533565fd598bb3449b95250b3c00b2bfa5b225bafbc.jpg,ae15300142f17b6ba504f533565fd598bb3449b95250b3c00b2bfa5b225bafbc,false,,,validation,accepted,
22,Мемориальный комплекс 1941–1945 годов в Комсомольске-на-Амуре,curated_manual_yandex,https://avatars.mds.yandex.net/i?id=e880d7962c6947cffd24093efa5093d907d8e952-11623870-images-thumbs&n=13,https://avatars.mds.yandex.net/i?id=e880d7962c6947cffd24093efa5093d907d8e952-11623870-images-thumbs&n=13,,unknown,,pending_purchase,2026-09-11T09:26:30.358443+00:00,5831bf00dec907bfa7007b98004cdbfcb6a57afe92414b711321ba09ea22a4b3,922fad12adc218fe,480,320,image/jpeg,dataset/datasets_clear/khabarovsk_tourism_44/work/khabarovsk_tourism_44/22_Мемориальный комплекс 1941–1945 годов в Комсомольске-на-Амуре/photo_06.jpg,dataset/processed/022/original-8a382037d19552cb0a03b9f956e37b56e6bd9de095a7afc6f0932634dc6fe9ea.jpg,8a382037d19552cb0a03b9f956e37b56e6bd9de095a7afc6f0932634dc6fe9ea,false,,,index,accepted,
22,Мемориальный комплекс 1941–1945 годов в Комсомольске-на-Амуре,curated_manual_yandex,https://avatars.mds.yandex.net/i?id=9a64a86e6eedad065d0aeeb0bf1c2d752f81be40-11376022-images-thumbs&n=13,https://avatars.mds.yandex.net/i?id=9a64a86e6eedad065d0aeeb0bf1c2d752f81be40-11376022-images-thumbs&n=13,,unknown,,pending_purchase,2026-09-11T09:26:30.365718+00:00,4b8bdbd8681d1a5798e2c6495170c4c1055b8f3a40f265ecf9bba60aaff01ea7,95925a5fea203b8b,427,320,image/jpeg,dataset/datasets_clear/khabarovsk_tourism_44/work/khabarovsk_tourism_44/22_Мемориальный комплекс 1941–1945 годов в Комсомольске-на-Амуре/photo_07.jpg,dataset/processed/022/original-88b1079e0c944e6fc9cd9eb622427337f674480daf9e483aed98c6c7435e7fdb.jpg,88b1079e0c944e6fc9cd9eb622427337f674480daf9e483aed98c6c7435e7fdb,false,,,index,accepted,
22,Мемориальный комплекс 1941–1945 годов в Комсомольске-на-Амуре,curated_manual_yandex,https://avatars.mds.yandex.net/i?id=d93958c31d20cef797fce0bdf140da28363dd210-5086977-images-thumbs&n=13,https://avatars.mds.yandex.net/i?id=d93958c31d20cef797fce0bdf140da28363dd210-5086977-images-thumbs&n=13,,unknown,,pending_purchase,2026-09-11T09:26:30.370730+00:00,054f0274de3befef96ac75f5e0e676e61188cc9abd5ae9181c586f55b61398b7,b38e5eb31921664e,427,320,image/jpeg,dataset/datasets_clear/khabarovsk_tourism_44/work/khabarovsk_tourism_44/22_Мемориальный комплекс 1941–1945 годов в Комсомольске-на-Амуре/photo_08.jpg,dataset/processed/022/original-3e7b98c86c43b132366d8086be3507867bf22f9a08d394041680ce40b2f8a428.jpg,3e7b98c86c43b132366d8086be3507867bf22f9a08d394041680ce40b2f8a428,false,,,index,accepted,
22,Мемориальный комплекс 1941–1945 годов в Комсомольске-на-Амуре,curated_manual_yandex,https://avatars.mds.yandex.net/i?id=d3e36f6fe15a0456ebe520dfdd78ebde01980355-6379389-images-thumbs&n=13,https://avatars.mds.yandex.net/i?id=d3e36f6fe15a0456ebe520dfdd78ebde01980355-6379389-images-thumbs&n=13,,unknown,,pending_purchase,2026-09-11T09:26:30.332189+00:00,f2861ec8fdf8b44b9d628a789d43e0a7d0a56171d47daceebe45fad2ce9fb5ff,8194e86996d66f8b,478,320,image/jpeg,dataset/datasets_clear/khabarovsk_tourism_44/work/khabarovsk_tourism_44/22_Мемориальный комплекс 1941–1945 годов в Комсомольске-на-Амуре/photo_01.jpg,dataset/processed/022/aug-5b8b57c91579-00.jpg,5b8b57c915797fd7e62dcc928dd7a22e6e6464b97da3597f2245d346f5459fff,true,984dceb5a9d67697396c5d82d42f97456e59a96ed234c8c574b487c475c3ab6a,rotate=-4;crop=0.03;brightness=0.96;contrast=1.04;color=0.98,index,accepted,
22,Мемориальный комплекс 1941–1945 годов в Комсомольске-на-Амуре,curated_manual_yandex,https://avatars.mds.yandex.net/i?id=8ee7c2bb9978b435a15a9e82033bd5d46c43bcbb-5354312-images-thumbs&n=13,https://avatars.mds.yandex.net/i?id=8ee7c2bb9978b435a15a9e82033bd5d46c43bcbb-5354312-images-thumbs&n=13,,unknown,,pending_purchase,2026-09-11T09:26:30.342711+00:00,833d0b0f7b0e7b2c0bf7beb8b1af86ca206092255e7b8c897526ef4e11367ff8,8077b5b96846d6d4,459,320,image/jpeg,dataset/datasets_clear/khabarovsk_tourism_44/work/khabarovsk_tourism_44/22_Мемориальный комплекс 1941–1945 годов в Комсомольске-на-Амуре/photo_03.jpg,dataset/processed/022/aug-813088cd9c0c-01.jpg,813088cd9c0ce5699e2714712bcd5149a5f0e5d09193a839c3359be62a7189b8,true,440eca306bf91f98c9d087df337009695e9e4858968916ab3365c00d1acc71da,rotate=+4;crop=0.03;brightness=1.04;contrast=0.96;color=1.02,index,accepted,
22,Мемориальный комплекс 1941–1945 годов в Комсомольске-на-Амуре,curated_manual_yandex,https://avatars.mds.yandex.net/i?id=4b51b8c870658ff5862881f894d0f7feaedd1ae8-5398121-images-thumbs&n=13,https://avatars.mds.yandex.net/i?id=4b51b8c870658ff5862881f894d0f7feaedd1ae8-5398121-images-thumbs&n=13,,unknown,,pending_purchase,2026-09-11T09:26:30.349285+00:00,5ef19bbb2b9475f5251070a710b76d2b3f0415c9a27235b72db06797bb3554f0,fd433e13c11f6126,480,270,image/jpeg,dataset/datasets_clear/khabarovsk_tourism_44/work/khabarovsk_tourism_44/22_Мемориальный комплекс 1941–1945 годов в Комсомольске-на-Амуре/photo_04.jpg,dataset/processed/022/aug-fd43bd25790f-02.jpg,fd43bd25790f61c09240c22f56bef059a268f8dc52f3ab01576ab6ea6a77055b,true,2ec3a88a55742ed7c141db80c3d1fb830cb2c144e8a08ac761a74c24f3f4e2b3,rotate=-2;crop=0.06;brightness=0.92;contrast=1.02;color=1.04,index,accepted,
22,Мемориальный комплекс 1941–1945 годов в Комсомольске-на-Амуре,curated_manual_yandex,https://avatars.mds.yandex.net/i?id=e880d7962c6947cffd24093efa5093d907d8e952-11623870-images-thumbs&n=13,https://avatars.mds.yandex.net/i?id=e880d7962c6947cffd24093efa5093d907d8e952-11623870-images-thumbs&n=13,,unknown,,pending_purchase,2026-09-11T09:26:30.358443+00:00,cb546c54082a7d983adc045a6fa37c6ba7cbcf2012e2cd3b487c917df1788f23,926dad12e5a05afc,480,320,image/jpeg,dataset/datasets_clear/khabarovsk_tourism_44/work/khabarovsk_tourism_44/22_Мемориальный комплекс 1941–1945 годов в Комсомольске-на-Амуре/photo_06.jpg,dataset/processed/022/aug-8a382037d195-03.jpg,8a382037d19552cb0a03b9f956e37b56e6bd9de095a7afc6f0932634dc6fe9ea,true,5831bf00dec907bfa7007b98004cdbfcb6a57afe92414b711321ba09ea22a4b3,rotate=+2;crop=0.06;brightness=1.08;contrast=0.98;color=0.96,index,accepted,
22,Мемориальный комплекс 1941–1945 годов в Комсомольске-на-Амуре,curated_manual_yandex,https://avatars.mds.yandex.net/i?id=9a64a86e6eedad065d0aeeb0bf1c2d752f81be40-11376022-images-thumbs&n=13,https://avatars.mds.yandex.net/i?id=9a64a86e6eedad065d0aeeb0bf1c2d752f81be40-11376022-images-thumbs&n=13,,unknown,,pending_purchase,2026-09-11T09:26:30.365718+00:00,254e0dad388216f59ecc8a5badb0c6038a84d4012fc32e3fe9cc36dce06fa51b,a190565ffa61939a,427,320,image/jpeg,dataset/datasets_clear/khabarovsk_tourism_44/work/khabarovsk_tourism_44/22_Мемориальный комплекс 1941–1945 годов в Комсомольске-на-Амуре/photo_07.jpg,dataset/processed/022/aug-88b1079e0c94-04.jpg,88b1079e0c944e6fc9cd9eb622427337f674480daf9e483aed98c6c7435e7fdb,true,4b8bdbd8681d1a5798e2c6495170c4c1055b8f3a40f265ecf9bba60aaff01ea7,rotate=+0;crop=0.08;brightness=0.96;contrast=1.08;color=1.00,index,accepted,
22,Мемориальный комплекс 1941–1945 годов в Комсомольске-на-Амуре,curated_manual_yandex,https://avatars.mds.yandex.net/i?id=d93958c31d20cef797fce0bdf140da28363dd210-5086977-images-thumbs&n=13,https://avatars.mds.yandex.net/i?id=d93958c31d20cef797fce0bdf140da28363dd210-5086977-images-thumbs&n=13,,unknown,,pending_purchase,2026-09-11T09:26:30.370730+00:00,350b009ae5e201d0b6a01517ca54f5e0f9d726b569cb1e9deef453c1404df8e0,b38c54f39931664e,427,320,image/jpeg,dataset/datasets_clear/khabarovsk_tourism_44/work/khabarovsk_tourism_44/22_Мемориальный комплекс 1941–1945 годов в Комсомольске-на-Амуре/photo_08.jpg,dataset/processed/022/aug-3e7b98c86c43-05.jpg,3e7b98c86c43b132366d8086be3507867bf22f9a08d394041680ce40b2f8a428,true,054f0274de3befef96ac75f5e0e676e61188cc9abd5ae9181c586f55b61398b7,rotate=+0;crop=0.04;brightness=1.04;contrast=0.92;color=1.05,index,accepted,
23,Памятник комсомольцам 1930-х годов,curated_manual_yandex,https://avatars.mds.yandex.net/i?id=0c0c82b4ab21939fafa2dca5306d9af37dd6c797-4576013-images-thumbs&n=13,https://avatars.mds.yandex.net/i?id=0c0c82b4ab21939fafa2dca5306d9af37dd6c797-4576013-images-thumbs&n=13,,unknown,,pending_purchase,2026-09-11T09:26:30.554491+00:00,1c9af169ecbdf9c765c7c9b75c5bf023864f1ce40260b21b42631aeab8b043da,df09e175a4c6299a,427,320,image/jpeg,dataset/datasets_clear/khabarovsk_tourism_44/work/khabarovsk_tourism_44/23_Памятник комсомольцам 1930-х годов/photo_01.jpg,dataset/processed/023/original-40e4d594283b2ac83bce0015deaa1a0889ddee72edcea39f4bab3389cb5abdf6.jpg,40e4d594283b2ac83bce0015deaa1a0889ddee72edcea39f4bab3389cb5abdf6,false,,,test,accepted,
23,Памятник комсомольцам 1930-х годов,curated_manual_yandex,https://avatars.mds.yandex.net/i?id=fb0649a40a82c75ade2883144f5fd496955c676f-5647646-images-thumbs&n=13,https://avatars.mds.yandex.net/i?id=fb0649a40a82c75ade2883144f5fd496955c676f-5647646-images-thumbs&n=13,,unknown,,pending_purchase,2026-09-11T09:26:30.559761+00:00,a7b627e0832bbcf6cb7f8dc823c6d01952b5f920465d64cd08c9b9e883f71709,ede44b0f98c83693,420,320,image/jpeg,dataset/datasets_clear/khabarovsk_tourism_44/work/khabarovsk_tourism_44/23_Памятник комсомольцам 1930-х годов/photo_02.jpg,dataset/processed/023/original-b74fd6bba9973b62ec41bd58961797a2a10148f959ed72bd161c62408a0061cf.jpg,b74fd6bba9973b62ec41bd58961797a2a10148f959ed72bd161c62408a0061cf,false,,,validation,accepted,
23,Памятник комсомольцам 1930-х годов,curated_manual_yandex,https://avatars.mds.yandex.net/i?id=0a1999366466a9e25ecabafcf47be832c1a57e34-5858228-images-thumbs&n=13,https://avatars.mds.yandex.net/i?id=0a1999366466a9e25ecabafcf47be832c1a57e34-5858228-images-thumbs&n=13,,unknown,,pending_purchase,2026-09-11T09:26:30.564549+00:00,c85ee16a79bd4007bf4d4ade183260c10611da5c40799a3e1f684154694622d1,be1e91398dec86c2,251,320,image/jpeg,dataset/datasets_clear/khabarovsk_tourism_44/work/khabarovsk_tourism_44/23_Памятник комсомольцам 1930-х годов/photo_03.jpg,dataset/processed/023/original-49edc37470c0a5b94ebca58138f6f2b7d05dedc5a4ee40af9951f4843d1b404b.jpg,49edc37470c0a5b94ebca58138f6f2b7d05dedc5a4ee40af9951f4843d1b404b,false,,,index,accepted,
23,Памятник комсомольцам 1930-х годов,curated_manual_yandex,https://avatars.mds.yandex.net/i?id=6c37ab99c1defac88b7ee0727a4af7dba26abb6e-6403119-images-thumbs&n=13,https://avatars.mds.yandex.net/i?id=6c37ab99c1defac88b7ee0727a4af7dba26abb6e-6403119-images-thumbs&n=13,,unknown,,pending_purchase,2026-09-11T09:26:30.569104+00:00,8a6b6e164e779d6295c7f8252fdc2915a241ccd2fe3d057ac175a0da68d79b51,ea95d06a87e0d07e,453,320,image/jpeg,dataset/datasets_clear/khabarovsk_tourism_44/work/khabarovsk_tourism_44/23_Памятник комсомольцам 1930-х годов/photo_04.jpg,dataset/processed/023/original-36360094052eb1466cf25496b66b27785f454c447fab3255a1de7e2aa4a9e1bf.jpg,36360094052eb1466cf25496b66b27785f454c447fab3255a1de7e2aa4a9e1bf,false,,,index,accepted,
23,Памятник комсомольцам 1930-х годов,curated_manual_yandex,https://avatars.mds.yandex.net/i?id=9819e74ee682e8a552ba510eafc51776e7da6639-10452512-images-thumbs&n=13,https://avatars.mds.yandex.net/i?id=9819e74ee682e8a552ba510eafc51776e7da6639-10452512-images-thumbs&n=13,,unknown,,pending_purchase,2026-09-11T09:26:30.574254+00:00,d3ca141e8dc527c891f54fc34f7f2b185268170d5e97542ebf1d384345592202,faf69d30b48d8129,386,320,image/jpeg,dataset/datasets_clear/khabarovsk_tourism_44/work/khabarovsk_tourism_44/23_Памятник комсомольцам 1930-х годов/photo_05.jpg,dataset/processed/023/original-6a8ad68ea90ff2f57501e542d6ea2447e1612dd7e04a87aa6fefb36990a4c008.jpg,6a8ad68ea90ff2f57501e542d6ea2447e1612dd7e04a87aa6fefb36990a4c008,false,,,index,accepted,
23,Памятник комсомольцам 1930-х годов,curated_manual_yandex,https://avatars.mds.yandex.net/i?id=0edfba2a9ccf2c6ceeb6a0ca3d281b6f9464fb3a-5161119-images-thumbs&n=13,https://avatars.mds.yandex.net/i?id=0edfba2a9ccf2c6ceeb6a0ca3d281b6f9464fb3a-5161119-images-thumbs&n=13,,unknown,,pending_purchase,2026-09-11T09:26:30.578767+00:00,8bfbbec48baae7e3b071d585d8355fdcb3cf2c1d60e9f320b0687ae7f7d32672,f0f1c707c0c973c6,300,225,image/jpeg,dataset/datasets_clear/khabarovsk_tourism_44/work/khabarovsk_tourism_44/23_Памятник комсомольцам 1930-х годов/photo_06.jpg,dataset/processed/023/original-9efc255041f6085f519a5347bb48d20552c1b4ab42cf7a02f55d60c217c524d9.jpg,9efc255041f6085f519a5347bb48d20552c1b4ab42cf7a02f55d60c217c524d9,false,,,index,accepted,
23,Памятник комсомольцам 1930-х годов,curated_manual_yandex,https://avatars.mds.yandex.net/i?id=2b85e03d5eab8c9fdb2f51f80963121eebe4f3dc-4055370-images-thumbs&n=13,https://avatars.mds.yandex.net/i?id=2b85e03d5eab8c9fdb2f51f80963121eebe4f3dc-4055370-images-thumbs&n=13,,unknown,,pending_purchase,2026-09-11T09:26:30.585273+00:00,1ed79cd3c15f1c64ba0cbad6e5412d5793e8d84d827900a350d22866c841445f,dc219a649e5999b9,454,320,image/jpeg,dataset/datasets_clear/khabarovsk_tourism_44/work/khabarovsk_tourism_44/23_Памятник комсомольцам 1930-х годов/photo_07.jpg,dataset/processed/023/original-a1e3b124e6284604501f38b2fd4e59319a928f3f08abc55ebeb8f9251798c125.jpg,a1e3b124e6284604501f38b2fd4e59319a928f3f08abc55ebeb8f9251798c125,false,,,index,accepted,
23,Памятник комсомольцам 1930-х годов,curated_manual_yandex,https://avatars.mds.yandex.net/i?id=deca6af20bff99905e9ad98338a9266db776e00c-5858868-images-thumbs&n=13,https://avatars.mds.yandex.net/i?id=deca6af20bff99905e9ad98338a9266db776e00c-5858868-images-thumbs&n=13,,unknown,,pending_purchase,2026-09-11T09:26:30.589281+00:00,aea8d8dc0e287fe4ca5d670c7441f967cb2412eaadb47f974020b7e5981e794b,ae2fd1188552db87,204,320,image/jpeg,dataset/datasets_clear/khabarovsk_tourism_44/work/khabarovsk_tourism_44/23_Памятник комсомольцам 1930-х годов/photo_08.jpg,dataset/processed/023/original-03419a3349062055d2db4fe69da221c216a43dcf7495389451537f296ac6f242.jpg,03419a3349062055d2db4fe69da221c216a43dcf7495389451537f296ac6f242,false,,,index,accepted,
23,Памятник комсомольцам 1930-х годов,curated_manual_yandex,https://avatars.mds.yandex.net/i?id=0a1999366466a9e25ecabafcf47be832c1a57e34-5858228-images-thumbs&n=13,https://avatars.mds.yandex.net/i?id=0a1999366466a9e25ecabafcf47be832c1a57e34-5858228-images-thumbs&n=13,,unknown,,pending_purchase,2026-09-11T09:26:30.564549+00:00,0dbb252bad6aa50c31a5dd5737916fa6326c7e606101f4f62188b2677ade49da,ff2a917919e906c2,251,320,image/jpeg,dataset/datasets_clear/khabarovsk_tourism_44/work/khabarovsk_tourism_44/23_Памятник комсомольцам 1930-х годов/photo_03.jpg,dataset/processed/023/aug-49edc37470c0-00.jpg,49edc37470c0a5b94ebca58138f6f2b7d05dedc5a4ee40af9951f4843d1b404b,true,c85ee16a79bd4007bf4d4ade183260c10611da5c40799a3e1f684154694622d1,rotate=-4;crop=0.03;brightness=0.96;contrast=1.04;color=0.98,index,accepted,
23,Памятник комсомольцам 1930-х годов,curated_manual_yandex,https://avatars.mds.yandex.net/i?id=6c37ab99c1defac88b7ee0727a4af7dba26abb6e-6403119-images-thumbs&n=13,https://avatars.mds.yandex.net/i?id=6c37ab99c1defac88b7ee0727a4af7dba26abb6e-6403119-images-thumbs&n=13,,unknown,,pending_purchase,2026-09-11T09:26:30.569104+00:00,a145ed267d982ed98f936e646da6d3e93ffc785db961116fcbf50a596fbbd91e,fe81917a8ee0917a,453,320,image/jpeg,dataset/datasets_clear/khabarovsk_tourism_44/work/khabarovsk_tourism_44/23_Памятник комсомольцам 1930-х годов/photo_04.jpg,dataset/processed/023/aug-36360094052e-01.jpg,36360094052eb1466cf25496b66b27785f454c447fab3255a1de7e2aa4a9e1bf,true,8a6b6e164e779d6295c7f8252fdc2915a241ccd2fe3d057ac175a0da68d79b51,rotate=+4;crop=0.03;brightness=1.04;contrast=0.96;color=1.02,index,accepted,
23,Памятник комсомольцам 1930-х годов,curated_manual_yandex,https://avatars.mds.yandex.net/i?id=9819e74ee682e8a552ba510eafc51776e7da6639-10452512-images-thumbs&n=13,https://avatars.mds.yandex.net/i?id=9819e74ee682e8a552ba510eafc51776e7da6639-10452512-images-thumbs&n=13,,unknown,,pending_purchase,2026-09-11T09:26:30.574254+00:00,9e8b60f1733d3166a6e4bf82783034a3efc2c4530ce879dcff282684ed143890,f6f68db0a0cda988,386,320,image/jpeg,dataset/datasets_clear/khabarovsk_tourism_44/work/khabarovsk_tourism_44/23_Памятник комсомольцам 1930-х годов/photo_05.jpg,dataset/processed/023/aug-6a8ad68ea90f-02.jpg,6a8ad68ea90ff2f57501e542d6ea2447e1612dd7e04a87aa6fefb36990a4c008,true,d3ca141e8dc527c891f54fc34f7f2b185268170d5e97542ebf1d384345592202,rotate=-2;crop=0.06;brightness=0.92;contrast=1.02;color=1.04,index,accepted,
23,Памятник комсомольцам 1930-х годов,curated_manual_yandex,https://avatars.mds.yandex.net/i?id=0edfba2a9ccf2c6ceeb6a0ca3d281b6f9464fb3a-5161119-images-thumbs&n=13,https://avatars.mds.yandex.net/i?id=0edfba2a9ccf2c6ceeb6a0ca3d281b6f9464fb3a-5161119-images-thumbs&n=13,,unknown,,pending_purchase,2026-09-11T09:26:30.578767+00:00,2ae799f6de98532a148a21d7c517c8a6422d7abcdd79c5d5faa57ce9cdbb1e9b,f8f18707cc993706,300,225,image/jpeg,dataset/datasets_clear/khabarovsk_tourism_44/work/khabarovsk_tourism_44/23_Памятник комсомольцам 1930-х годов/photo_06.jpg,dataset/processed/023/aug-9efc255041f6-03.jpg,9efc255041f6085f519a5347bb48d20552c1b4ab42cf7a02f55d60c217c524d9,true,8bfbbec48baae7e3b071d585d8355fdcb3cf2c1d60e9f320b0687ae7f7d32672,rotate=+2;crop=0.06;brightness=1.08;contrast=0.98;color=0.96,index,accepted,
23,Памятник комсомольцам 1930-х годов,curated_manual_yandex,https://avatars.mds.yandex.net/i?id=2b85e03d5eab8c9fdb2f51f80963121eebe4f3dc-4055370-images-thumbs&n=13,https://avatars.mds.yandex.net/i?id=2b85e03d5eab8c9fdb2f51f80963121eebe4f3dc-4055370-images-thumbs&n=13,,unknown,,pending_purchase,2026-09-11T09:26:30.585273+00:00,32323b90d137d82ededc5d79c3e790b0d222c79bb58ff1acff8a244cc9617066,dc219a6596689d79,454,320,image/jpeg,dataset/datasets_clear/khabarovsk_tourism_44/work/khabarovsk_tourism_44/23_Памятник комсомольцам 1930-х годов/photo_07.jpg,dataset/processed/023/aug-a1e3b124e628-04.jpg,a1e3b124e6284604501f38b2fd4e59319a928f3f08abc55ebeb8f9251798c125,true,1ed79cd3c15f1c64ba0cbad6e5412d5793e8d84d827900a350d22866c841445f,rotate=+0;crop=0.08;brightness=0.96;contrast=1.08;color=1.00,index,accepted,
23,Памятник комсомольцам 1930-х годов,curated_manual_yandex,https://avatars.mds.yandex.net/i?id=deca6af20bff99905e9ad98338a9266db776e00c-5858868-images-thumbs&n=13,https://avatars.mds.yandex.net/i?id=deca6af20bff99905e9ad98338a9266db776e00c-5858868-images-thumbs&n=13,,unknown,,pending_purchase,2026-09-11T09:26:30.589281+00:00,15aee01926f6623bbe98e46f69cb2d6424f270eddef906d806ffafacbc22b041,fe2dd118855253a7,204,320,image/jpeg,dataset/datasets_clear/khabarovsk_tourism_44/work/khabarovsk_tourism_44/23_Памятник комсомольцам 1930-х годов/photo_08.jpg,dataset/processed/023/aug-03419a334906-05.jpg,03419a3349062055d2db4fe69da221c216a43dcf7495389451537f296ac6f242,true,aea8d8dc0e287fe4ca5d670c7441f967cb2412eaadb47f974020b7e5981e794b,rotate=+0;crop=0.04;brightness=1.04;contrast=0.92;color=1.05,index,accepted,
24,Собор Казанской иконы Божией Матери,curated_manual_yandex,https://avatars.mds.yandex.net/i?id=08c47f3bf5e270703c3ae21cd2fe4c6258301c17-5583274-images-thumbs&n=13,https://avatars.mds.yandex.net/i?id=08c47f3bf5e270703c3ae21cd2fe4c6258301c17-5583274-images-thumbs&n=13,,unknown,,pending_purchase,2026-09-11T09:26:30.719371+00:00,18487c190af0b2e809935745cfe4c7704deb6f19e747cebd2af78e4fdde1c3b2,a4d98a3d0778f18d,320,320,image/jpeg,dataset/datasets_clear/khabarovsk_tourism_44/work/khabarovsk_tourism_44/24_Собор Казанской иконы Божией Матери/photo_01.jpg,dataset/processed/024/original-579b6022ff5b90607b0b83a0884ab31ebb095ad828840fe1667edfa9e327d7e0.jpg,579b6022ff5b90607b0b83a0884ab31ebb095ad828840fe1667edfa9e327d7e0,false,,,index,accepted,
24,Собор Казанской иконы Божией Матери,curated_manual_yandex,https://avatars.mds.yandex.net/i?id=9e971eca08567b73c07bf736a29a2d1d0b4ef885-16365022-images-thumbs&n=13,https://avatars.mds.yandex.net/i?id=9e971eca08567b73c07bf736a29a2d1d0b4ef885-16365022-images-thumbs&n=13,,unknown,,pending_purchase,2026-09-11T09:26:30.725391+00:00,aafef1b4a26730905f1b8f94905f19c2311d8120ddd1f337ba33aa312735291e,e4e61b59a0a73cd1,425,320,image/jpeg,dataset/datasets_clear/khabarovsk_tourism_44/work/khabarovsk_tourism_44/24_Собор Казанской иконы Божией Матери/photo_02.jpg,dataset/processed/024/original-3a6b159b7bb5ed86a1519e10c125843a5d35da595eaeffab1066ea8c107424d3.jpg,3a6b159b7bb5ed86a1519e10c125843a5d35da595eaeffab1066ea8c107424d3,false,,,index,accepted,
24,Собор Казанской иконы Божией Матери,curated_manual_yandex,https://avatars.mds.yandex.net/i?id=9ec245268ef48463dc4ce29e5c042b35fc69fcf8-11623870-images-thumbs&n=13,https://avatars.mds.yandex.net/i?id=9ec245268ef48463dc4ce29e5c042b35fc69fcf8-11623870-images-thumbs&n=13,,unknown,,pending_purchase,2026-09-11T09:26:30.731478+00:00,52e646ebfcec6f845631b66c9cdc36432e0ef9e1c32f39807602fd09adaff957,d0a36d50f98b58e5,480,319,image/jpeg,dataset/datasets_clear/khabarovsk_tourism_44/work/khabarovsk_tourism_44/24_Собор Казанской иконы Божией Матери/photo_03.jpg,dataset/processed/024/original-cc9933430147561ccb12176da2016a9013e212e94a902e11d271a77a84461ea2.jpg,cc9933430147561ccb12176da2016a9013e212e94a902e11d271a77a84461ea2,false,,,validation,accepted,
24,Собор Казанской иконы Божией Матери,curated_manual_yandex,https://avatars.mds.yandex.net/i?id=253a3f892d4d0a9be1629920cea7ef7843966b85-3974798-images-thumbs&n=13,https://avatars.mds.yandex.net/i?id=253a3f892d4d0a9be1629920cea7ef7843966b85-3974798-images-thumbs&n=13,,unknown,,pending_purchase,2026-09-11T09:26:30.736476+00:00,4964c93e805da9214851135b19c66ebe4164d3455415f242a9ea1717e3092533,d4a30b54e53ae8d3,480,320,image/jpeg,dataset/datasets_clear/khabarovsk_tourism_44/work/khabarovsk_tourism_44/24_Собор Казанской иконы Божией Матери/photo_04.jpg,dataset/processed/024/original-58011763cd159f1b101f54138001307625af84abc2fabfc65edfca3824895624.jpg,58011763cd159f1b101f54138001307625af84abc2fabfc65edfca3824895624,false,,,index,accepted,
24,Собор Казанской иконы Божией Матери,curated_manual_yandex,https://avatars.mds.yandex.net/i?id=60bea46cd0431d698f7b70b6d56d5de2-4944831-images-thumbs&n=13,https://avatars.mds.yandex.net/i?id=60bea46cd0431d698f7b70b6d56d5de2-4944831-images-thumbs&n=13,,unknown,,pending_purchase,2026-09-11T09:26:30.744482+00:00,04a2f2d8e60655c29b1f27766fadc92aaa09e5b631ba14f53fad311b479bb895,dac3050c34dbf3c3,480,320,image/jpeg,dataset/datasets_clear/khabarovsk_tourism_44/work/khabarovsk_tourism_44/24_Собор Казанской иконы Божией Матери/photo_05.jpg,dataset/processed/024/original-fd382d4e94772b985e8039da1e668a259cd7b271a08cde8b25c7732fabf339b7.jpg,fd382d4e94772b985e8039da1e668a259cd7b271a08cde8b25c7732fabf339b7,false,,,test,accepted,
24,Собор Казанской иконы Божией Матери,curated_manual_yandex,https://avatars.mds.yandex.net/i?id=8ba3d29f79f330e0c8ce0f6cafd25ec50f299059-5259283-images-thumbs&n=13,https://avatars.mds.yandex.net/i?id=8ba3d29f79f330e0c8ce0f6cafd25ec50f299059-5259283-images-thumbs&n=13,,unknown,,pending_purchase,2026-09-11T09:26:30.751990+00:00,f56696ba4686a37a8e8a5929a67899945017447e169ccbbce71db35960e07e35,a7e25939e207b076,448,320,image/jpeg,dataset/datasets_clear/khabarovsk_tourism_44/work/khabarovsk_tourism_44/24_Собор Казанской иконы Божией Матери/photo_06.jpg,dataset/processed/024/original-d169e04be6614e89e00a6e143943a1fc92e13ddc38b81b7cd7bbddce15031d51.jpg,d169e04be6614e89e00a6e143943a1fc92e13ddc38b81b7cd7bbddce15031d51,false,,,index,accepted,
24,Собор Казанской иконы Божией Матери,curated_manual_yandex,https://avatars.mds.yandex.net/i?id=52c09327bf25198788bd0c14827bae0baf78110c-3380069-images-thumbs&n=13,https://avatars.mds.yandex.net/i?id=52c09327bf25198788bd0c14827bae0baf78110c-3380069-images-thumbs&n=13,,unknown,,pending_purchase,2026-09-11T09:26:30.757292+00:00,47cb05c2d6a49b5c349736924064cb0d938b788cbc97d76f2cc0524b02ba7118,f4861bdb26a77908,426,320,image/jpeg,dataset/datasets_clear/khabarovsk_tourism_44/work/khabarovsk_tourism_44/24_Собор Казанской иконы Божией Матери/photo_07.jpg,dataset/processed/024/original-e4455a3e9f75484786b8f7e9d8e724430e8a30b5e6b8a9cc5c2403e23dbc8b25.jpg,e4455a3e9f75484786b8f7e9d8e724430e8a30b5e6b8a9cc5c2403e23dbc8b25,false,,,index,accepted,
24,Собор Казанской иконы Божией Матери,curated_manual_yandex,https://avatars.mds.yandex.net/i?id=210a57110b8f9357cbdc1ffd086c2ccca6f997ca-4885194-images-thumbs&n=13,https://avatars.mds.yandex.net/i?id=210a57110b8f9357cbdc1ffd086c2ccca6f997ca-4885194-images-thumbs&n=13,,unknown,,pending_purchase,2026-09-11T09:26:30.761026+00:00,65dfff9d9d0fd292b097dbc91af96e635522d19cc188da0db7e4a61a97dcae28,b3b1134eec448a7d,240,320,image/jpeg,dataset/datasets_clear/khabarovsk_tourism_44/work/khabarovsk_tourism_44/24_Собор Казанской иконы Божией Матери/photo_08.jpg,dataset/processed/024/original-1807c088f6df62d2668fd76afd715575869cd59edcbba88436fbf0483d84b808.jpg,1807c088f6df62d2668fd76afd715575869cd59edcbba88436fbf0483d84b808,false,,,index,accepted,
24,Собор Казанской иконы Божией Матери,curated_manual_yandex,https://avatars.mds.yandex.net/i?id=08c47f3bf5e270703c3ae21cd2fe4c6258301c17-5583274-images-thumbs&n=13,https://avatars.mds.yandex.net/i?id=08c47f3bf5e270703c3ae21cd2fe4c6258301c17-5583274-images-thumbs&n=13,,unknown,,pending_purchase,2026-09-11T09:26:30.719371+00:00,ddb3289c3a93a3c7850c60a429cf6f9143db1972cc389ad088abbce4e93df54e,a691c2785f23f187,320,320,image/jpeg,dataset/datasets_clear/khabarovsk_tourism_44/work/khabarovsk_tourism_44/24_Собор Казанской иконы Божией Матери/photo_01.jpg,dataset/processed/024/aug-579b6022ff5b-00.jpg,579b6022ff5b90607b0b83a0884ab31ebb095ad828840fe1667edfa9e327d7e0,true,18487c190af0b2e809935745cfe4c7704deb6f19e747cebd2af78e4fdde1c3b2,rotate=-4;crop=0.03;brightness=0.96;contrast=1.04;color=0.98,index,accepted,
24,Собор Казанской иконы Божией Матери,curated_manual_yandex,https://avatars.mds.yandex.net/i?id=9e971eca08567b73c07bf736a29a2d1d0b4ef885-16365022-images-thumbs&n=13,https://avatars.mds.yandex.net/i?id=9e971eca08567b73c07bf736a29a2d1d0b4ef885-16365022-images-thumbs&n=13,,unknown,,pending_purchase,2026-09-11T09:26:30.725391+00:00,d2a0f64aa94685ef07d28302d99048af7473c98885d203e4e73cdd378e5b3025,e4c41b5be1263ed1,425,320,image/jpeg,dataset/datasets_clear/khabarovsk_tourism_44/work/khabarovsk_tourism_44/24_Собор Казанской иконы Божией Матери/photo_02.jpg,dataset/processed/024/aug-3a6b159b7bb5-01.jpg,3a6b159b7bb5ed86a1519e10c125843a5d35da595eaeffab1066ea8c107424d3,true,aafef1b4a26730905f1b8f94905f19c2311d8120ddd1f337ba33aa312735291e,rotate=+4;crop=0.03;brightness=1.04;contrast=0.96;color=1.02,index,accepted,
24,Собор Казанской иконы Божией Матери,curated_manual_yandex,https://avatars.mds.yandex.net/i?id=253a3f892d4d0a9be1629920cea7ef7843966b85-3974798-images-thumbs&n=13,https://avatars.mds.yandex.net/i?id=253a3f892d4d0a9be1629920cea7ef7843966b85-3974798-images-thumbs&n=13,,unknown,,pending_purchase,2026-09-11T09:26:30.736476+00:00,e5a23c26c304f12fc5a644971e6c01cc4b27798631637d3eaa60ad3896cea91c,d4e30b14e52afcd2,480,320,image/jpeg,dataset/datasets_clear/khabarovsk_tourism_44/work/khabarovsk_tourism_44/24_Собор Казанской иконы Божией Матери/photo_04.jpg,dataset/processed/024/aug-58011763cd15-02.jpg,58011763cd159f1b101f54138001307625af84abc2fabfc65edfca3824895624,true,4964c93e805da9214851135b19c66ebe4164d3455415f242a9ea1717e3092533,rotate=-2;crop=0.06;brightness=0.92;contrast=1.02;color=1.04,index,accepted,
24,Собор Казанской иконы Божией Матери,curated_manual_yandex,https://avatars.mds.yandex.net/i?id=8ba3d29f79f330e0c8ce0f6cafd25ec50f299059-5259283-images-thumbs&n=13,https://avatars.mds.yandex.net/i?id=8ba3d29f79f330e0c8ce0f6cafd25ec50f299059-5259283-images-thumbs&n=13,,unknown,,pending_purchase,2026-09-11T09:26:30.751990+00:00,0e523bf35cf58b937f859a2b47f65322aaf49d93742dc624bcd256d4210e6d00,a7e25be9e047a066,448,320,image/jpeg,dataset/datasets_clear/khabarovsk_tourism_44/work/khabarovsk_tourism_44/24_Собор Казанской иконы Божией Матери/photo_06.jpg,dataset/processed/024/aug-d169e04be661-03.jpg,d169e04be6614e89e00a6e143943a1fc92e13ddc38b81b7cd7bbddce15031d51,true,f56696ba4686a37a8e8a5929a67899945017447e169ccbbce71db35960e07e35,rotate=+2;crop=0.06;brightness=1.08;contrast=0.98;color=0.96,index,accepted,
24,Собор Казанской иконы Божией Матери,curated_manual_yandex,https://avatars.mds.yandex.net/i?id=52c09327bf25198788bd0c14827bae0baf78110c-3380069-images-thumbs&n=13,https://avatars.mds.yandex.net/i?id=52c09327bf25198788bd0c14827bae0baf78110c-3380069-images-thumbs&n=13,,unknown,,pending_purchase,2026-09-11T09:26:30.757292+00:00,af4a76045411a5871a403507e567c5c57724806384bc1a758b0d02bc3d4f50f3,fc861bd326a75894,426,320,image/jpeg,dataset/datasets_clear/khabarovsk_tourism_44/work/khabarovsk_tourism_44/24_Собор Казанской иконы Божией Матери/photo_07.jpg,dataset/processed/024/aug-e4455a3e9f75-04.jpg,e4455a3e9f75484786b8f7e9d8e724430e8a30b5e6b8a9cc5c2403e23dbc8b25,true,47cb05c2d6a49b5c349736924064cb0d938b788cbc97d76f2cc0524b02ba7118,rotate=+0;crop=0.08;brightness=0.96;contrast=1.08;color=1.00,index,accepted,
24,Собор Казанской иконы Божией Матери,curated_manual_yandex,https://avatars.mds.yandex.net/i?id=210a57110b8f9357cbdc1ffd086c2ccca6f997ca-4885194-images-thumbs&n=13,https://avatars.mds.yandex.net/i?id=210a57110b8f9357cbdc1ffd086c2ccca6f997ca-4885194-images-thumbs&n=13,,unknown,,pending_purchase,2026-09-11T09:26:30.761026+00:00,6ea049f924a552371f223ddd83ef83ef9d7bfc9572388eb2184860f7d9251acd,b3b1d34eec64820f,240,320,image/jpeg,dataset/datasets_clear/khabarovsk_tourism_44/work/khabarovsk_tourism_44/24_Собор Казанской иконы Божией Матери/photo_08.jpg,dataset/processed/024/aug-1807c088f6df-05.jpg,1807c088f6df62d2668fd76afd715575869cd59edcbba88436fbf0483d84b808,true,65dfff9d9d0fd292b097dbc91af96e635522d19cc188da0db7e4a61a97dcae28,rotate=+0;crop=0.04;brightness=1.04;contrast=0.92;color=1.05,index,accepted,
25,Кафедральный собор Пророка Илии,curated_manual_yandex,https://avatars.mds.yandex.net/i?id=bb75b274aba615e9474d33d55b8c747e091009a6-4531970-images-thumbs&n=13,https://avatars.mds.yandex.net/i?id=bb75b274aba615e9474d33d55b8c747e091009a6-4531970-images-thumbs&n=13,,unknown,,pending_purchase,2026-09-11T09:26:30.930895+00:00,2754a21813a4304bf363182d2a726e6483966792e207cd5bc3276a526b97eeb6,d2e2ad1d015abc5b,480,274,image/jpeg,dataset/datasets_clear/khabarovsk_tourism_44/work/khabarovsk_tourism_44/25_Кафедральный собор Пророка Илии/photo_01.jpg,dataset/processed/025/original-133baa42564c920d8614d6bad2db2d55b41637d1d5f58a2160bcd72385f7b562.jpg,133baa42564c920d8614d6bad2db2d55b41637d1d5f58a2160bcd72385f7b562,false,,,index,accepted,
25,Кафедральный собор Пророка Илии,curated_manual_yandex,https://avatars.mds.yandex.net/i?id=39d41101ac8a4c2695a3c949abfc1f6b722b006e-5252264-images-thumbs&n=13,https://avatars.mds.yandex.net/i?id=39d41101ac8a4c2695a3c949abfc1f6b722b006e-5252264-images-thumbs&n=13,,unknown,,pending_purchase,2026-09-11T09:26:30.935951+00:00,6a283316cce658773ea90ea2e3fd1d5d54632a067290553371482f34bd26e5d0,e1b554e3e48e264b,480,250,image/jpeg,dataset/datasets_clear/khabarovsk_tourism_44/work/khabarovsk_tourism_44/25_Кафедральный собор Пророка Илии/photo_02.jpg,dataset/processed/025/original-82da8c57ddec22c94d923ba525471dc5851bc6ff76d111d38909d2aadcce4c75.jpg,82da8c57ddec22c94d923ba525471dc5851bc6ff76d111d38909d2aadcce4c75,false,,,index,accepted,
25,Кафедральный собор Пророка Илии,curated_manual_yandex,https://avatars.mds.yandex.net/i?id=c5a1d06390fd9a56fd97b55ab0299f46403b3751-9181478-images-thumbs&n=13,https://avatars.mds.yandex.net/i?id=c5a1d06390fd9a56fd97b55ab0299f46403b3751-9181478-images-thumbs&n=13,,unknown,,pending_purchase,2026-09-11T09:26:30.941465+00:00,3149f3d30138d22cfcb97d3c540f80d23e9c6d235d6b40bcb518c2aabec043b9,896e34d32fa15a35,480,305,image/jpeg,dataset/datasets_clear/khabarovsk_tourism_44/work/khabarovsk_tourism_44/25_Кафедральный собор Пророка Илии/photo_03.jpg,dataset/processed/025/original-b587528ea5b8e7c5830be5eff2b8001c9a411fe13f9c7a0ae48b3fbfddde9c2b.jpg,b587528ea5b8e7c5830be5eff2b8001c9a411fe13f9c7a0ae48b3fbfddde9c2b,false,,,index,accepted,
25,Кафедральный собор Пророка Илии,curated_manual_yandex,https://avatars.mds.yandex.net/i?id=a1b2c8e83b56e3f1f8b6f179461b9ccbd2b6533b-11511205-images-thumbs&n=13,https://avatars.mds.yandex.net/i?id=a1b2c8e83b56e3f1f8b6f179461b9ccbd2b6533b-11511205-images-thumbs&n=13,,unknown,,pending_purchase,2026-09-11T09:26:30.946466+00:00,8b25b2c2b5b6a0d77e9c6abb37d05fcb7c3dcf2300ffa2d32cff2ba0545ac5e8,83ec7907c8be3b41,480,270,image/jpeg,dataset/datasets_clear/khabarovsk_tourism_44/work/khabarovsk_tourism_44/25_Кафедральный собор Пророка Илии/photo_04.jpg,dataset/processed/025/original-da3c6dcd4aaf33a831403c7448715ca5cf0b0174b82235e6ea5659b998fefbb1.jpg,da3c6dcd4aaf33a831403c7448715ca5cf0b0174b82235e6ea5659b998fefbb1,false,,,index,accepted,
25,Кафедральный собор Пророка Илии,curated_manual_yandex,https://avatars.mds.yandex.net/i?id=d487c9ebadaaae259fb3d3fa5cab4d9fb8734fb7-10636899-images-thumbs&n=13,https://avatars.mds.yandex.net/i?id=d487c9ebadaaae259fb3d3fa5cab4d9fb8734fb7-10636899-images-thumbs&n=13,,unknown,,pending_purchase,2026-09-11T09:26:30.951634+00:00,0fe12882aaa5ac0485cdaede8427fbc896b25ee1cc88a29c52fcd35c17202474,adf0520bef740c1e,427,320,image/jpeg,dataset/datasets_clear/khabarovsk_tourism_44/work/khabarovsk_tourism_44/25_Кафедральный собор Пророка Илии/photo_05.jpg,dataset/processed/025/original-3ead0f1cde3287fbf1c4be68e5be1c937c06d113c412733051d4433f3a01602b.jpg,3ead0f1cde3287fbf1c4be68e5be1c937c06d113c412733051d4433f3a01602b,false,,,index,accepted,
25,Кафедральный собор Пророка Илии,curated_manual_yandex,https://avatars.mds.yandex.net/i?id=7effd05895a92ab25f003ae7142bf4c6421241a9-4240956-images-thumbs&n=13,https://avatars.mds.yandex.net/i?id=7effd05895a92ab25f003ae7142bf4c6421241a9-4240956-images-thumbs&n=13,,unknown,,pending_purchase,2026-09-11T09:26:30.958140+00:00,896a154675d1122e962caf0d16dde0721f6a69dbf0de2eae1dd9fb70a1d607a4,e9a612f9067ea951,427,320,image/jpeg,dataset/datasets_clear/khabarovsk_tourism_44/work/khabarovsk_tourism_44/25_Кафедральный собор Пророка Илии/photo_06.jpg,dataset/processed/025/original-55cba9030bb7fb280d0a12d2c3d6bc062a32540c95ae1a4b8f3765c3e3e35fed.jpg,55cba9030bb7fb280d0a12d2c3d6bc062a32540c95ae1a4b8f3765c3e3e35fed,false,,,validation,accepted,
25,Кафедральный собор Пророка Илии,curated_manual_yandex,https://avatars.mds.yandex.net/i?id=a4f2ee5ecae007263152142e2f39a13cb500673c-12648808-images-thumbs&n=13,https://avatars.mds.yandex.net/i?id=a4f2ee5ecae007263152142e2f39a13cb500673c-12648808-images-thumbs&n=13,,unknown,,pending_purchase,2026-09-11T09:26:30.963247+00:00,dde3c31d6cdc39dd2f7f4b12e8b77bc56ff5be1a745280e183ca2f089c0f9f13,a5e24efdb1011be2,480,274,image/jpeg,dataset/datasets_clear/khabarovsk_tourism_44/work/khabarovsk_tourism_44/25_Кафедральный собор Пророка Илии/photo_07.jpg,dataset/processed/025/original-78c622de4159f3c8fb9397d3c5e841fe290df5bb14a33e7be9703d7f8a39ee4a.jpg,78c622de4159f3c8fb9397d3c5e841fe290df5bb14a33e7be9703d7f8a39ee4a,false,,,index,accepted,
25,Кафедральный собор Пророка Илии,curated_manual_yandex,https://avatars.mds.yandex.net/i?id=0ff80dda593f45e6afec35634ea605509e18f7b2-4828446-images-thumbs&n=13,https://avatars.mds.yandex.net/i?id=0ff80dda593f45e6afec35634ea605509e18f7b2-4828446-images-thumbs&n=13,,unknown,,pending_purchase,2026-09-11T09:26:30.967254+00:00,ae551a576834aca7a6e22bc768fd10e2ca92d861bb7cd8b85fd78a3f16d06c94,ab9650e91f0ae157,240,320,image/jpeg,dataset/datasets_clear/khabarovsk_tourism_44/work/khabarovsk_tourism_44/25_Кафедральный собор Пророка Илии/photo_08.jpg,dataset/processed/025/original-91c2a0c2ea27812efdf9dbf9962d05b44f9da613024ad910d5c7338aafb465ee.jpg,91c2a0c2ea27812efdf9dbf9962d05b44f9da613024ad910d5c7338aafb465ee,false,,,test,accepted,
25,Кафедральный собор Пророка Илии,curated_manual_yandex,https://avatars.mds.yandex.net/i?id=bb75b274aba615e9474d33d55b8c747e091009a6-4531970-images-thumbs&n=13,https://avatars.mds.yandex.net/i?id=bb75b274aba615e9474d33d55b8c747e091009a6-4531970-images-thumbs&n=13,,unknown,,pending_purchase,2026-09-11T09:26:30.930895+00:00,ec7e0e684545299b78dc59711b27a0f8204513c12074c32adefab13654d02643,c2a5ed1f1343bc58,480,274,image/jpeg,dataset/datasets_clear/khabarovsk_tourism_44/work/khabarovsk_tourism_44/25_Кафедральный собор Пророка Илии/photo_01.jpg,dataset/processed/025/aug-133baa42564c-00.jpg,133baa42564c920d8614d6bad2db2d55b41637d1d5f58a2160bcd72385f7b562,true,2754a21813a4304bf363182d2a726e6483966792e207cd5bc3276a526b97eeb6,rotate=-4;crop=0.03;brightness=0.96;contrast=1.04;color=0.98,index,accepted,
25,Кафедральный собор Пророка Илии,curated_manual_yandex,https://avatars.mds.yandex.net/i?id=39d41101ac8a4c2695a3c949abfc1f6b722b006e-5252264-images-thumbs&n=13,https://avatars.mds.yandex.net/i?id=39d41101ac8a4c2695a3c949abfc1f6b722b006e-5252264-images-thumbs&n=13,,unknown,,pending_purchase,2026-09-11T09:26:30.935951+00:00,530d0e09b486422027166d44824ba51b14b3b6ac4c1364b420e8eb86a818a194,e9b416e285073e6d,480,250,image/jpeg,dataset/datasets_clear/khabarovsk_tourism_44/work/khabarovsk_tourism_44/25_Кафедральный собор Пророка Илии/photo_02.jpg,dataset/processed/025/aug-82da8c57ddec-01.jpg,82da8c57ddec22c94d923ba525471dc5851bc6ff76d111d38909d2aadcce4c75,true,6a283316cce658773ea90ea2e3fd1d5d54632a067290553371482f34bd26e5d0,rotate=+4;crop=0.03;brightness=1.04;contrast=0.96;color=1.02,index,accepted,
25,Кафедральный собор Пророка Илии,curated_manual_yandex,https://avatars.mds.yandex.net/i?id=c5a1d06390fd9a56fd97b55ab0299f46403b3751-9181478-images-thumbs&n=13,https://avatars.mds.yandex.net/i?id=c5a1d06390fd9a56fd97b55ab0299f46403b3751-9181478-images-thumbs&n=13,,unknown,,pending_purchase,2026-09-11T09:26:30.941465+00:00,d093b611ee221e3ffed6232313c4d5e3024a5c948b97937c8e59692cd73128dd,9b6c35d22fb0522d,480,305,image/jpeg,dataset/datasets_clear/khabarovsk_tourism_44/work/khabarovsk_tourism_44/25_Кафедральный собор Пророка Илии/photo_03.jpg,dataset/processed/025/aug-b587528ea5b8-02.jpg,b587528ea5b8e7c5830be5eff2b8001c9a411fe13f9c7a0ae48b3fbfddde9c2b,true,3149f3d30138d22cfcb97d3c540f80d23e9c6d235d6b40bcb518c2aabec043b9,rotate=-2;crop=0.06;brightness=0.92;contrast=1.02;color=1.04,index,accepted,
25,Кафедральный собор Пророка Илии,curated_manual_yandex,https://avatars.mds.yandex.net/i?id=a1b2c8e83b56e3f1f8b6f179461b9ccbd2b6533b-11511205-images-thumbs&n=13,https://avatars.mds.yandex.net/i?id=a1b2c8e83b56e3f1f8b6f179461b9ccbd2b6533b-11511205-images-thumbs&n=13,,unknown,,pending_purchase,2026-09-11T09:26:30.946466+00:00,355dc38da3320e8dd8f60a3d232fb51021fb285969056dffdf13a6623a51a906,87f87907c83e3346,480,270,image/jpeg,dataset/datasets_clear/khabarovsk_tourism_44/work/khabarovsk_tourism_44/25_Кафедральный собор Пророка Илии/photo_04.jpg,dataset/processed/025/aug-da3c6dcd4aaf-03.jpg,da3c6dcd4aaf33a831403c7448715ca5cf0b0174b82235e6ea5659b998fefbb1,true,8b25b2c2b5b6a0d77e9c6abb37d05fcb7c3dcf2300ffa2d32cff2ba0545ac5e8,rotate=+2;crop=0.06;brightness=1.08;contrast=0.98;color=0.96,index,accepted,
25,Кафедральный собор Пророка Илии,curated_manual_yandex,https://avatars.mds.yandex.net/i?id=d487c9ebadaaae259fb3d3fa5cab4d9fb8734fb7-10636899-images-thumbs&n=13,https://avatars.mds.yandex.net/i?id=d487c9ebadaaae259fb3d3fa5cab4d9fb8734fb7-10636899-images-thumbs&n=13,,unknown,,pending_purchase,2026-09-11T09:26:30.951634+00:00,f499df3ef9e605f1799b7e7de6933bff9262c727bf13b70c3f2a406b93c45ad0,aef5111aefe1083c,427,320,image/jpeg,dataset/datasets_clear/khabarovsk_tourism_44/work/khabarovsk_tourism_44/25_Кафедральный собор Пророка Илии/photo_05.jpg,dataset/processed/025/aug-3ead0f1cde32-04.jpg,3ead0f1cde3287fbf1c4be68e5be1c937c06d113c412733051d4433f3a01602b,true,0fe12882aaa5ac0485cdaede8427fbc896b25ee1cc88a29c52fcd35c17202474,rotate=+0;crop=0.08;brightness=0.96;contrast=1.08;color=1.00,index,accepted,
25,Кафедральный собор Пророка Илии,curated_manual_yandex,https://avatars.mds.yandex.net/i?id=a4f2ee5ecae007263152142e2f39a13cb500673c-12648808-images-thumbs&n=13,https://avatars.mds.yandex.net/i?id=a4f2ee5ecae007263152142e2f39a13cb500673c-12648808-images-thumbs&n=13,,unknown,,pending_purchase,2026-09-11T09:26:30.963247+00:00,1ac9c20ab446ae61c04d69222fbb48349abd8ce57c29bd1b06f4e2e74208d552,a5e24efdb0099b62,480,274,image/jpeg,dataset/datasets_clear/khabarovsk_tourism_44/work/khabarovsk_tourism_44/25_Кафедральный собор Пророка Илии/photo_07.jpg,dataset/processed/025/aug-78c622de4159-05.jpg,78c622de4159f3c8fb9397d3c5e841fe290df5bb14a33e7be9703d7f8a39ee4a,true,dde3c31d6cdc39dd2f7f4b12e8b77bc56ff5be1a745280e183ca2f089c0f9f13,rotate=+0;crop=0.04;brightness=1.04;contrast=0.92;color=1.05,index,accepted,
26,Краеведческий музей Комсомольска-на-Амуре,curated_manual_yandex,https://avatars.mds.yandex.net/i?id=01a9a67f2929b43545e841dc846c456dfa2dfc74-7545494-images-thumbs&n=13,https://avatars.mds.yandex.net/i?id=01a9a67f2929b43545e841dc846c456dfa2dfc74-7545494-images-thumbs&n=13,,unknown,,pending_purchase,2026-09-11T09:26:31.133831+00:00,82143a681b6bd31b80a92ec50738cd2b38c46f461b0b1b7c3a59df0b8bc8f92a,dcdc52832b63613d,480,317,image/jpeg,dataset/datasets_clear/khabarovsk_tourism_44/work/khabarovsk_tourism_44/26_Краеведческий музей Комсомольска-на-Амуре/photo_01.jpg,dataset/processed/026/original-3cc0b01be96c04941c27e385c82a6b617acdfd866619ba8a07d4c953e3d74de2.jpg,3cc0b01be96c04941c27e385c82a6b617acdfd866619ba8a07d4c953e3d74de2,false,,,test,accepted,
26,Краеведческий музей Комсомольска-на-Амуре,curated_manual_yandex,https://avatars.mds.yandex.net/i?id=2c3593748ce11c21a248f7fdd45ce597ce6a8da9-5878586-images-thumbs&n=13,https://avatars.mds.yandex.net/i?id=2c3593748ce11c21a248f7fdd45ce597ce6a8da9-5878586-images-thumbs&n=13,,unknown,,pending_purchase,2026-09-11T09:26:31.139480+00:00,a22f684ec87c43664f43b9631f8423e64414fcbca18873e4eaecd56bd114f9c0,d08faff08962071f,480,320,image/jpeg,dataset/datasets_clear/khabarovsk_tourism_44/work/khabarovsk_tourism_44/26_Краеведческий музей Комсомольска-на-Амуре/photo_02.jpg,dataset/processed/026/original-885732bca42a548c0a33b7293ed5e601444971170507a5c663f0db8f7b4c662a.jpg,885732bca42a548c0a33b7293ed5e601444971170507a5c663f0db8f7b4c662a,false,,,index,accepted,
26,Краеведческий музей Комсомольска-на-Амуре,curated_manual_yandex,https://avatars.mds.yandex.net/i?id=a930fdb03b76d03d40512d425af57f29cc23b68d-4034294-images-thumbs&n=13,https://avatars.mds.yandex.net/i?id=a930fdb03b76d03d40512d425af57f29cc23b68d-4034294-images-thumbs&n=13,,unknown,,pending_purchase,2026-09-11T09:26:31.144410+00:00,b154ad2db1d6cc841475e3e01ea8b751e86a465af8ff0cee1939b0e3e6bfc9f0,bec160ba3c2a0af7,320,320,image/jpeg,dataset/datasets_clear/khabarovsk_tourism_44/work/khabarovsk_tourism_44/26_Краеведческий музей Комсомольска-на-Амуре/photo_03.jpg,dataset/processed/026/original-56eb53f31fabbafb4a140a7b6cbe8681d3c2ed7e58e3458e5a0de9442a2a0c7c.jpg,56eb53f31fabbafb4a140a7b6cbe8681d3c2ed7e58e3458e5a0de9442a2a0c7c,false,,,index,accepted,
26,Краеведческий музей Комсомольска-на-Амуре,curated_manual_yandex,https://avatars.mds.yandex.net/i?id=a5bacd681a039fdebbe931ba1b27b3aeb9eba17a-5255574-images-thumbs&n=13,https://avatars.mds.yandex.net/i?id=a5bacd681a039fdebbe931ba1b27b3aeb9eba17a-5255574-images-thumbs&n=13,,unknown,,pending_purchase,2026-09-11T09:26:31.149933+00:00,0f89eecf518ff854b80fbdf3d3477008243049a88ad7852201682fbc9d439d84,91ee5781237d0fc4,480,240,image/jpeg,dataset/datasets_clear/khabarovsk_tourism_44/work/khabarovsk_tourism_44/26_Краеведческий музей Комсомольска-на-Амуре/photo_04.jpg,dataset/processed/026/original-ee6d69b866d3c31297d0927b8c7c26d2ec3b360a8b99596f562568fe18fa9b7d.jpg,ee6d69b866d3c31297d0927b8c7c26d2ec3b360a8b99596f562568fe18fa9b7d,false,,,index,accepted,
26,Краеведческий музей Комсомольска-на-Амуре,curated_manual_yandex,https://avatars.mds.yandex.net/i?id=73f3b69863f16ddd320db0045b211590754a9d10-9198382-images-thumbs&n=13,https://avatars.mds.yandex.net/i?id=73f3b69863f16ddd320db0045b211590754a9d10-9198382-images-thumbs&n=13,,unknown,,pending_purchase,2026-09-11T09:26:31.157482+00:00,79c0ac76520f74c3ac5a56b5f3e258bbd7d0a046b8da72ea4ccfbb54216a9083,c6bd3dc01a24f93a,456,320,image/jpeg,dataset/datasets_clear/khabarovsk_tourism_44/work/khabarovsk_tourism_44/26_Краеведческий музей Комсомольска-на-Амуре/photo_05.jpg,dataset/processed/026/original-9a10a732ffb552007eb70aa1adbf55fc99b4420c453a97f558e2ddbdd25efe56.jpg,9a10a732ffb552007eb70aa1adbf55fc99b4420c453a97f558e2ddbdd25efe56,false,,,index,accepted,
26,Краеведческий музей Комсомольска-на-Амуре,curated_manual_yandex,https://avatars.mds.yandex.net/i?id=e25631c8feacdc531acfd8555ede2593db954ef2-16309820-images-thumbs&n=13,https://avatars.mds.yandex.net/i?id=e25631c8feacdc531acfd8555ede2593db954ef2-16309820-images-thumbs&n=13,,unknown,,pending_purchase,2026-09-11T09:26:31.162496+00:00,bca9326c93664ffa2db8f7295d2f1777424614fd87bb87b34ff4dc63f28334a9,8e8ce1f5125a3c3d,480,230,image/jpeg,dataset/datasets_clear/khabarovsk_tourism_44/work/khabarovsk_tourism_44/26_Краеведческий музей Комсомольска-на-Амуре/photo_06.jpg,dataset/processed/026/original-353ae8982b22a6019dbbdb0711a8f0115b2c4de1cf0c4433e8811f6526129161.jpg,353ae8982b22a6019dbbdb0711a8f0115b2c4de1cf0c4433e8811f6526129161,false,,,index,accepted,
26,Краеведческий музей Комсомольска-на-Амуре,curated_manual_yandex,https://avatars.mds.yandex.net/i?id=d602a2f2f8a788c4d45e98a9f2cee060ebd2e621-12319966-images-thumbs&n=13,https://avatars.mds.yandex.net/i?id=d602a2f2f8a788c4d45e98a9f2cee060ebd2e621-12319966-images-thumbs&n=13,,unknown,,pending_purchase,2026-09-11T09:26:31.168093+00:00,77e5ecf0d68426e208768c582caead09504bce540702099d728d6c396628b198,d40f465d2a7a6972,480,267,image/jpeg,dataset/datasets_clear/khabarovsk_tourism_44/work/khabarovsk_tourism_44/26_Краеведческий музей Комсомольска-на-Амуре/photo_08.jpg,dataset/processed/026/original-709f0047c4dd8317b096530ed0ebcde427e4ac1e942f92b23b9a72fe31f115f5.jpg,709f0047c4dd8317b096530ed0ebcde427e4ac1e942f92b23b9a72fe31f115f5,false,,,validation,accepted,
26,Краеведческий музей Комсомольска-на-Амуре,curated_manual_yandex,https://avatars.mds.yandex.net/i?id=2c3593748ce11c21a248f7fdd45ce597ce6a8da9-5878586-images-thumbs&n=13,https://avatars.mds.yandex.net/i?id=2c3593748ce11c21a248f7fdd45ce597ce6a8da9-5878586-images-thumbs&n=13,,unknown,,pending_purchase,2026-09-11T09:26:31.139480+00:00,d3a07d2c9505c73a24e952b9169e26581f3815dc3606468184671d454e019f58,d08d8f70dd62254f,480,320,image/jpeg,dataset/datasets_clear/khabarovsk_tourism_44/work/khabarovsk_tourism_44/26_Краеведческий музей Комсомольска-на-Амуре/photo_02.jpg,dataset/processed/026/aug-885732bca42a-00.jpg,885732bca42a548c0a33b7293ed5e601444971170507a5c663f0db8f7b4c662a,true,a22f684ec87c43664f43b9631f8423e64414fcbca18873e4eaecd56bd114f9c0,rotate=-4;crop=0.03;brightness=0.96;contrast=1.04;color=0.98,index,accepted,
26,Краеведческий музей Комсомольска-на-Амуре,curated_manual_yandex,https://avatars.mds.yandex.net/i?id=a930fdb03b76d03d40512d425af57f29cc23b68d-4034294-images-thumbs&n=13,https://avatars.mds.yandex.net/i?id=a930fdb03b76d03d40512d425af57f29cc23b68d-4034294-images-thumbs&n=13,,unknown,,pending_purchase,2026-09-11T09:26:31.144410+00:00,a8f9e4aef406a859e3da58147c54f8b0d103cedc086939e77dd90ff106c8d859,bec175b83d628b50,320,320,image/jpeg,dataset/datasets_clear/khabarovsk_tourism_44/work/khabarovsk_tourism_44/26_Краеведческий музей Комсомольска-на-Амуре/photo_03.jpg,dataset/processed/026/aug-56eb53f31fab-01.jpg,56eb53f31fabbafb4a140a7b6cbe8681d3c2ed7e58e3458e5a0de9442a2a0c7c,true,b154ad2db1d6cc841475e3e01ea8b751e86a465af8ff0cee1939b0e3e6bfc9f0,rotate=+4;crop=0.03;brightness=1.04;contrast=0.96;color=1.02,index,accepted,
26,Краеведческий музей Комсомольска-на-Амуре,curated_manual_yandex,https://avatars.mds.yandex.net/i?id=a5bacd681a039fdebbe931ba1b27b3aeb9eba17a-5255574-images-thumbs&n=13,https://avatars.mds.yandex.net/i?id=a5bacd681a039fdebbe931ba1b27b3aeb9eba17a-5255574-images-thumbs&n=13,,unknown,,pending_purchase,2026-09-11T09:26:31.149933+00:00,bb53180d0260c92660e3d4f6b9dc9f21e7368a5bc504ec16829cd07fc8e4f1ad,b0efd68073789d90,480,240,image/jpeg,dataset/datasets_clear/khabarovsk_tourism_44/work/khabarovsk_tourism_44/26_Краеведческий музей Комсомольска-на-Амуре/photo_04.jpg,dataset/processed/026/aug-ee6d69b866d3-02.jpg,ee6d69b866d3c31297d0927b8c7c26d2ec3b360a8b99596f562568fe18fa9b7d,true,0f89eecf518ff854b80fbdf3d3477008243049a88ad7852201682fbc9d439d84,rotate=-2;crop=0.06;brightness=0.92;contrast=1.02;color=1.04,index,accepted,
26,Краеведческий музей Комсомольска-на-Амуре,curated_manual_yandex,https://avatars.mds.yandex.net/i?id=73f3b69863f16ddd320db0045b211590754a9d10-9198382-images-thumbs&n=13,https://avatars.mds.yandex.net/i?id=73f3b69863f16ddd320db0045b211590754a9d10-9198382-images-thumbs&n=13,,unknown,,pending_purchase,2026-09-11T09:26:31.157482+00:00,edb837ca95d7a63510ca08226c8049feea16d72ac8926641802d6dc5421dce4a,d7a83cc10b66fc38,456,320,image/jpeg,dataset/datasets_clear/khabarovsk_tourism_44/work/khabarovsk_tourism_44/26_Краеведческий музей Комсомольска-на-Амуре/photo_05.jpg,dataset/processed/026/aug-9a10a732ffb5-03.jpg,9a10a732ffb552007eb70aa1adbf55fc99b4420c453a97f558e2ddbdd25efe56,true,79c0ac76520f74c3ac5a56b5f3e258bbd7d0a046b8da72ea4ccfbb54216a9083,rotate=+2;crop=0.06;brightness=1.08;contrast=0.98;color=0.96,index,accepted,
26,Краеведческий музей Комсомольска-на-Амуре,curated_manual_yandex,https://avatars.mds.yandex.net/i?id=e25631c8feacdc531acfd8555ede2593db954ef2-16309820-images-thumbs&n=13,https://avatars.mds.yandex.net/i?id=e25631c8feacdc531acfd8555ede2593db954ef2-16309820-images-thumbs&n=13,,unknown,,pending_purchase,2026-09-11T09:26:31.162496+00:00,5cd5e76cd48f2f83241223502dd30f00c9b6eb826cdf12caa46d7658bdb798de,8e8ef0f0435b2d2d,480,230,image/jpeg,dataset/datasets_clear/khabarovsk_tourism_44/work/khabarovsk_tourism_44/26_Краеведческий музей Комсомольска-на-Амуре/photo_06.jpg,dataset/processed/026/aug-353ae8982b22-04.jpg,353ae8982b22a6019dbbdb0711a8f0115b2c4de1cf0c4433e8811f6526129161,true,bca9326c93664ffa2db8f7295d2f1777424614fd87bb87b34ff4dc63f28334a9,rotate=+0;crop=0.08;brightness=0.96;contrast=1.08;color=1.00,index,accepted,
26,Краеведческий музей Комсомольска-на-Амуре,curated_manual_yandex,https://avatars.mds.yandex.net/i?id=2c3593748ce11c21a248f7fdd45ce597ce6a8da9-5878586-images-thumbs&n=13,https://avatars.mds.yandex.net/i?id=2c3593748ce11c21a248f7fdd45ce597ce6a8da9-5878586-images-thumbs&n=13,,unknown,,pending_purchase,2026-09-11T09:26:31.139480+00:00,d60d24ecaf74611d3dba05779f76ebca7b4d9d9a3a9c262e411177a36ce30466,d0cfaff88960053d,480,320,image/jpeg,dataset/datasets_clear/khabarovsk_tourism_44/work/khabarovsk_tourism_44/26_Краеведческий музей Комсомольска-на-Амуре/photo_02.jpg,dataset/processed/026/aug-885732bca42a-05.jpg,885732bca42a548c0a33b7293ed5e601444971170507a5c663f0db8f7b4c662a,true,a22f684ec87c43664f43b9631f8423e64414fcbca18873e4eaecd56bd114f9c0,rotate=+0;crop=0.04;brightness=1.04;contrast=0.92;color=1.05,index,accepted,
26,Краеведческий музей Комсомольска-на-Амуре,curated_manual_yandex,https://avatars.mds.yandex.net/i?id=a930fdb03b76d03d40512d425af57f29cc23b68d-4034294-images-thumbs&n=13,https://avatars.mds.yandex.net/i?id=a930fdb03b76d03d40512d425af57f29cc23b68d-4034294-images-thumbs&n=13,,unknown,,pending_purchase,2026-09-11T09:26:31.144410+00:00,01bd8a691ab2a3decbf41ac94259a110bf7e6e8ecda6ea7cab965f6756e3d727,bec5c1b9683acc07,320,320,image/jpeg,dataset/datasets_clear/khabarovsk_tourism_44/work/khabarovsk_tourism_44/26_Краеведческий музей Комсомольска-на-Амуре/photo_03.jpg,dataset/processed/026/aug-56eb53f31fab-06.jpg,56eb53f31fabbafb4a140a7b6cbe8681d3c2ed7e58e3458e5a0de9442a2a0c7c,true,b154ad2db1d6cc841475e3e01ea8b751e86a465af8ff0cee1939b0e3e6bfc9f0,rotate=-4;crop=0.03;brightness=0.96;contrast=1.04;color=0.98,index,accepted,
27,Драматический театр Комсомольска-на-Амуре,curated_manual_yandex,https://avatars.mds.yandex.net/i?id=3e1e4227911aa68a02e2cf479d43f47b965f70ae-5858120-images-thumbs&n=13,https://avatars.mds.yandex.net/i?id=3e1e4227911aa68a02e2cf479d43f47b965f70ae-5858120-images-thumbs&n=13,,unknown,,pending_purchase,2026-09-11T09:26:31.359970+00:00,0db18c5c6df7ae0088e62b59d57ff7b56bc6e816bbe1e9969e4c037f85293211,eaba9555c2886567,427,320,image/jpeg,dataset/datasets_clear/khabarovsk_tourism_44/work/khabarovsk_tourism_44/27_Драматический театр Комсомольска-на-Амуре/photo_01.jpg,dataset/processed/027/original-ae1c1505b854bd3d289e745543ce1290819bb159be4627990bdc9207a9212813.jpg,ae1c1505b854bd3d289e745543ce1290819bb159be4627990bdc9207a9212813,false,,,index,accepted,
27,Драматический театр Комсомольска-на-Амуре,curated_manual_yandex,https://avatars.mds.yandex.net/i?id=1fffc7f716a52d4da24da0e3c09d3ce145b4d64f-5233564-images-thumbs&n=13,https://avatars.mds.yandex.net/i?id=1fffc7f716a52d4da24da0e3c09d3ce145b4d64f-5233564-images-thumbs&n=13,,unknown,,pending_purchase,2026-09-11T09:26:31.374070+00:00,549bc3c68901322070c8deca2bec0d29ae3235c1cb1044089bda5554da5d276d,ffc08155827f3d82,458,320,image/jpeg,dataset/datasets_clear/khabarovsk_tourism_44/work/khabarovsk_tourism_44/27_Драматический театр Комсомольска-на-Амуре/photo_02.jpg,dataset/processed/027/original-d3307a8834a74162ea69d2a9f112a89164d3a83e0028ef3b46dd85735f5a91bf.jpg,d3307a8834a74162ea69d2a9f112a89164d3a83e0028ef3b46dd85735f5a91bf,false,,,index,accepted,
27,Драматический театр Комсомольска-на-Амуре,curated_manual_yandex,https://avatars.mds.yandex.net/i?id=056d44a9405f693b43bc9ffe6be0b8ed54c822f1-4986689-images-thumbs&n=13,https://avatars.mds.yandex.net/i?id=056d44a9405f693b43bc9ffe6be0b8ed54c822f1-4986689-images-thumbs&n=13,,unknown,,pending_purchase,2026-09-11T09:26:31.382071+00:00,410f1bdfcf9bf520c1dce38b676eab25e297d4f9c19d0f33fa9d916fd90932b6,8a8395f7814f0dce,426,320,image/jpeg,dataset/datasets_clear/khabarovsk_tourism_44/work/khabarovsk_tourism_44/27_Драматический театр Комсомольска-на-Амуре/photo_03.jpg,dataset/processed/027/original-878529878d809759868feb4fdc1fa76872373a90ad128607dfdd42a099cf5441.jpg,878529878d809759868feb4fdc1fa76872373a90ad128607dfdd42a099cf5441,false,,,test,accepted,
27,Драматический театр Комсомольска-на-Амуре,curated_manual_yandex,https://avatars.mds.yandex.net/i?id=0145d638730f33701ed95f622a378227988af7cb-5283698-images-thumbs&n=13,https://avatars.mds.yandex.net/i?id=0145d638730f33701ed95f622a378227988af7cb-5283698-images-thumbs&n=13,,unknown,,pending_purchase,2026-09-11T09:26:31.388661+00:00,509173852c0a659f5895b294b1e51b616e76be4beca41fd583dd46de06e3c71f,afc4d01afb678036,480,320,image/jpeg,dataset/datasets_clear/khabarovsk_tourism_44/work/khabarovsk_tourism_44/27_Драматический театр Комсомольска-на-Амуре/photo_04.jpg,dataset/processed/027/original-68ba73267f25c0df02e4aa0412bebf5b6a14fb37a706a84e917e906da07a6da3.jpg,68ba73267f25c0df02e4aa0412bebf5b6a14fb37a706a84e917e906da07a6da3,false,,,validation,accepted,
27,Драматический театр Комсомольска-на-Амуре,curated_manual_yandex,https://avatars.mds.yandex.net/i?id=8447cae2481998eadd910f6314e53b2bde4cd369-5319258-images-thumbs&n=13,https://avatars.mds.yandex.net/i?id=8447cae2481998eadd910f6314e53b2bde4cd369-5319258-images-thumbs&n=13,,unknown,,pending_purchase,2026-09-11T09:26:31.392703+00:00,548e412994bdc6ef6796b879cf9bc47f7da99c61c4c7badf5844c935b0e5f17b,c7e2c08c4aa3f7f0,480,270,image/jpeg,dataset/datasets_clear/khabarovsk_tourism_44/work/khabarovsk_tourism_44/27_Драматический театр Комсомольска-на-Амуре/photo_05.jpg,dataset/processed/027/original-cddd66397e299027d89e58adae6cb814b86ca52788b19dffb6936ce2b92c342c.jpg,cddd66397e299027d89e58adae6cb814b86ca52788b19dffb6936ce2b92c342c,false,,,index,accepted,
27,Драматический театр Комсомольска-на-Амуре,curated_manual_yandex,https://avatars.mds.yandex.net/i?id=08331eaa08aa25ac1df56f2e5ee8e9a8d04f03bf-5233928-images-thumbs&n=13,https://avatars.mds.yandex.net/i?id=08331eaa08aa25ac1df56f2e5ee8e9a8d04f03bf-5233928-images-thumbs&n=13,,unknown,,pending_purchase,2026-09-11T09:26:31.397701+00:00,07448af938d05d1cc628fc067da97b0b3b4aaed5ce419fb20b0d496181f4e068,fee1c154921fa8e8,480,318,image/jpeg,dataset/datasets_clear/khabarovsk_tourism_44/work/khabarovsk_tourism_44/27_Драматический театр Комсомольска-на-Амуре/photo_06.jpg,dataset/processed/027/original-ce9e7d03410e312476c987f62e8c8836f5c0f39a9931a4bca22fd2eb98f1dc0b.jpg,ce9e7d03410e312476c987f62e8c8836f5c0f39a9931a4bca22fd2eb98f1dc0b,false,,,index,accepted,
27,Драматический театр Комсомольска-на-Амуре,curated_manual_yandex,https://avatars.mds.yandex.net/i?id=a72d99943845c3a60b473831454293317a3ef144-4078555-images-thumbs&n=13,https://avatars.mds.yandex.net/i?id=a72d99943845c3a60b473831454293317a3ef144-4078555-images-thumbs&n=13,,unknown,,pending_purchase,2026-09-11T09:26:31.404219+00:00,681586fbb132b5fbcb9e38eb0076d526612225c3a512c7ae15ef4fd3fb8803f2,e51a753a43a46bc5,480,320,image/jpeg,dataset/datasets_clear/khabarovsk_tourism_44/work/khabarovsk_tourism_44/27_Драматический театр Комсомольска-на-Амуре/photo_07.jpg,dataset/processed/027/original-aa0eb53a61fed412c5e3c57d6b544634ccd7b6a3cf0f62adeb0384ac990f225e.jpg,aa0eb53a61fed412c5e3c57d6b544634ccd7b6a3cf0f62adeb0384ac990f225e,false,,,index,accepted,
27,Драматический театр Комсомольска-на-Амуре,curated_manual_yandex,https://avatars.mds.yandex.net/i?id=cade3629c05367cd78c436476bd4bbcb1c0067f1-10906089-images-thumbs&n=13,https://avatars.mds.yandex.net/i?id=cade3629c05367cd78c436476bd4bbcb1c0067f1-10906089-images-thumbs&n=13,,unknown,,pending_purchase,2026-09-11T09:26:31.409219+00:00,2f485f47456f24ea7852cf2a11b207ebd4921737a76b6a5df14f5f1df60f3ae0,aaaa9555cb0a7aaa,427,320,image/jpeg,dataset/datasets_clear/khabarovsk_tourism_44/work/khabarovsk_tourism_44/27_Драматический театр Комсомольска-на-Амуре/photo_08.jpg,dataset/processed/027/original-dc8c13810b6d179950d00a171dfb15a598233bf53feaeef66fbc8205493e7b3a.jpg,dc8c13810b6d179950d00a171dfb15a598233bf53feaeef66fbc8205493e7b3a,false,,,index,accepted,
27,Драматический театр Комсомольска-на-Амуре,curated_manual_yandex,https://avatars.mds.yandex.net/i?id=3e1e4227911aa68a02e2cf479d43f47b965f70ae-5858120-images-thumbs&n=13,https://avatars.mds.yandex.net/i?id=3e1e4227911aa68a02e2cf479d43f47b965f70ae-5858120-images-thumbs&n=13,,unknown,,pending_purchase,2026-09-11T09:26:31.359970+00:00,16d41c0f76149b7c5543c1d748a67a89eca8b453660212ab92b5ad3fdf468673,eab0d453cbc84c67,427,320,image/jpeg,dataset/datasets_clear/khabarovsk_tourism_44/work/khabarovsk_tourism_44/27_Драматический театр Комсомольска-на-Амуре/photo_01.jpg,dataset/processed/027/aug-ae1c1505b854-00.jpg,ae1c1505b854bd3d289e745543ce1290819bb159be4627990bdc9207a9212813,true,0db18c5c6df7ae0088e62b59d57ff7b56bc6e816bbe1e9969e4c037f85293211,rotate=-4;crop=0.03;brightness=0.96;contrast=1.04;color=0.98,index,accepted,
27,Драматический театр Комсомольска-на-Амуре,curated_manual_yandex,https://avatars.mds.yandex.net/i?id=1fffc7f716a52d4da24da0e3c09d3ce145b4d64f-5233564-images-thumbs&n=13,https://avatars.mds.yandex.net/i?id=1fffc7f716a52d4da24da0e3c09d3ce145b4d64f-5233564-images-thumbs&n=13,,unknown,,pending_purchase,2026-09-11T09:26:31.374070+00:00,af2fbf96e6bedc8e41d2ddd1a1843c05718314bb8ccd7b1cded5ce0ed6f65f0b,fec1815d963e4195,458,320,image/jpeg,dataset/datasets_clear/khabarovsk_tourism_44/work/khabarovsk_tourism_44/27_Драматический театр Комсомольска-на-Амуре/photo_02.jpg,dataset/processed/027/aug-d3307a8834a7-01.jpg,d3307a8834a74162ea69d2a9f112a89164d3a83e0028ef3b46dd85735f5a91bf,true,549bc3c68901322070c8deca2bec0d29ae3235c1cb1044089bda5554da5d276d,rotate=+4;crop=0.03;brightness=1.04;contrast=0.96;color=1.02,index,accepted,
27,Драматический театр Комсомольска-на-Амуре,curated_manual_yandex,https://avatars.mds.yandex.net/i?id=8447cae2481998eadd910f6314e53b2bde4cd369-5319258-images-thumbs&n=13,https://avatars.mds.yandex.net/i?id=8447cae2481998eadd910f6314e53b2bde4cd369-5319258-images-thumbs&n=13,,unknown,,pending_purchase,2026-09-11T09:26:31.392703+00:00,d8e23ef20096a65d813ffba91dc5d3ff124d3cb105badddc052df00f5bbe128e,87e3e08d5a03a7f2,480,270,image/jpeg,dataset/datasets_clear/khabarovsk_tourism_44/work/khabarovsk_tourism_44/27_Драматический театр Комсомольска-на-Амуре/photo_05.jpg,dataset/processed/027/aug-cddd66397e29-02.jpg,cddd66397e299027d89e58adae6cb814b86ca52788b19dffb6936ce2b92c342c,true,548e412994bdc6ef6796b879cf9bc47f7da99c61c4c7badf5844c935b0e5f17b,rotate=-2;crop=0.06;brightness=0.92;contrast=1.02;color=1.04,index,accepted,
27,Драматический театр Комсомольска-на-Амуре,curated_manual_yandex,https://avatars.mds.yandex.net/i?id=08331eaa08aa25ac1df56f2e5ee8e9a8d04f03bf-5233928-images-thumbs&n=13,https://avatars.mds.yandex.net/i?id=08331eaa08aa25ac1df56f2e5ee8e9a8d04f03bf-5233928-images-thumbs&n=13,,unknown,,pending_purchase,2026-09-11T09:26:31.397701+00:00,0a71601f9579307f1734adcb62034bd32dd71f3e0922ecd9ea519a461f7cc885,e6e1c156921ffa28,480,318,image/jpeg,dataset/datasets_clear/khabarovsk_tourism_44/work/khabarovsk_tourism_44/27_Драматический театр Комсомольска-на-Амуре/photo_06.jpg,dataset/processed/027/aug-ce9e7d03410e-03.jpg,ce9e7d03410e312476c987f62e8c8836f5c0f39a9931a4bca22fd2eb98f1dc0b,true,07448af938d05d1cc628fc067da97b0b3b4aaed5ce419fb20b0d496181f4e068,rotate=+2;crop=0.06;brightness=1.08;contrast=0.98;color=0.96,index,accepted,
27,Драматический театр Комсомольска-на-Амуре,curated_manual_yandex,https://avatars.mds.yandex.net/i?id=a72d99943845c3a60b473831454293317a3ef144-4078555-images-thumbs&n=13,https://avatars.mds.yandex.net/i?id=a72d99943845c3a60b473831454293317a3ef144-4078555-images-thumbs&n=13,,unknown,,pending_purchase,2026-09-11T09:26:31.404219+00:00,f8309fc8fdaf2725b85e545d41c76b91854aabc26eb08fffc94abfd0571065dd,e910ed7e42a46b8d,480,320,image/jpeg,dataset/datasets_clear/khabarovsk_tourism_44/work/khabarovsk_tourism_44/27_Драматический театр Комсомольска-на-Амуре/photo_07.jpg,dataset/processed/027/aug-aa0eb53a61fe-04.jpg,aa0eb53a61fed412c5e3c57d6b544634ccd7b6a3cf0f62adeb0384ac990f225e,true,681586fbb132b5fbcb9e38eb0076d526612225c3a512c7ae15ef4fd3fb8803f2,rotate=+0;crop=0.08;brightness=0.96;contrast=1.08;color=1.00,index,accepted,
27,Драматический театр Комсомольска-на-Амуре,curated_manual_yandex,https://avatars.mds.yandex.net/i?id=cade3629c05367cd78c436476bd4bbcb1c0067f1-10906089-images-thumbs&n=13,https://avatars.mds.yandex.net/i?id=cade3629c05367cd78c436476bd4bbcb1c0067f1-10906089-images-thumbs&n=13,,unknown,,pending_purchase,2026-09-11T09:26:31.409219+00:00,bc84e4d9c34ac0eb8214218a3935ccfd61ae409b978c8fdee54ec5b5c40fc8d7,aaaab515c30a7aea,427,320,image/jpeg,dataset/datasets_clear/khabarovsk_tourism_44/work/khabarovsk_tourism_44/27_Драматический театр Комсомольска-на-Амуре/photo_08.jpg,dataset/processed/027/aug-dc8c13810b6d-05.jpg,dc8c13810b6d179950d00a171dfb15a598233bf53feaeef66fbc8205493e7b3a,true,2f485f47456f24ea7852cf2a11b207ebd4921737a76b6a5df14f5f1df60f3ae0,rotate=+0;crop=0.04;brightness=1.04;contrast=0.92;color=1.05,index,accepted,
28,Парк имени Ю. А. Гагарина,curated_manual_yandex,https://avatars.mds.yandex.net/i?id=09f841f978f41fc98b621291e33e03a9ae7e3625-4382303-images-thumbs&n=13,https://avatars.mds.yandex.net/i?id=09f841f978f41fc98b621291e33e03a9ae7e3625-4382303-images-thumbs&n=13,,unknown,,pending_purchase,2026-09-11T09:26:31.608309+00:00,eabcad2ca18f876472fc3e2fab8e6d51e8895a4e184b0b5325b42c0799412eab,9676c51ab646be41,480,320,image/jpeg,dataset/datasets_clear/khabarovsk_tourism_44/work/khabarovsk_tourism_44/28_Парк имени Ю. А. Гагарина/photo_01.jpg,dataset/processed/028/original-791d10fadc155f0058bb43fa16e43ae540c3dd0fdd7bd099801da185f618b403.jpg,791d10fadc155f0058bb43fa16e43ae540c3dd0fdd7bd099801da185f618b403,false,,,index,accepted,
28,Парк имени Ю. А. Гагарина,curated_manual_yandex,https://avatars.mds.yandex.net/i?id=4eb9ff24a50ba28f21c16c3a824fa6869d68f2fa-5910710-images-thumbs&n=13,https://avatars.mds.yandex.net/i?id=4eb9ff24a50ba28f21c16c3a824fa6869d68f2fa-5910710-images-thumbs&n=13,,unknown,,pending_purchase,2026-09-11T09:26:31.614819+00:00,5464a8662511bdf2d31b5d1d83e2eec210474cd172b2fd18977bbf54525d9d1f,a09296bd8d9d2d69,427,320,image/jpeg,dataset/datasets_clear/khabarovsk_tourism_44/work/khabarovsk_tourism_44/28_Парк имени Ю. А. Гагарина/photo_02.jpg,dataset/processed/028/original-2e20c4083ded804dc1d8c409e7131a5265a8016a04a4093be2c74d7db4786418.jpg,2e20c4083ded804dc1d8c409e7131a5265a8016a04a4093be2c74d7db4786418,false,,,index,accepted,
28,Парк имени Ю. А. Гагарина,curated_manual_yandex,https://avatars.mds.yandex.net/i?id=ed2e094721ace7d4b167b7660581445994dc5dee-5232907-images-thumbs&n=13,https://avatars.mds.yandex.net/i?id=ed2e094721ace7d4b167b7660581445994dc5dee-5232907-images-thumbs&n=13,,unknown,,pending_purchase,2026-09-11T09:26:31.619826+00:00,af82a2ea756949dc3ba3a44a30d4878a01e3b11df311697c2775160851740170,c9cde6239b18d691,240,320,image/jpeg,dataset/datasets_clear/khabarovsk_tourism_44/work/khabarovsk_tourism_44/28_Парк имени Ю. А. Гагарина/photo_03.jpg,dataset/processed/028/original-7d18d23a81004eb066f51ff47de8fce6c3672fdae9e7ae8de70ad7a03d6e3240.jpg,7d18d23a81004eb066f51ff47de8fce6c3672fdae9e7ae8de70ad7a03d6e3240,false,,,validation,accepted,
28,Парк имени Ю. А. Гагарина,curated_manual_yandex,https://avatars.mds.yandex.net/i?id=22b301856bd86e3a5462e6e01130c7f617a0b286-5598874-images-thumbs&n=13,https://avatars.mds.yandex.net/i?id=22b301856bd86e3a5462e6e01130c7f617a0b286-5598874-images-thumbs&n=13,,unknown,,pending_purchase,2026-09-11T09:26:31.625860+00:00,d8b23a6b37b1734a47777e98d8c82c5bbdc0092c89f148a6a719da54018e29d7,d1d2afbf3c1221e0,427,320,image/jpeg,dataset/datasets_clear/khabarovsk_tourism_44/work/khabarovsk_tourism_44/28_Парк имени Ю. А. Гагарина/photo_04.jpg,dataset/processed/028/original-af2542036818be783fa20791eebfb278b1eec9ccbe1736ab8bac0b34a2d3560f.jpg,af2542036818be783fa20791eebfb278b1eec9ccbe1736ab8bac0b34a2d3560f,false,,,index,accepted,
28,Парк имени Ю. А. Гагарина,curated_manual_yandex,https://avatars.mds.yandex.net/i?id=676778eb153ab416848905c18d64b975fc2ef1c5-11037629-images-thumbs&n=13,https://avatars.mds.yandex.net/i?id=676778eb153ab416848905c18d64b975fc2ef1c5-11037629-images-thumbs&n=13,,unknown,,pending_purchase,2026-09-11T09:26:31.631903+00:00,116a7591b72cb3b2d4380c6d40e3a5ba2de0f58614c62932d210010e71ca0df8,cf0cad80dcb606fa,452,320,image/jpeg,dataset/datasets_clear/khabarovsk_tourism_44/work/khabarovsk_tourism_44/28_Парк имени Ю. А. Гагарина/photo_05.jpg,dataset/processed/028/original-0d4caeb2f5d8fab4b3109e9d77c3ab0db59bd84fb4ec6846d91d30a013505ecc.jpg,0d4caeb2f5d8fab4b3109e9d77c3ab0db59bd84fb4ec6846d91d30a013505ecc,false,,,test,accepted,
28,Парк имени Ю. А. Гагарина,curated_manual_yandex,https://avatars.mds.yandex.net/i?id=8627359467039c857e61487f7a71baea70c0fb2b-9065783-images-thumbs&n=13,https://avatars.mds.yandex.net/i?id=8627359467039c857e61487f7a71baea70c0fb2b-9065783-images-thumbs&n=13,,unknown,,pending_purchase,2026-09-11T09:26:31.640418+00:00,aae52ef3c1581d96c4970bec8d9444d800876d39cbc07e3e18e735a57aca6de2,e125be4aa55faac0,480,320,image/jpeg,dataset/datasets_clear/khabarovsk_tourism_44/work/khabarovsk_tourism_44/28_Парк имени Ю. А. Гагарина/photo_06.jpg,dataset/processed/028/original-404768221875c57323eecc22101b463507df398fcf2bcffde55621a661d791ee.jpg,404768221875c57323eecc22101b463507df398fcf2bcffde55621a661d791ee,false,,,index,accepted,
28,Парк имени Ю. А. Гагарина,curated_manual_yandex,https://avatars.mds.yandex.net/i?id=1fa34c898e7195dabd209f40c9d41707d77c8f32-16452655-images-thumbs&n=13,https://avatars.mds.yandex.net/i?id=1fa34c898e7195dabd209f40c9d41707d77c8f32-16452655-images-thumbs&n=13,,unknown,,pending_purchase,2026-09-11T09:26:31.644418+00:00,f736feb561ab9a453688ba2daf5ec79b0527a3873f184edf38dcb823d9d56909,b880476ff93d7052,180,320,image/jpeg,dataset/datasets_clear/khabarovsk_tourism_44/work/khabarovsk_tourism_44/28_Парк имени Ю. А. Гагарина/photo_07.jpg,dataset/processed/028/original-31e526a5cb903c805fa8bbea833512982d372bc36dc133dfe2786554e8889f21.jpg,31e526a5cb903c805fa8bbea833512982d372bc36dc133dfe2786554e8889f21,false,,,index,accepted,
28,Парк имени Ю. А. Гагарина,curated_manual_yandex,https://avatars.mds.yandex.net/i?id=c6f8a0b9882e8e66b6b139b89c5ab8b48570d6b23951f7a4-12421933-images-thumbs&n=13,https://avatars.mds.yandex.net/i?id=c6f8a0b9882e8e66b6b139b89c5ab8b48570d6b23951f7a4-12421933-images-thumbs&n=13,,unknown,,pending_purchase,2026-09-11T09:26:31.648933+00:00,ee2b2906530cfc96024cdce545b2093a053c023bb54253aed0ce415e913aed2b,d2b4870ee9689a6e,240,320,image/jpeg,dataset/datasets_clear/khabarovsk_tourism_44/work/khabarovsk_tourism_44/28_Парк имени Ю. А. Гагарина/photo_08.jpg,dataset/processed/028/original-4b4bd920b0e85d7d7304b660c4146a4b2f261e13bde2878a212d7c0b7e1735dd.jpg,4b4bd920b0e85d7d7304b660c4146a4b2f261e13bde2878a212d7c0b7e1735dd,false,,,index,accepted,
28,Парк имени Ю. А. Гагарина,curated_manual_yandex,https://avatars.mds.yandex.net/i?id=09f841f978f41fc98b621291e33e03a9ae7e3625-4382303-images-thumbs&n=13,https://avatars.mds.yandex.net/i?id=09f841f978f41fc98b621291e33e03a9ae7e3625-4382303-images-thumbs&n=13,,unknown,,pending_purchase,2026-09-11T09:26:31.608309+00:00,d53729245e25acea8ee85f2201399dbc673fa68e11522d9ab2b5b76701ca3d67,9e36c14ab64bbc49,480,320,image/jpeg,dataset/datasets_clear/khabarovsk_tourism_44/work/khabarovsk_tourism_44/28_Парк имени Ю. А. Гагарина/photo_01.jpg,dataset/processed/028/aug-791d10fadc15-00.jpg,791d10fadc155f0058bb43fa16e43ae540c3dd0fdd7bd099801da185f618b403,true,eabcad2ca18f876472fc3e2fab8e6d51e8895a4e184b0b5325b42c0799412eab,rotate=-4;crop=0.03;brightness=0.96;contrast=1.04;color=0.98,index,accepted,
28,Парк имени Ю. А. Гагарина,curated_manual_yandex,https://avatars.mds.yandex.net/i?id=4eb9ff24a50ba28f21c16c3a824fa6869d68f2fa-5910710-images-thumbs&n=13,https://avatars.mds.yandex.net/i?id=4eb9ff24a50ba28f21c16c3a824fa6869d68f2fa-5910710-images-thumbs&n=13,,unknown,,pending_purchase,2026-09-11T09:26:31.614819+00:00,98a46b6cc4e64df152e9e78665765f492f3a12d8cfcd38d0d873e3dd76bbc387,f090971d8d1f346d,427,320,image/jpeg,dataset/datasets_clear/khabarovsk_tourism_44/work/khabarovsk_tourism_44/28_Парк имени Ю. А. Гагарина/photo_02.jpg,dataset/processed/028/aug-2e20c4083ded-01.jpg,2e20c4083ded804dc1d8c409e7131a5265a8016a04a4093be2c74d7db4786418,true,5464a8662511bdf2d31b5d1d83e2eec210474cd172b2fd18977bbf54525d9d1f,rotate=+4;crop=0.03;brightness=1.04;contrast=0.96;color=1.02,index,accepted,
28,Парк имени Ю. А. Гагарина,curated_manual_yandex,https://avatars.mds.yandex.net/i?id=22b301856bd86e3a5462e6e01130c7f617a0b286-5598874-images-thumbs&n=13,https://avatars.mds.yandex.net/i?id=22b301856bd86e3a5462e6e01130c7f617a0b286-5598874-images-thumbs&n=13,,unknown,,pending_purchase,2026-09-11T09:26:31.625860+00:00,0b9e88cbc815b0238e3c4b28416e9fabbff15df27bb24af0af4e8d7aabcf334c,d1d3af3f140625d1,427,320,image/jpeg,dataset/datasets_clear/khabarovsk_tourism_44/work/khabarovsk_tourism_44/28_Парк имени Ю. А. Гагарина/photo_04.jpg,dataset/processed/028/aug-af2542036818-02.jpg,af2542036818be783fa20791eebfb278b1eec9ccbe1736ab8bac0b34a2d3560f,true,d8b23a6b37b1734a47777e98d8c82c5bbdc0092c89f148a6a719da54018e29d7,rotate=-2;crop=0.06;brightness=0.92;contrast=1.02;color=1.04,index,accepted,
28,Парк имени Ю. А. Гагарина,curated_manual_yandex,https://avatars.mds.yandex.net/i?id=8627359467039c857e61487f7a71baea70c0fb2b-9065783-images-thumbs&n=13,https://avatars.mds.yandex.net/i?id=8627359467039c857e61487f7a71baea70c0fb2b-9065783-images-thumbs&n=13,,unknown,,pending_purchase,2026-09-11T09:26:31.640418+00:00,775b9ecdef32b0b95395015d8dd69377a17b4d6531bcba0e0be86777209d16fa,c0359c5ae51f7a8a,480,320,image/jpeg,dataset/datasets_clear/khabarovsk_tourism_44/work/khabarovsk_tourism_44/28_Парк имени Ю. А. Гагарина/photo_06.jpg,dataset/processed/028/aug-404768221875-03.jpg,404768221875c57323eecc22101b463507df398fcf2bcffde55621a661d791ee,true,aae52ef3c1581d96c4970bec8d9444d800876d39cbc07e3e18e735a57aca6de2,rotate=+2;crop=0.06;brightness=1.08;contrast=0.98;color=0.96,index,accepted,
28,Парк имени Ю. А. Гагарина,curated_manual_yandex,https://avatars.mds.yandex.net/i?id=1fa34c898e7195dabd209f40c9d41707d77c8f32-16452655-images-thumbs&n=13,https://avatars.mds.yandex.net/i?id=1fa34c898e7195dabd209f40c9d41707d77c8f32-16452655-images-thumbs&n=13,,unknown,,pending_purchase,2026-09-11T09:26:31.644418+00:00,79edfd8f7f7f5a89d688117cd7d51066a5615aacfe2f5e5504bcd199da2c5a08,b8800747ca2f75f6,180,320,image/jpeg,dataset/datasets_clear/khabarovsk_tourism_44/work/khabarovsk_tourism_44/28_Парк имени Ю. А. Гагарина/photo_07.jpg,dataset/processed/028/aug-31e526a5cb90-04.jpg,31e526a5cb903c805fa8bbea833512982d372bc36dc133dfe2786554e8889f21,true,f736feb561ab9a453688ba2daf5ec79b0527a3873f184edf38dcb823d9d56909,rotate=+0;crop=0.08;brightness=0.96;contrast=1.08;color=1.00,index,accepted,
28,Парк имени Ю. А. Гагарина,curated_manual_yandex,https://avatars.mds.yandex.net/i?id=c6f8a0b9882e8e66b6b139b89c5ab8b48570d6b23951f7a4-12421933-images-thumbs&n=13,https://avatars.mds.yandex.net/i?id=c6f8a0b9882e8e66b6b139b89c5ab8b48570d6b23951f7a4-12421933-images-thumbs&n=13,,unknown,,pending_purchase,2026-09-11T09:26:31.648933+00:00,89ed55998cd06fadca894168818624f19a4998b452c46b0beb32c1f4fe129322,d2948706ed689b6e,240,320,image/jpeg,dataset/datasets_clear/khabarovsk_tourism_44/work/khabarovsk_tourism_44/28_Парк имени Ю. А. Гагарина/photo_08.jpg,dataset/processed/028/aug-4b4bd920b0e8-05.jpg,4b4bd920b0e85d7d7304b660c4146a4b2f261e13bde2878a212d7c0b7e1735dd,true,ee2b2906530cfc96024cdce545b2093a053c023bb54253aed0ce415e913aed2b,rotate=+0;crop=0.04;brightness=1.04;contrast=0.92;color=1.05,index,accepted,
29,Петроглифы Сикачи-Аляна,curated_manual_yandex,https://avatars.mds.yandex.net/i?id=d49f22f0208d59d3a31a449e5a2b905e8eb26818-5440356-images-thumbs&n=13,https://avatars.mds.yandex.net/i?id=d49f22f0208d59d3a31a449e5a2b905e8eb26818-5440356-images-thumbs&n=13,,unknown,,pending_purchase,2026-09-11T09:26:31.816183+00:00,37ad1a56838dfe2f56a46e29ed94d0d6972966c2daf9d8bafc62c0f8d397b84b,989885c26aebb51f,480,320,image/jpeg,dataset/datasets_clear/khabarovsk_tourism_44/work/khabarovsk_tourism_44/29_Петроглифы Сикачи-Аляна/photo_01.jpg,dataset/processed/029/original-a97ee48b92166138f396e24ad4193d79f71c75e380196234ef4c8ecd421463e6.jpg,a97ee48b92166138f396e24ad4193d79f71c75e380196234ef4c8ecd421463e6,false,,,test,accepted,
29,Петроглифы Сикачи-Аляна,curated_manual_yandex,https://avatars.mds.yandex.net/i?id=69efc23176a7f28fbca26d88be8ca882f5f3d29b-5876134-images-thumbs&n=13,https://avatars.mds.yandex.net/i?id=69efc23176a7f28fbca26d88be8ca882f5f3d29b-5876134-images-thumbs&n=13,,unknown,,pending_purchase,2026-09-11T09:26:31.821599+00:00,e36d53dd7dd59acd25f71a11696cf9bbde1b5c0fd2844212786e091ae33e1b1b,8385c7933b7806cf,427,320,image/jpeg,dataset/datasets_clear/khabarovsk_tourism_44/work/khabarovsk_tourism_44/29_Петроглифы Сикачи-Аляна/photo_02.jpg,dataset/processed/029/original-0d3187be9f7b81fe1bbb7a62ef547feff7873bd12ca82537c2c1e0c3b1e4df31.jpg,0d3187be9f7b81fe1bbb7a62ef547feff7873bd12ca82537c2c1e0c3b1e4df31,false,,,index,accepted,
29,Петроглифы Сикачи-Аляна,curated_manual_yandex,https://avatars.mds.yandex.net/i?id=2656947abced6f4d5206539ff65bd9e762897eba-4389492-images-thumbs&n=13,https://avatars.mds.yandex.net/i?id=2656947abced6f4d5206539ff65bd9e762897eba-4389492-images-thumbs&n=13,,unknown,,pending_purchase,2026-09-11T09:26:31.828281+00:00,12ca87a4217922ffe3a8957d1e5d7fac5c5c75b4b8d488ad6d0c17cfee36ef7d,c0d72fa82567e2c6,427,320,image/jpeg,dataset/datasets_clear/khabarovsk_tourism_44/work/khabarovsk_tourism_44/29_Петроглифы Сикачи-Аляна/photo_03.jpg,dataset/processed/029/original-398ac93559c97681a65bf6f69da7e0c8a4378c1f249de60fc3668dd08aae3ca3.jpg,398ac93559c97681a65bf6f69da7e0c8a4378c1f249de60fc3668dd08aae3ca3,false,,,index,accepted,
29,Петроглифы Сикачи-Аляна,curated_manual_yandex,https://avatars.mds.yandex.net/i?id=c9a41c4438ff4f7e41fed63f30ebd2bf028020dc-4219938-images-thumbs&n=13,https://avatars.mds.yandex.net/i?id=c9a41c4438ff4f7e41fed63f30ebd2bf028020dc-4219938-images-thumbs&n=13,,unknown,,pending_purchase,2026-09-11T09:26:31.833275+00:00,5238d57fd686f00866a422149b2c4cb4e33855fc83fbb728430bae397c6a3235,bec1c1b2c268e17d,480,216,image/jpeg,dataset/datasets_clear/khabarovsk_tourism_44/work/khabarovsk_tourism_44/29_Петроглифы Сикачи-Аляна/photo_04.jpg,dataset/processed/029/original-72e670a3d33d0ff531f65b37b7f47a8eb14f4e123f63644b325d9e730ad5a6e1.jpg,72e670a3d33d0ff531f65b37b7f47a8eb14f4e123f63644b325d9e730ad5a6e1,false,,,index,accepted,
29,Петроглифы Сикачи-Аляна,curated_manual_yandex,https://avatars.mds.yandex.net/i?id=3976cabf30e049e5c4719216241902f1d9ad1d28-5648503-images-thumbs&n=13,https://avatars.mds.yandex.net/i?id=3976cabf30e049e5c4719216241902f1d9ad1d28-5648503-images-thumbs&n=13,,unknown,,pending_purchase,2026-09-11T09:26:31.840301+00:00,47e4ea23fcd5026562ca7f56a2a55b05d17e5fda05397a1e570253da0aa08e00,955530625a636ef9,480,320,image/jpeg,dataset/datasets_clear/khabarovsk_tourism_44/work/khabarovsk_tourism_44/29_Петроглифы Сикачи-Аляна/photo_05.jpg,dataset/processed/029/original-5543c87a790537d209b987400ec7738eeda4d00f7533b466dbe10445994f82c4.jpg,5543c87a790537d209b987400ec7738eeda4d00f7533b466dbe10445994f82c4,false,,,index,accepted,
29,Петроглифы Сикачи-Аляна,curated_manual_yandex,https://avatars.mds.yandex.net/i?id=94146e3a78d08e15da9b4d92ca9ad80ba49ce234-5288850-images-thumbs&n=13,https://avatars.mds.yandex.net/i?id=94146e3a78d08e15da9b4d92ca9ad80ba49ce234-5288850-images-thumbs&n=13,,unknown,,pending_purchase,2026-09-11T09:26:31.845818+00:00,db2bea71a3a64394b0c7d3d427e859a85e59618ec4ee963b770be577823fee79,95d9a4d552cb95d0,427,320,image/jpeg,dataset/datasets_clear/khabarovsk_tourism_44/work/khabarovsk_tourism_44/29_Петроглифы Сикачи-Аляна/photo_06.jpg,dataset/processed/029/original-d9d573f0a377e6f0b921bb724169117a67b0e4c4bb2ba50048f819784b1b32c5.jpg,d9d573f0a377e6f0b921bb724169117a67b0e4c4bb2ba50048f819784b1b32c5,false,,,validation,accepted,
29,Петроглифы Сикачи-Аляна,curated_manual_yandex,https://avatars.mds.yandex.net/i?id=d942309f8966c21fa8e16bd3c99eccda08976d32-5367858-images-thumbs&n=13,https://avatars.mds.yandex.net/i?id=d942309f8966c21fa8e16bd3c99eccda08976d32-5367858-images-thumbs&n=13,,unknown,,pending_purchase,2026-09-11T09:26:31.851331+00:00,e16bd407c5ad6be65c3bb7133ba703c2cf2fbf24d8b083252c4e4295831582a7,c2f990bef921ae18,427,320,image/jpeg,dataset/datasets_clear/khabarovsk_tourism_44/work/khabarovsk_tourism_44/29_Петроглифы Сикачи-Аляна/photo_07.jpg,dataset/processed/029/original-52c2056124c5da45ce9d9d14261a2c8604ef9d799e09edce73635a55bc574566.jpg,52c2056124c5da45ce9d9d14261a2c8604ef9d799e09edce73635a55bc574566,false,,,index,accepted,
29,Петроглифы Сикачи-Аляна,curated_manual_yandex,https://avatars.mds.yandex.net/i?id=4c89e6e7c986032d6c811f202aace674a098dc20-10385077-images-thumbs&n=13,https://avatars.mds.yandex.net/i?id=4c89e6e7c986032d6c811f202aace674a098dc20-10385077-images-thumbs&n=13,,unknown,,pending_purchase,2026-09-11T09:26:31.857365+00:00,dceba5bc94a5859360a88c201c279186bac2c38b4429f0050ad8bd0b08839c8a,a39ab6d5c170ab25,480,260,image/jpeg,dataset/datasets_clear/khabarovsk_tourism_44/work/khabarovsk_tourism_44/29_Петроглифы Сикачи-Аляна/photo_08.jpg,dataset/processed/029/original-0a42eab70f907d89e54095ecc84a18d86f2496135e85b29fc1f65c1162356674.jpg,0a42eab70f907d89e54095ecc84a18d86f2496135e85b29fc1f65c1162356674,false,,,index,accepted,
29,Петроглифы Сикачи-Аляна,curated_manual_yandex,https://avatars.mds.yandex.net/i?id=69efc23176a7f28fbca26d88be8ca882f5f3d29b-5876134-images-thumbs&n=13,https://avatars.mds.yandex.net/i?id=69efc23176a7f28fbca26d88be8ca882f5f3d29b-5876134-images-thumbs&n=13,,unknown,,pending_purchase,2026-09-11T09:26:31.821599+00:00,12f40e797ee856f9f834f61d2d661ca4ffcd575166f3f8729e17a3586f61e018,938fc7073b784447,427,320,image/jpeg,dataset/datasets_clear/khabarovsk_tourism_44/work/khabarovsk_tourism_44/29_Петроглифы Сикачи-Аляна/photo_02.jpg,dataset/processed/029/aug-0d3187be9f7b-00.jpg,0d3187be9f7b81fe1bbb7a62ef547feff7873bd12ca82537c2c1e0c3b1e4df31,true,e36d53dd7dd59acd25f71a11696cf9bbde1b5c0fd2844212786e091ae33e1b1b,rotate=-4;crop=0.03;brightness=0.96;contrast=1.04;color=0.98,index,accepted,
29,Петроглифы Сикачи-Аляна,curated_manual_yandex,https://avatars.mds.yandex.net/i?id=2656947abced6f4d5206539ff65bd9e762897eba-4389492-images-thumbs&n=13,https://avatars.mds.yandex.net/i?id=2656947abced6f4d5206539ff65bd9e762897eba-4389492-images-thumbs&n=13,,unknown,,pending_purchase,2026-09-11T09:26:31.828281+00:00,66ece86da687ff26de16c8aa2a322ebb2b65872d3d208e89fddc5980664966e6,c2d43fa83567e20e,427,320,image/jpeg,dataset/datasets_clear/khabarovsk_tourism_44/work/khabarovsk_tourism_44/29_Петроглифы Сикачи-Аляна/photo_03.jpg,dataset/processed/029/aug-398ac93559c9-01.jpg,398ac93559c97681a65bf6f69da7e0c8a4378c1f249de60fc3668dd08aae3ca3,true,12ca87a4217922ffe3a8957d1e5d7fac5c5c75b4b8d488ad6d0c17cfee36ef7d,rotate=+4;crop=0.03;brightness=1.04;contrast=0.96;color=1.02,index,accepted,
29,Петроглифы Сикачи-Аляна,curated_manual_yandex,https://avatars.mds.yandex.net/i?id=c9a41c4438ff4f7e41fed63f30ebd2bf028020dc-4219938-images-thumbs&n=13,https://avatars.mds.yandex.net/i?id=c9a41c4438ff4f7e41fed63f30ebd2bf028020dc-4219938-images-thumbs&n=13,,unknown,,pending_purchase,2026-09-11T09:26:31.833275+00:00,535c72301e99e595880735512a839e34a3eed8388561778a817995d1a7f9287e,bec9c1b6c2496179,480,216,image/jpeg,dataset/datasets_clear/khabarovsk_tourism_44/work/khabarovsk_tourism_44/29_Петроглифы Сикачи-Аляна/photo_04.jpg,dataset/processed/029/aug-72e670a3d33d-02.jpg,72e670a3d33d0ff531f65b37b7f47a8eb14f4e123f63644b325d9e730ad5a6e1,true,5238d57fd686f00866a422149b2c4cb4e33855fc83fbb728430bae397c6a3235,rotate=-2;crop=0.06;brightness=0.92;contrast=1.02;color=1.04,index,accepted,
29,Петроглифы Сикачи-Аляна,curated_manual_yandex,https://avatars.mds.yandex.net/i?id=3976cabf30e049e5c4719216241902f1d9ad1d28-5648503-images-thumbs&n=13,https://avatars.mds.yandex.net/i?id=3976cabf30e049e5c4719216241902f1d9ad1d28-5648503-images-thumbs&n=13,,unknown,,pending_purchase,2026-09-11T09:26:31.840301+00:00,828dbfc086be43d034acd37b84df75f1b3d3f72b56ccd8c11a9c684810f224b5,b55035635ec16e78,480,320,image/jpeg,dataset/datasets_clear/khabarovsk_tourism_44/work/khabarovsk_tourism_44/29_Петроглифы Сикачи-Аляна/photo_05.jpg,dataset/processed/029/aug-5543c87a7905-03.jpg,5543c87a790537d209b987400ec7738eeda4d00f7533b466dbe10445994f82c4,true,47e4ea23fcd5026562ca7f56a2a55b05d17e5fda05397a1e570253da0aa08e00,rotate=+2;crop=0.06;brightness=1.08;contrast=0.98;color=0.96,index,accepted,
29,Петроглифы Сикачи-Аляна,curated_manual_yandex,https://avatars.mds.yandex.net/i?id=d942309f8966c21fa8e16bd3c99eccda08976d32-5367858-images-thumbs&n=13,https://avatars.mds.yandex.net/i?id=d942309f8966c21fa8e16bd3c99eccda08976d32-5367858-images-thumbs&n=13,,unknown,,pending_purchase,2026-09-11T09:26:31.851331+00:00,6f6522ce858d4186a5152ee3029653de386e80bb1769b2c7337ae9cbeb33f43c,c5da80bfe0a1ec78,427,320,image/jpeg,dataset/datasets_clear/khabarovsk_tourism_44/work/khabarovsk_tourism_44/29_Петроглифы Сикачи-Аляна/photo_07.jpg,dataset/processed/029/aug-52c2056124c5-04.jpg,52c2056124c5da45ce9d9d14261a2c8604ef9d799e09edce73635a55bc574566,true,e16bd407c5ad6be65c3bb7133ba703c2cf2fbf24d8b083252c4e4295831582a7,rotate=+0;crop=0.08;brightness=0.96;contrast=1.08;color=1.00,index,accepted,
29,Петроглифы Сикачи-Аляна,curated_manual_yandex,https://avatars.mds.yandex.net/i?id=4c89e6e7c986032d6c811f202aace674a098dc20-10385077-images-thumbs&n=13,https://avatars.mds.yandex.net/i?id=4c89e6e7c986032d6c811f202aace674a098dc20-10385077-images-thumbs&n=13,,unknown,,pending_purchase,2026-09-11T09:26:31.857365+00:00,d7d6c73c3ea0c8f7e1ea4cf80af576ebf85dff2794c80690bdda7d47d2a512f2,a38eb6d5d154aa25,480,260,image/jpeg,dataset/datasets_clear/khabarovsk_tourism_44/work/khabarovsk_tourism_44/29_Петроглифы Сикачи-Аляна/photo_08.jpg,dataset/processed/029/aug-0a42eab70f90-05.jpg,0a42eab70f907d89e54095ecc84a18d86f2496135e85b29fc1f65c1162356674,true,dceba5bc94a5859360a88c201c279186bac2c38b4429f0050ad8bd0b08839c8a,rotate=+0;crop=0.04;brightness=1.04;contrast=0.92;color=1.05,index,accepted,
30,Этнографическая усадьба «Ми дёаи»,curated_manual_yandex,https://avatars.mds.yandex.net/i?id=5f255220738c9f192f3f3f0f66c5367ee71a9810-10928745-images-thumbs&n=13,https://avatars.mds.yandex.net/i?id=5f255220738c9f192f3f3f0f66c5367ee71a9810-10928745-images-thumbs&n=13,,unknown,,pending_purchase,2026-09-11T09:26:32.026189+00:00,2457778162417a0402d3698b6764d75d36fde9fc892f3347aac8e44085a83c0a,d6d98b23798109f9,427,320,image/jpeg,dataset/datasets_clear/khabarovsk_tourism_44/work/khabarovsk_tourism_44/30_Этнографическая усадьба «Ми дёаи»/photo_01.jpg,dataset/processed/030/original-9dc28393774b14f516573cbe87635a404fba9ba239c77688da9a0b4e7f4626a8.jpg,9dc28393774b14f516573cbe87635a404fba9ba239c77688da9a0b4e7f4626a8,false,,,index,accepted,
30,Этнографическая усадьба «Ми дёаи»,curated_manual_yandex,https://avatars.mds.yandex.net/i?id=02e4978ff500af47754dfc70b3a4f7105d5b4873-5363302-images-thumbs&n=13,https://avatars.mds.yandex.net/i?id=02e4978ff500af47754dfc70b3a4f7105d5b4873-5363302-images-thumbs&n=13,,unknown,,pending_purchase,2026-09-11T09:26:32.032727+00:00,8b9b876b4b7ef32814deee7fb1e6a53b7710b6957e45aaa86eea0506a2d482d5,8e36b886e73cc2ac,427,320,image/jpeg,dataset/datasets_clear/khabarovsk_tourism_44/work/khabarovsk_tourism_44/30_Этнографическая усадьба «Ми дёаи»/photo_02.jpg,dataset/processed/030/original-db52b52f00eb11fc5c0e985e39c9fe986d704411e3f5a647ed17626eeeb993f8.jpg,db52b52f00eb11fc5c0e985e39c9fe986d704411e3f5a647ed17626eeeb993f8,false,,,index,accepted,
30,Этнографическая усадьба «Ми дёаи»,curated_manual_yandex,https://avatars.mds.yandex.net/i?id=b15058ab962d9b859272a1e9a08f795c-4261452-images-thumbs&n=13,https://avatars.mds.yandex.net/i?id=b15058ab962d9b859272a1e9a08f795c-4261452-images-thumbs&n=13,,unknown,,pending_purchase,2026-09-11T09:26:32.039727+00:00,ec68705416ebb15bcc27c62af5858ad26e111c32927582458be5c78c4ec83eaa,9dd0f6ca0b6a0ccd,478,320,image/jpeg,dataset/datasets_clear/khabarovsk_tourism_44/work/khabarovsk_tourism_44/30_Этнографическая усадьба «Ми дёаи»/photo_06.jpg,dataset/processed/030/original-7eb08321522acc37fd40fddabddebc5d2a93dba6dff0f320e6b6d677e7ae8dc9.jpg,7eb08321522acc37fd40fddabddebc5d2a93dba6dff0f320e6b6d677e7ae8dc9,false,,,test,accepted,
30,Этнографическая усадьба «Ми дёаи»,curated_manual_yandex,https://avatars.mds.yandex.net/i?id=5f255220738c9f192f3f3f0f66c5367ee71a9810-10928745-images-thumbs&n=13,https://avatars.mds.yandex.net/i?id=5f255220738c9f192f3f3f0f66c5367ee71a9810-10928745-images-thumbs&n=13,,unknown,,pending_purchase,2026-09-11T09:26:32.026189+00:00,6e2c1dec3638375d3df8f8c31cc7d0892b5fd294914209e236e6ed7752ce3ec9,d6c8892379b14dad,427,320,image/jpeg,dataset/datasets_clear/khabarovsk_tourism_44/work/khabarovsk_tourism_44/30_Этнографическая усадьба «Ми дёаи»/photo_01.jpg,dataset/processed/030/aug-9dc28393774b-00.jpg,9dc28393774b14f516573cbe87635a404fba9ba239c77688da9a0b4e7f4626a8,true,2457778162417a0402d3698b6764d75d36fde9fc892f3347aac8e44085a83c0a,rotate=-4;crop=0.03;brightness=0.96;contrast=1.04;color=0.98,index,accepted,
30,Этнографическая усадьба «Ми дёаи»,curated_manual_yandex,https://avatars.mds.yandex.net/i?id=02e4978ff500af47754dfc70b3a4f7105d5b4873-5363302-images-thumbs&n=13,https://avatars.mds.yandex.net/i?id=02e4978ff500af47754dfc70b3a4f7105d5b4873-5363302-images-thumbs&n=13,,unknown,,pending_purchase,2026-09-11T09:26:32.032727+00:00,72a91b16698d9afb6d027fd34af1c35b204c9aa52eada7247939dd6e551f4c90,8f37d087e73c42a8,427,320,image/jpeg,dataset/datasets_clear/khabarovsk_tourism_44/work/khabarovsk_tourism_44/30_Этнографическая усадьба «Ми дёаи»/photo_02.jpg,dataset/processed/030/aug-db52b52f00eb-01.jpg,db52b52f00eb11fc5c0e985e39c9fe986d704411e3f5a647ed17626eeeb993f8,true,8b9b876b4b7ef32814deee7fb1e6a53b7710b6957e45aaa86eea0506a2d482d5,rotate=+4;crop=0.03;brightness=1.04;contrast=0.96;color=1.02,index,accepted,
30,Этнографическая усадьба «Ми дёаи»,curated_manual_yandex,https://avatars.mds.yandex.net/i?id=5f255220738c9f192f3f3f0f66c5367ee71a9810-10928745-images-thumbs&n=13,https://avatars.mds.yandex.net/i?id=5f255220738c9f192f3f3f0f66c5367ee71a9810-10928745-images-thumbs&n=13,,unknown,,pending_purchase,2026-09-11T09:26:32.026189+00:00,f983aeaf35694851af7337e0d22e9132c430996d04962a837692ff1d6d380324,d4d98323b9818df9,427,320,image/jpeg,dataset/datasets_clear/khabarovsk_tourism_44/work/khabarovsk_tourism_44/30_Этнографическая усадьба «Ми дёаи»/photo_01.jpg,dataset/processed/030/aug-9dc28393774b-02.jpg,9dc28393774b14f516573cbe87635a404fba9ba239c77688da9a0b4e7f4626a8,true,2457778162417a0402d3698b6764d75d36fde9fc892f3347aac8e44085a83c0a,rotate=-2;crop=0.06;brightness=0.92;contrast=1.02;color=1.04,index,accepted,
30,Этнографическая усадьба «Ми дёаи»,curated_manual_yandex,https://avatars.mds.yandex.net/i?id=02e4978ff500af47754dfc70b3a4f7105d5b4873-5363302-images-thumbs&n=13,https://avatars.mds.yandex.net/i?id=02e4978ff500af47754dfc70b3a4f7105d5b4873-5363302-images-thumbs&n=13,,unknown,,pending_purchase,2026-09-11T09:26:32.032727+00:00,d23546b5fb1601406af17c5abf44b9da87a229ee7628489e9ad8bb7154737412,8f33b882e73c52ac,427,320,image/jpeg,dataset/datasets_clear/khabarovsk_tourism_44/work/khabarovsk_tourism_44/30_Этнографическая усадьба «Ми дёаи»/photo_02.jpg,dataset/processed/030/aug-db52b52f00eb-03.jpg,db52b52f00eb11fc5c0e985e39c9fe986d704411e3f5a647ed17626eeeb993f8,true,8b9b876b4b7ef32814deee7fb1e6a53b7710b6957e45aaa86eea0506a2d482d5,rotate=+2;crop=0.06;brightness=1.08;contrast=0.98;color=0.96,index,accepted,
30,Этнографическая усадьба «Ми дёаи»,curated_manual_yandex,https://avatars.mds.yandex.net/i?id=5f255220738c9f192f3f3f0f66c5367ee71a9810-10928745-images-thumbs&n=13,https://avatars.mds.yandex.net/i?id=5f255220738c9f192f3f3f0f66c5367ee71a9810-10928745-images-thumbs&n=13,,unknown,,pending_purchase,2026-09-11T09:26:32.026189+00:00,47defac9be333d713018240402605a63eeece428eb2c2992f935c3106b953afb,f4d9822673809beb,427,320,image/jpeg,dataset/datasets_clear/khabarovsk_tourism_44/work/khabarovsk_tourism_44/30_Этнографическая усадьба «Ми дёаи»/photo_01.jpg,dataset/processed/030/aug-9dc28393774b-04.jpg,9dc28393774b14f516573cbe87635a404fba9ba239c77688da9a0b4e7f4626a8,true,2457778162417a0402d3698b6764d75d36fde9fc892f3347aac8e44085a83c0a,rotate=+0;crop=0.08;brightness=0.96;contrast=1.08;color=1.00,index,accepted,
30,Этнографическая усадьба «Ми дёаи»,curated_manual_yandex,https://avatars.mds.yandex.net/i?id=02e4978ff500af47754dfc70b3a4f7105d5b4873-5363302-images-thumbs&n=13,https://avatars.mds.yandex.net/i?id=02e4978ff500af47754dfc70b3a4f7105d5b4873-5363302-images-thumbs&n=13,,unknown,,pending_purchase,2026-09-11T09:26:32.032727+00:00,45b1e6611f4fb8189d34f2f9d3e7c663db17da9bc4e37b2382b180e5a5b47d75,8e36b882e73d52b8,427,320,image/jpeg,dataset/datasets_clear/khabarovsk_tourism_44/work/khabarovsk_tourism_44/30_Этнографическая усадьба «Ми дёаи»/photo_02.jpg,dataset/processed/030/aug-db52b52f00eb-05.jpg,db52b52f00eb11fc5c0e985e39c9fe986d704411e3f5a647ed17626eeeb993f8,true,8b9b876b4b7ef32814deee7fb1e6a53b7710b6957e45aaa86eea0506a2d482d5,rotate=+0;crop=0.04;brightness=1.04;contrast=0.92;color=1.05,index,accepted,
30,Этнографическая усадьба «Ми дёаи»,curated_manual_yandex,https://avatars.mds.yandex.net/i?id=5f255220738c9f192f3f3f0f66c5367ee71a9810-10928745-images-thumbs&n=13,https://avatars.mds.yandex.net/i?id=5f255220738c9f192f3f3f0f66c5367ee71a9810-10928745-images-thumbs&n=13,,unknown,,pending_purchase,2026-09-11T09:26:32.026189+00:00,1dfe99af7e828da5817246a4191f2ff7877dee55cb04bbe636f2da24de29882d,d6c98b2379810df5,427,320,image/jpeg,dataset/datasets_clear/khabarovsk_tourism_44/work/khabarovsk_tourism_44/30_Этнографическая усадьба «Ми дёаи»/photo_01.jpg,dataset/processed/030/aug-9dc28393774b-06.jpg,9dc28393774b14f516573cbe87635a404fba9ba239c77688da9a0b4e7f4626a8,true,2457778162417a0402d3698b6764d75d36fde9fc892f3347aac8e44085a83c0a,rotate=-4;crop=0.03;brightness=0.96;contrast=1.04;color=0.98,index,accepted,
30,Этнографическая усадьба «Ми дёаи»,curated_manual_yandex,https://avatars.mds.yandex.net/i?id=02e4978ff500af47754dfc70b3a4f7105d5b4873-5363302-images-thumbs&n=13,https://avatars.mds.yandex.net/i?id=02e4978ff500af47754dfc70b3a4f7105d5b4873-5363302-images-thumbs&n=13,,unknown,,pending_purchase,2026-09-11T09:26:32.032727+00:00,003796513debe524af049bcc1cb56fed6fdf1bdfc4a8ad4b187af9300838fde0,8e36f087e73d42a8,427,320,image/jpeg,dataset/datasets_clear/khabarovsk_tourism_44/work/khabarovsk_tourism_44/30_Этнографическая усадьба «Ми дёаи»/photo_02.jpg,dataset/processed/030/aug-db52b52f00eb-07.jpg,db52b52f00eb11fc5c0e985e39c9fe986d704411e3f5a647ed17626eeeb993f8,true,8b9b876b4b7ef32814deee7fb1e6a53b7710b6957e45aaa86eea0506a2d482d5,rotate=+4;crop=0.03;brightness=1.04;contrast=0.96;color=1.02,index,accepted,
30,Этнографическая усадьба «Ми дёаи»,curated_manual_yandex,https://avatars.mds.yandex.net/i?id=5f255220738c9f192f3f3f0f66c5367ee71a9810-10928745-images-thumbs&n=13,https://avatars.mds.yandex.net/i?id=5f255220738c9f192f3f3f0f66c5367ee71a9810-10928745-images-thumbs&n=13,,unknown,,pending_purchase,2026-09-11T09:26:32.026189+00:00,c9bb9dd5a193ebf9007869a2f037072fc6e090fee13e5abd65346e585f750374,d6dc8b237bb009c9,427,320,image/jpeg,dataset/datasets_clear/khabarovsk_tourism_44/work/khabarovsk_tourism_44/30_Этнографическая усадьба «Ми дёаи»/photo_01.jpg,dataset/processed/030/aug-9dc28393774b-08.jpg,9dc28393774b14f516573cbe87635a404fba9ba239c77688da9a0b4e7f4626a8,true,2457778162417a0402d3698b6764d75d36fde9fc892f3347aac8e44085a83c0a,rotate=-2;crop=0.06;brightness=0.92;contrast=1.02;color=1.04,index,accepted,
30,Этнографическая усадьба «Ми дёаи»,curated_manual_yandex,https://avatars.mds.yandex.net/i?id=02e4978ff500af47754dfc70b3a4f7105d5b4873-5363302-images-thumbs&n=13,https://avatars.mds.yandex.net/i?id=02e4978ff500af47754dfc70b3a4f7105d5b4873-5363302-images-thumbs&n=13,,unknown,,pending_purchase,2026-09-11T09:26:32.032727+00:00,569737ec32fa4be9ff750ca43b65982dba4cab4510d562c31c3d5773d822c45c,8f33b880e73d52aa,427,320,image/jpeg,dataset/datasets_clear/khabarovsk_tourism_44/work/khabarovsk_tourism_44/30_Этнографическая усадьба «Ми дёаи»/photo_02.jpg,dataset/processed/030/aug-db52b52f00eb-09.jpg,db52b52f00eb11fc5c0e985e39c9fe986d704411e3f5a647ed17626eeeb993f8,true,8b9b876b4b7ef32814deee7fb1e6a53b7710b6957e45aaa86eea0506a2d482d5,rotate=+2;crop=0.06;brightness=1.08;contrast=0.98;color=0.96,index,accepted,
31,Интерактивный самолёт «Валерий Чкалов»,curated_manual_yandex,https://avatars.mds.yandex.net/get-altay/17843434/2a0000019992659103469195b9469c4ad04f/orig,https://avatars.mds.yandex.net/get-altay/17843434/2a0000019992659103469195b9469c4ad04f/orig,,unknown,,pending_purchase,2026-09-11T09:26:32.668728+00:00,ee400e8c8a96b09f67c9d27e84ed9cc93ebbeb4ce24688afa4f31826e914aaab,dbe6117dca1fa440,3022,3456,image/jpeg,dataset/datasets_clear/khabarovsk_tourism_44/work/khabarovsk_tourism_44/31_Интерактивный самолёт «Валерий Чкалов»/photo_01.jpg,dataset/processed/031/original-fc3493cb083c0422b75c5fddd529384b35ce7751dfec326f93e898f97aca01ae.jpg,fc3493cb083c0422b75c5fddd529384b35ce7751dfec326f93e898f97aca01ae,false,,,index,accepted,
31,Интерактивный самолёт «Валерий Чкалов»,curated_manual_yandex,https://geocaching.su/photos/areas/144569.jpg,https://geocaching.su/photos/areas/144569.jpg,,unknown,,pending_purchase,2026-09-11T09:26:32.705773+00:00,6e78ac59f42d0f1b7fbda25ab11e89a0108461fd71ce8b9a4ca7f3a1cf7eb482,a9a2d6cd7dac3034,1280,800,image/jpeg,dataset/datasets_clear/khabarovsk_tourism_44/work/khabarovsk_tourism_44/31_Интерактивный самолёт «Валерий Чкалов»/photo_02.jpg,dataset/processed/031/original-572bd441a2051248dc58fc01ff5352aa4b7d7e8f2ffb572d0f49cc65036d8db0.jpg,572bd441a2051248dc58fc01ff5352aa4b7d7e8f2ffb572d0f49cc65036d8db0,false,,,index,accepted,
31,Интерактивный самолёт «Валерий Чкалов»,curated_manual_yandex,https://avatars.dzeninfra.ru/get-zen_doc/8246938/pub_63f98c123876d93b6f98f7eb_6402b33c4dd9392590a40a25/scale_1200,https://avatars.dzeninfra.ru/get-zen_doc/8246938/pub_63f98c123876d93b6f98f7eb_6402b33c4dd9392590a40a25/scale_1200,,unknown,,pending_purchase,2026-09-11T09:26:32.736176+00:00,c429922566e2654eb3b2cdd50c3a1cc1f2a08fbc6dceb590472549a52d1b3e2e,c613314ef32cc63b,1200,799,image/jpeg,dataset/datasets_clear/khabarovsk_tourism_44/work/khabarovsk_tourism_44/31_Интерактивный самолёт «Валерий Чкалов»/photo_03.jpg,dataset/processed/031/original-f8223a51a880b544eca25cd80ad450f8bc984b1db337c5d3d126823df35f1a4c.jpg,f8223a51a880b544eca25cd80ad450f8bc984b1db337c5d3d126823df35f1a4c,false,,,test,accepted,
31,Интерактивный самолёт «Валерий Чкалов»,curated_manual_yandex,https://avatars.mds.yandex.net/get-altay/4043748/2a000001750379ff608541927c028e9ef19d/orig,https://avatars.mds.yandex.net/get-altay/4043748/2a000001750379ff608541927c028e9ef19d/orig,,unknown,,pending_purchase,2026-09-11T09:26:33.104134+00:00,2137010fe50f96de93abea9d668f20f8ba713c4797c288148fd5bbe7092c61a8,98f6e3491cb2e51c,3000,4000,image/jpeg,dataset/datasets_clear/khabarovsk_tourism_44/work/khabarovsk_tourism_44/31_Интерактивный самолёт «Валерий Чкалов»/photo_04.jpg,dataset/processed/031/original-040c2929261bd11e2ecf3b99ed6c9415163e20e01210ed4361174773833ef226.jpg,040c2929261bd11e2ecf3b99ed6c9415163e20e01210ed4361174773833ef226,false,,,index,accepted,
31,Интерактивный самолёт «Валерий Чкалов»,curated_manual_yandex,https://todaykhv.ru/upload/resized/674/67456e50711e9525ee6af413729aab39.jpg,https://todaykhv.ru/upload/resized/674/67456e50711e9525ee6af413729aab39.jpg,,unknown,,pending_purchase,2026-09-11T09:26:33.157594+00:00,89742e33754d319dfbed7e399cd0cf080b7859ed8ac616c8d772e5558075aad5,b084e9ee4b3c96b1,1185,889,image/jpeg,dataset/datasets_clear/khabarovsk_tourism_44/work/khabarovsk_tourism_44/31_Интерактивный самолёт «Валерий Чкалов»/photo_05.jpg,dataset/processed/031/original-047e9c40f6149400b099bf917d74f97ef5e6f4260f052177d536fba6c8bd71db.jpg,047e9c40f6149400b099bf917d74f97ef5e6f4260f052177d536fba6c8bd71db,false,,,index,accepted,
31,Интерактивный самолёт «Валерий Чкалов»,curated_manual_yandex,https://content.foto.my.mail.ru/mail/axey/11500/h-25813.jpg,https://content.foto.my.mail.ru/mail/axey/11500/h-25813.jpg,,unknown,,pending_purchase,2026-09-11T09:26:33.205250+00:00,86f05b5518a2666449860986dbaaf9dd72e407d34f2a76b709d2c067c27dc78b,a57cda8ba585d231,1654,933,image/jpeg,dataset/datasets_clear/khabarovsk_tourism_44/work/khabarovsk_tourism_44/31_Интерактивный самолёт «Валерий Чкалов»/photo_06.jpg,dataset/processed/031/original-1eff2d00c708891aec2ed622201066b924e8de136a3201b70e90d0dfe9f08988.jpg,1eff2d00c708891aec2ed622201066b924e8de136a3201b70e90d0dfe9f08988,false,,,validation,accepted,
31,Интерактивный самолёт «Валерий Чкалов»,curated_manual_yandex,https://avatars.mds.yandex.net/get-altay/17843434/2a0000019992659103469195b9469c4ad04f/orig,https://avatars.mds.yandex.net/get-altay/17843434/2a0000019992659103469195b9469c4ad04f/orig,,unknown,,pending_purchase,2026-09-11T09:26:32.668728+00:00,a1b3fbccdce1cb3140cb2ba4abd27537aa85c80f9666c2b963700fd2e28fdd41,cae4507cc41ff742,3022,3456,image/jpeg,dataset/datasets_clear/khabarovsk_tourism_44/work/khabarovsk_tourism_44/31_Интерактивный самолёт «Валерий Чкалов»/photo_01.jpg,dataset/processed/031/aug-fc3493cb083c-00.jpg,fc3493cb083c0422b75c5fddd529384b35ce7751dfec326f93e898f97aca01ae,true,ee400e8c8a96b09f67c9d27e84ed9cc93ebbeb4ce24688afa4f31826e914aaab,rotate=-4;crop=0.03;brightness=0.96;contrast=1.04;color=0.98,index,accepted,
31,Интерактивный самолёт «Валерий Чкалов»,curated_manual_yandex,https://geocaching.su/photos/areas/144569.jpg,https://geocaching.su/photos/areas/144569.jpg,,unknown,,pending_purchase,2026-09-11T09:26:32.705773+00:00,759a277d78d972dd2e26f12aefee2c8ba79a252f0ec9aefb22d20cbe739e405f,b9a5d69d5d0d3130,1280,800,image/jpeg,dataset/datasets_clear/khabarovsk_tourism_44/work/khabarovsk_tourism_44/31_Интерактивный самолёт «Валерий Чкалов»/photo_02.jpg,dataset/processed/031/aug-572bd441a205-01.jpg,572bd441a2051248dc58fc01ff5352aa4b7d7e8f2ffb572d0f49cc65036d8db0,true,6e78ac59f42d0f1b7fbda25ab11e89a0108461fd71ce8b9a4ca7f3a1cf7eb482,rotate=+4;crop=0.03;brightness=1.04;contrast=0.96;color=1.02,index,accepted,
31,Интерактивный самолёт «Валерий Чкалов»,curated_manual_yandex,https://avatars.mds.yandex.net/get-altay/4043748/2a000001750379ff608541927c028e9ef19d/orig,https://avatars.mds.yandex.net/get-altay/4043748/2a000001750379ff608541927c028e9ef19d/orig,,unknown,,pending_purchase,2026-09-11T09:26:33.104134+00:00,14e49efc6106da713a1dcc6a8f95af62403a35afb0baa2ef599372213ec69b0f,98d4e2491ca7e37c,3000,4000,image/jpeg,dataset/datasets_clear/khabarovsk_tourism_44/work/khabarovsk_tourism_44/31_Интерактивный самолёт «Валерий Чкалов»/photo_04.jpg,dataset/processed/031/aug-040c2929261b-02.jpg,040c2929261bd11e2ecf3b99ed6c9415163e20e01210ed4361174773833ef226,true,2137010fe50f96de93abea9d668f20f8ba713c4797c288148fd5bbe7092c61a8,rotate=-2;crop=0.06;brightness=0.92;contrast=1.02;color=1.04,index,accepted,
31,Интерактивный самолёт «Валерий Чкалов»,curated_manual_yandex,https://todaykhv.ru/upload/resized/674/67456e50711e9525ee6af413729aab39.jpg,https://todaykhv.ru/upload/resized/674/67456e50711e9525ee6af413729aab39.jpg,,unknown,,pending_purchase,2026-09-11T09:26:33.157594+00:00,0f60b83e3571d5d459707e21f8331919ca9d68246fcd494edfe580fdad84e53b,b594c9ec4a7954a6,1185,889,image/jpeg,dataset/datasets_clear/khabarovsk_tourism_44/work/khabarovsk_tourism_44/31_Интерактивный самолёт «Валерий Чкалов»/photo_05.jpg,dataset/processed/031/aug-047e9c40f614-03.jpg,047e9c40f6149400b099bf917d74f97ef5e6f4260f052177d536fba6c8bd71db,true,89742e33754d319dfbed7e399cd0cf080b7859ed8ac616c8d772e5558075aad5,rotate=+2;crop=0.06;brightness=1.08;contrast=0.98;color=0.96,index,accepted,
31,Интерактивный самолёт «Валерий Чкалов»,curated_manual_yandex,https://avatars.mds.yandex.net/get-altay/17843434/2a0000019992659103469195b9469c4ad04f/orig,https://avatars.mds.yandex.net/get-altay/17843434/2a0000019992659103469195b9469c4ad04f/orig,,unknown,,pending_purchase,2026-09-11T09:26:32.668728+00:00,58c80ab8a5d701e121e24639bf783e3c14fb26f880aac4a6b3dacd8e30408f40,dbe4317dc41fa441,3022,3456,image/jpeg,dataset/datasets_clear/khabarovsk_tourism_44/work/khabarovsk_tourism_44/31_Интерактивный самолёт «Валерий Чкалов»/photo_01.jpg,dataset/processed/031/aug-fc3493cb083c-04.jpg,fc3493cb083c0422b75c5fddd529384b35ce7751dfec326f93e898f97aca01ae,true,ee400e8c8a96b09f67c9d27e84ed9cc93ebbeb4ce24688afa4f31826e914aaab,rotate=+0;crop=0.08;brightness=0.96;contrast=1.08;color=1.00,index,accepted,
31,Интерактивный самолёт «Валерий Чкалов»,curated_manual_yandex,https://geocaching.su/photos/areas/144569.jpg,https://geocaching.su/photos/areas/144569.jpg,,unknown,,pending_purchase,2026-09-11T09:26:32.705773+00:00,7d526ee8a7443d50b31ec191ba5c8fa8abff18d102e34d4addce4b420517bae3,a9a3d6cd6dac3034,1280,800,image/jpeg,dataset/datasets_clear/khabarovsk_tourism_44/work/khabarovsk_tourism_44/31_Интерактивный самолёт «Валерий Чкалов»/photo_02.jpg,dataset/processed/031/aug-572bd441a205-05.jpg,572bd441a2051248dc58fc01ff5352aa4b7d7e8f2ffb572d0f49cc65036d8db0,true,6e78ac59f42d0f1b7fbda25ab11e89a0108461fd71ce8b9a4ca7f3a1cf7eb482,rotate=+0;crop=0.04;brightness=1.04;contrast=0.92;color=1.05,index,accepted,
31,Интерактивный самолёт «Валерий Чкалов»,curated_manual_yandex,https://avatars.mds.yandex.net/get-altay/4043748/2a000001750379ff608541927c028e9ef19d/orig,https://avatars.mds.yandex.net/get-altay/4043748/2a000001750379ff608541927c028e9ef19d/orig,,unknown,,pending_purchase,2026-09-11T09:26:33.104134+00:00,cdc69cf9bf1d4aaacd72f4e34df754b41887473e379badc5b558299bd3666009,8ad5e3491ea3e13c,3000,4000,image/jpeg,dataset/datasets_clear/khabarovsk_tourism_44/work/khabarovsk_tourism_44/31_Интерактивный самолёт «Валерий Чкалов»/photo_04.jpg,dataset/processed/031/aug-040c2929261b-06.jpg,040c2929261bd11e2ecf3b99ed6c9415163e20e01210ed4361174773833ef226,true,2137010fe50f96de93abea9d668f20f8ba713c4797c288148fd5bbe7092c61a8,rotate=-4;crop=0.03;brightness=0.96;contrast=1.04;color=0.98,index,accepted,
31,Интерактивный самолёт «Валерий Чкалов»,curated_manual_yandex,https://todaykhv.ru/upload/resized/674/67456e50711e9525ee6af413729aab39.jpg,https://todaykhv.ru/upload/resized/674/67456e50711e9525ee6af413729aab39.jpg,,unknown,,pending_purchase,2026-09-11T09:26:33.157594+00:00,11c5a0476887bd50c4c2ce5bb8a2456da07e8372757ebc2d88674c73e9441d6a,b594c9e50f781633,1185,889,image/jpeg,dataset/datasets_clear/khabarovsk_tourism_44/work/khabarovsk_tourism_44/31_Интерактивный самолёт «Валерий Чкалов»/photo_05.jpg,dataset/processed/031/aug-047e9c40f614-07.jpg,047e9c40f6149400b099bf917d74f97ef5e6f4260f052177d536fba6c8bd71db,true,89742e33754d319dfbed7e399cd0cf080b7859ed8ac616c8d772e5558075aad5,rotate=+4;crop=0.03;brightness=1.04;contrast=0.96;color=1.02,index,accepted,
32,Краеведческий музей имени В. Е. Розова,curated_manual_yandex,https://avatars.mds.yandex.net/i?id=cebcf9a8cb639742605618b917e2d3d555a0c125-5361454-images-thumbs&n=13,https://avatars.mds.yandex.net/i?id=cebcf9a8cb639742605618b917e2d3d555a0c125-5361454-images-thumbs&n=13,,unknown,,pending_purchase,2026-09-11T09:26:43.472759+00:00,3e17e4dd86ff8b83c4d354184a4c120d259594693e8bb583ab7fb9b085a6d97e,9eff9ae2840506e5,427,320,image/jpeg,dataset/datasets_clear/khabarovsk_tourism_44/work/khabarovsk_tourism_44/32_Краеведческий музей имени В. Е. Розова/photo_01.jpg,dataset/processed/032/original-15e87cbbade0d5d88ecd3ead78c0647c29a0bf160a02681cb288fdf2dc61ccca.jpg,15e87cbbade0d5d88ecd3ead78c0647c29a0bf160a02681cb288fdf2dc61ccca,false,,,index,accepted,
32,Краеведческий музей имени В. Е. Розова,curated_manual_yandex,https://avatars.mds.yandex.net/i?id=88632ba131982dd011e5c28d52830e5f8156d2e0-10642827-images-thumbs&n=13,https://avatars.mds.yandex.net/i?id=88632ba131982dd011e5c28d52830e5f8156d2e0-10642827-images-thumbs&n=13,,unknown,,pending_purchase,2026-09-11T09:26:43.476299+00:00,19e6a0bb7c2256ac7502b076adc74a29c4b11270d78a1de419225ea8da8621a1,bc9e634894e0cd5b,213,320,image/jpeg,dataset/datasets_clear/khabarovsk_tourism_44/work/khabarovsk_tourism_44/32_Краеведческий музей имени В. Е. Розова/photo_02.jpg,dataset/processed/032/original-ab82b1beb5a799079cbf4ca2223e92fc8e6de9d489787df2c487d2047d593af2.jpg,ab82b1beb5a799079cbf4ca2223e92fc8e6de9d489787df2c487d2047d593af2,false,,,test,accepted,
32,Краеведческий музей имени В. Е. Розова,curated_manual_yandex,https://avatars.mds.yandex.net/i?id=054815f2ad07a1a8cfcf69fa45ef5de8cc0f5bb8-5234402-images-thumbs&n=13,https://avatars.mds.yandex.net/i?id=054815f2ad07a1a8cfcf69fa45ef5de8cc0f5bb8-5234402-images-thumbs&n=13,,unknown,,pending_purchase,2026-09-11T09:26:43.482300+00:00,a7b912dea77a19fcdbfe78ca7d6e5eef59c3214586386beb25dfa09ce451fe93,ebabc8e541c0f4a9,480,320,image/jpeg,dataset/datasets_clear/khabarovsk_tourism_44/work/khabarovsk_tourism_44/32_Краеведческий музей имени В. Е. Розова/photo_07.jpg,dataset/processed/032/original-9771954f7b747db42a809119383a49407401af5e5ac98ed2cb469489f004822e.jpg,9771954f7b747db42a809119383a49407401af5e5ac98ed2cb469489f004822e,false,,,index,accepted,
32,Краеведческий музей имени В. Е. Розова,curated_manual_yandex,https://avatars.mds.yandex.net/i?id=cebcf9a8cb639742605618b917e2d3d555a0c125-5361454-images-thumbs&n=13,https://avatars.mds.yandex.net/i?id=cebcf9a8cb639742605618b917e2d3d555a0c125-5361454-images-thumbs&n=13,,unknown,,pending_purchase,2026-09-11T09:26:43.472759+00:00,006948e2234c5442cf0f2ae2b9e8180aea4cc18aaccccdbeb17d5d66f23a9c2d,9ebc98c2e5476705,427,320,image/jpeg,dataset/datasets_clear/khabarovsk_tourism_44/work/khabarovsk_tourism_44/32_Краеведческий музей имени В. Е. Розова/photo_01.jpg,dataset/processed/032/aug-15e87cbbade0-00.jpg,15e87cbbade0d5d88ecd3ead78c0647c29a0bf160a02681cb288fdf2dc61ccca,true,3e17e4dd86ff8b83c4d354184a4c120d259594693e8bb583ab7fb9b085a6d97e,rotate=-4;crop=0.03;brightness=0.96;contrast=1.04;color=0.98,index,accepted,
32,Краеведческий музей имени В. Е. Розова,curated_manual_yandex,https://avatars.mds.yandex.net/i?id=054815f2ad07a1a8cfcf69fa45ef5de8cc0f5bb8-5234402-images-thumbs&n=13,https://avatars.mds.yandex.net/i?id=054815f2ad07a1a8cfcf69fa45ef5de8cc0f5bb8-5234402-images-thumbs&n=13,,unknown,,pending_purchase,2026-09-11T09:26:43.482300+00:00,59de76c6c3be884a6fb94f7df4cf4ae5bd19db52dfd6b400adf8c78d563853b7,ebb9c8a7c1c8340f,480,320,image/jpeg,dataset/datasets_clear/khabarovsk_tourism_44/work/khabarovsk_tourism_44/32_Краеведческий музей имени В. Е. Розова/photo_07.jpg,dataset/processed/032/aug-9771954f7b74-01.jpg,9771954f7b747db42a809119383a49407401af5e5ac98ed2cb469489f004822e,true,a7b912dea77a19fcdbfe78ca7d6e5eef59c3214586386beb25dfa09ce451fe93,rotate=+4;crop=0.03;brightness=1.04;contrast=0.96;color=1.02,index,accepted,
32,Краеведческий музей имени В. Е. Розова,curated_manual_yandex,https://avatars.mds.yandex.net/i?id=cebcf9a8cb639742605618b917e2d3d555a0c125-5361454-images-thumbs&n=13,https://avatars.mds.yandex.net/i?id=cebcf9a8cb639742605618b917e2d3d555a0c125-5361454-images-thumbs&n=13,,unknown,,pending_purchase,2026-09-11T09:26:43.472759+00:00,d1838e5dc25adb76a99bf98d393a385aa344967d937c25d864af279153c9c743,9ebd80c2e54727c5,427,320,image/jpeg,dataset/datasets_clear/khabarovsk_tourism_44/work/khabarovsk_tourism_44/32_Краеведческий музей имени В. Е. Розова/photo_01.jpg,dataset/processed/032/aug-15e87cbbade0-02.jpg,15e87cbbade0d5d88ecd3ead78c0647c29a0bf160a02681cb288fdf2dc61ccca,true,3e17e4dd86ff8b83c4d354184a4c120d259594693e8bb583ab7fb9b085a6d97e,rotate=-2;crop=0.06;brightness=0.92;contrast=1.02;color=1.04,index,accepted,
32,Краеведческий музей имени В. Е. Розова,curated_manual_yandex,https://avatars.mds.yandex.net/i?id=054815f2ad07a1a8cfcf69fa45ef5de8cc0f5bb8-5234402-images-thumbs&n=13,https://avatars.mds.yandex.net/i?id=054815f2ad07a1a8cfcf69fa45ef5de8cc0f5bb8-5234402-images-thumbs&n=13,,unknown,,pending_purchase,2026-09-11T09:26:43.482300+00:00,18cadc1b7623ee82ca2eeab5fa4281e923d5bcd7a0e44dcd4493a801ed3c3295,eb3bd8e501c8f40d,480,320,image/jpeg,dataset/datasets_clear/khabarovsk_tourism_44/work/khabarovsk_tourism_44/32_Краеведческий музей имени В. Е. Розова/photo_07.jpg,dataset/processed/032/aug-9771954f7b74-03.jpg,9771954f7b747db42a809119383a49407401af5e5ac98ed2cb469489f004822e,true,a7b912dea77a19fcdbfe78ca7d6e5eef59c3214586386beb25dfa09ce451fe93,rotate=+2;crop=0.06;brightness=1.08;contrast=0.98;color=0.96,index,accepted,
32,Краеведческий музей имени В. Е. Розова,curated_manual_yandex,https://avatars.mds.yandex.net/i?id=cebcf9a8cb639742605618b917e2d3d555a0c125-5361454-images-thumbs&n=13,https://avatars.mds.yandex.net/i?id=cebcf9a8cb639742605618b917e2d3d555a0c125-5361454-images-thumbs&n=13,,unknown,,pending_purchase,2026-09-11T09:26:43.472759+00:00,882c91fb55611e1951aa29a869717d84f2944ae2602c53c5fd6a56f96477e61a,bdfe98c0a2860eea,427,320,image/jpeg,dataset/datasets_clear/khabarovsk_tourism_44/work/khabarovsk_tourism_44/32_Краеведческий музей имени В. Е. Розова/photo_01.jpg,dataset/processed/032/aug-15e87cbbade0-04.jpg,15e87cbbade0d5d88ecd3ead78c0647c29a0bf160a02681cb288fdf2dc61ccca,true,3e17e4dd86ff8b83c4d354184a4c120d259594693e8bb583ab7fb9b085a6d97e,rotate=+0;crop=0.08;brightness=0.96;contrast=1.08;color=1.00,index,accepted,
32,Краеведческий музей имени В. Е. Розова,curated_manual_yandex,https://avatars.mds.yandex.net/i?id=054815f2ad07a1a8cfcf69fa45ef5de8cc0f5bb8-5234402-images-thumbs&n=13,https://avatars.mds.yandex.net/i?id=054815f2ad07a1a8cfcf69fa45ef5de8cc0f5bb8-5234402-images-thumbs&n=13,,unknown,,pending_purchase,2026-09-11T09:26:43.482300+00:00,77bd1bdb2786b66a13ccb73be1d030366165ed2f5d643aa182c4034c4a69399b,ebabc8e1c0f4b4a8,480,320,image/jpeg,dataset/datasets_clear/khabarovsk_tourism_44/work/khabarovsk_tourism_44/32_Краеведческий музей имени В. Е. Розова/photo_07.jpg,dataset/processed/032/aug-9771954f7b74-05.jpg,9771954f7b747db42a809119383a49407401af5e5ac98ed2cb469489f004822e,true,a7b912dea77a19fcdbfe78ca7d6e5eef59c3214586386beb25dfa09ce451fe93,rotate=+0;crop=0.04;brightness=1.04;contrast=0.92;color=1.05,index,accepted,
32,Краеведческий музей имени В. Е. Розова,curated_manual_yandex,https://avatars.mds.yandex.net/i?id=cebcf9a8cb639742605618b917e2d3d555a0c125-5361454-images-thumbs&n=13,https://avatars.mds.yandex.net/i?id=cebcf9a8cb639742605618b917e2d3d555a0c125-5361454-images-thumbs&n=13,,unknown,,pending_purchase,2026-09-11T09:26:43.472759+00:00,6f6a79ec25757c28ce816e23c589cb416fb51fc7d93c71c0ee1f16342840790a,9ebc88c0e54727d5,427,320,image/jpeg,dataset/datasets_clear/khabarovsk_tourism_44/work/khabarovsk_tourism_44/32_Краеведческий музей имени В. Е. Розова/photo_01.jpg,dataset/processed/032/aug-15e87cbbade0-06.jpg,15e87cbbade0d5d88ecd3ead78c0647c29a0bf160a02681cb288fdf2dc61ccca,true,3e17e4dd86ff8b83c4d354184a4c120d259594693e8bb583ab7fb9b085a6d97e,rotate=-4;crop=0.03;brightness=0.96;contrast=1.04;color=0.98,index,accepted,
32,Краеведческий музей имени В. Е. Розова,curated_manual_yandex,https://avatars.mds.yandex.net/i?id=054815f2ad07a1a8cfcf69fa45ef5de8cc0f5bb8-5234402-images-thumbs&n=13,https://avatars.mds.yandex.net/i?id=054815f2ad07a1a8cfcf69fa45ef5de8cc0f5bb8-5234402-images-thumbs&n=13,,unknown,,pending_purchase,2026-09-11T09:26:43.482300+00:00,0363adec8a692a102ebef8f0cf73a3bb9cc4129785f9c3527cb19762b437b522,ebb9c8a554ca160f,480,320,image/jpeg,dataset/datasets_clear/khabarovsk_tourism_44/work/khabarovsk_tourism_44/32_Краеведческий музей имени В. Е. Розова/photo_07.jpg,dataset/processed/032/aug-9771954f7b74-07.jpg,9771954f7b747db42a809119383a49407401af5e5ac98ed2cb469489f004822e,true,a7b912dea77a19fcdbfe78ca7d6e5eef59c3214586386beb25dfa09ce451fe93,rotate=+4;crop=0.03;brightness=1.04;contrast=0.96;color=1.02,index,accepted,
32,Краеведческий музей имени В. Е. Розова,curated_manual_yandex,https://avatars.mds.yandex.net/i?id=cebcf9a8cb639742605618b917e2d3d555a0c125-5361454-images-thumbs&n=13,https://avatars.mds.yandex.net/i?id=cebcf9a8cb639742605618b917e2d3d555a0c125-5361454-images-thumbs&n=13,,unknown,,pending_purchase,2026-09-11T09:26:43.472759+00:00,fb2af29e9ed3dfb74d7e5ee1e1b9ffc5bd3aaf9fc9253d727f56b7fd55470743,9fff9880c1c70725,427,320,image/jpeg,dataset/datasets_clear/khabarovsk_tourism_44/work/khabarovsk_tourism_44/32_Краеведческий музей имени В. Е. Розова/photo_01.jpg,dataset/processed/032/aug-15e87cbbade0-08.jpg,15e87cbbade0d5d88ecd3ead78c0647c29a0bf160a02681cb288fdf2dc61ccca,true,3e17e4dd86ff8b83c4d354184a4c120d259594693e8bb583ab7fb9b085a6d97e,rotate=-2;crop=0.06;brightness=0.92;contrast=1.02;color=1.04,index,accepted,
32,Краеведческий музей имени В. Е. Розова,curated_manual_yandex,https://avatars.mds.yandex.net/i?id=054815f2ad07a1a8cfcf69fa45ef5de8cc0f5bb8-5234402-images-thumbs&n=13,https://avatars.mds.yandex.net/i?id=054815f2ad07a1a8cfcf69fa45ef5de8cc0f5bb8-5234402-images-thumbs&n=13,,unknown,,pending_purchase,2026-09-11T09:26:43.482300+00:00,87aec7e32725b18c75776cb54e5089f6400a51e0071770f7f131880455a757c8,eb3bd8a501c8f41d,480,320,image/jpeg,dataset/datasets_clear/khabarovsk_tourism_44/work/khabarovsk_tourism_44/32_Краеведческий музей имени В. Е. Розова/photo_07.jpg,dataset/processed/032/aug-9771954f7b74-09.jpg,9771954f7b747db42a809119383a49407401af5e5ac98ed2cb469489f004822e,true,a7b912dea77a19fcdbfe78ca7d6e5eef59c3214586386beb25dfa09ce451fe93,rotate=+2;crop=0.06;brightness=1.08;contrast=0.98;color=0.96,index,accepted,
33,Краеведческий музей имени Н. К. Бошняка,curated_manual_yandex,https://avatars.mds.yandex.net/i?id=d6efe13fd8002e992b94abd957cfb94ab284ee4a-13211258-images-thumbs&n=13,https://avatars.mds.yandex.net/i?id=d6efe13fd8002e992b94abd957cfb94ab284ee4a-13211258-images-thumbs&n=13,,unknown,,pending_purchase,2026-09-11T09:26:43.805270+00:00,00683546b7ccb593ea91b71c60c0ee80343b4d2a231f1d4b8bc16fd0053f3ef9,d489873a7ec9b41c,427,320,image/jpeg,dataset/datasets_clear/khabarovsk_tourism_44/work/khabarovsk_tourism_44/33_Краеведческий музей имени Н. К. Бошняка/photo_01.jpg,dataset/processed/033/original-4993220e003ffc9d4fabb38a3e2eed490b50060b17e59f5815246e764cdf1e0a.jpg,4993220e003ffc9d4fabb38a3e2eed490b50060b17e59f5815246e764cdf1e0a,false,,,index,accepted,
33,Краеведческий музей имени Н. К. Бошняка,curated_manual_yandex,https://avatars.mds.yandex.net/i?id=caa78581ab46b326c7ca1a40e864bf9c8108fccb-4464889-images-thumbs&n=13,https://avatars.mds.yandex.net/i?id=caa78581ab46b326c7ca1a40e864bf9c8108fccb-4464889-images-thumbs&n=13,,unknown,,pending_purchase,2026-09-11T09:26:43.811818+00:00,cf2bc280c69c705e0c077b2c404e3ffd5c6170b94b3c22ba03e6f5cb4ae548db,89549adc7a9fd488,427,320,image/jpeg,dataset/datasets_clear/khabarovsk_tourism_44/work/khabarovsk_tourism_44/33_Краеведческий музей имени Н. К. Бошняка/photo_04.jpg,dataset/processed/033/original-1d23f9868e69d1a18866dd32d4de489dd4d7938c9d342e3f1a331e2cb7d31c60.jpg,1d23f9868e69d1a18866dd32d4de489dd4d7938c9d342e3f1a331e2cb7d31c60,false,,,validation,accepted,
33,Краеведческий музей имени Н. К. Бошняка,curated_manual_yandex,https://avatars.mds.yandex.net/i?id=cb3251430b9f7a1adb8219b623d3388f8f02667a-11492537-images-thumbs&n=13,https://avatars.mds.yandex.net/i?id=cb3251430b9f7a1adb8219b623d3388f8f02667a-11492537-images-thumbs&n=13,,unknown,,pending_purchase,2026-09-11T09:26:43.817818+00:00,19fcd213a4db50f58c47b6715aec7384284c8bde234816a7a1a06d6ce62f3694,9195df7286dd4e80,480,270,image/jpeg,dataset/datasets_clear/khabarovsk_tourism_44/work/khabarovsk_tourism_44/33_Краеведческий музей имени Н. К. Бошняка/photo_06.jpg,dataset/processed/033/original-aa2276593c9abf135449f804b6a9fadd9a6c9fbb5681a907b3967d5ac537f72a.jpg,aa2276593c9abf135449f804b6a9fadd9a6c9fbb5681a907b3967d5ac537f72a,false,,,test,accepted,
33,Краеведческий музей имени Н. К. Бошняка,curated_manual_yandex,https://avatars.mds.yandex.net/i?id=105cd15969f080f444c72a076d1407a0024af46f-13239724-images-thumbs&n=13,https://avatars.mds.yandex.net/i?id=105cd15969f080f444c72a076d1407a0024af46f-13239724-images-thumbs&n=13,,unknown,,pending_purchase,2026-09-11T09:26:43.823339+00:00,a46f0c223dbc41903e083dbeff8c2ca1b70b1a1f5c53d7583c573798e7fb7a13,9896d518d7867ac6,427,320,image/jpeg,dataset/datasets_clear/khabarovsk_tourism_44/work/khabarovsk_tourism_44/33_Краеведческий музей имени Н. К. Бошняка/photo_07.jpg,dataset/processed/033/original-e676be2e2bf3e9c2756ae60df00d1bf3043b6ce1bffc345243dbf1fd557bbafa.jpg,e676be2e2bf3e9c2756ae60df00d1bf3043b6ce1bffc345243dbf1fd557bbafa,false,,,index,accepted,
33,Краеведческий музей имени Н. К. Бошняка,curated_manual_yandex,https://avatars.mds.yandex.net/i?id=d6efe13fd8002e992b94abd957cfb94ab284ee4a-13211258-images-thumbs&n=13,https://avatars.mds.yandex.net/i?id=d6efe13fd8002e992b94abd957cfb94ab284ee4a-13211258-images-thumbs&n=13,,unknown,,pending_purchase,2026-09-11T09:26:43.805270+00:00,99eb81dad0bb22d35ba7673d17d2560c9085d83b6eb2eaf71bcb00b206a9c13c,f68d871a34c8b47c,427,320,image/jpeg,dataset/datasets_clear/khabarovsk_tourism_44/work/khabarovsk_tourism_44/33_Краеведческий музей имени Н. К. Бошняка/photo_01.jpg,dataset/processed/033/aug-4993220e003f-00.jpg,4993220e003ffc9d4fabb38a3e2eed490b50060b17e59f5815246e764cdf1e0a,true,00683546b7ccb593ea91b71c60c0ee80343b4d2a231f1d4b8bc16fd0053f3ef9,rotate=-4;crop=0.03;brightness=0.96;contrast=1.04;color=0.98,index,accepted,
33,Краеведческий музей имени Н. К. Бошняка,curated_manual_yandex,https://avatars.mds.yandex.net/i?id=105cd15969f080f444c72a076d1407a0024af46f-13239724-images-thumbs&n=13,https://avatars.mds.yandex.net/i?id=105cd15969f080f444c72a076d1407a0024af46f-13239724-images-thumbs&n=13,,unknown,,pending_purchase,2026-09-11T09:26:43.823339+00:00,e3488837c58d8ea788d7409258669dac1df18333e95e3019ba39c2e0a989bf69,999795184692bb57,427,320,image/jpeg,dataset/datasets_clear/khabarovsk_tourism_44/work/khabarovsk_tourism_44/33_Краеведческий музей имени Н. К. Бошняка/photo_07.jpg,dataset/processed/033/aug-e676be2e2bf3-01.jpg,e676be2e2bf3e9c2756ae60df00d1bf3043b6ce1bffc345243dbf1fd557bbafa,true,a46f0c223dbc41903e083dbeff8c2ca1b70b1a1f5c53d7583c573798e7fb7a13,rotate=+4;crop=0.03;brightness=1.04;contrast=0.96;color=1.02,index,accepted,
33,Краеведческий музей имени Н. К. Бошняка,curated_manual_yandex,https://avatars.mds.yandex.net/i?id=d6efe13fd8002e992b94abd957cfb94ab284ee4a-13211258-images-thumbs&n=13,https://avatars.mds.yandex.net/i?id=d6efe13fd8002e992b94abd957cfb94ab284ee4a-13211258-images-thumbs&n=13,,unknown,,pending_purchase,2026-09-11T09:26:43.805270+00:00,cc37909f83aad2cc49c70cd36fd09c4b2902eff763f2fd26732688a9a95410fa,d48d833c7fc8b41c,427,320,image/jpeg,dataset/datasets_clear/khabarovsk_tourism_44/work/khabarovsk_tourism_44/33_Краеведческий музей имени Н. К. Бошняка/photo_01.jpg,dataset/processed/033/aug-4993220e003f-02.jpg,4993220e003ffc9d4fabb38a3e2eed490b50060b17e59f5815246e764cdf1e0a,true,00683546b7ccb593ea91b71c60c0ee80343b4d2a231f1d4b8bc16fd0053f3ef9,rotate=-2;crop=0.06;brightness=0.92;contrast=1.02;color=1.04,index,accepted,
33,Краеведческий музей имени Н. К. Бошняка,curated_manual_yandex,https://avatars.mds.yandex.net/i?id=105cd15969f080f444c72a076d1407a0024af46f-13239724-images-thumbs&n=13,https://avatars.mds.yandex.net/i?id=105cd15969f080f444c72a076d1407a0024af46f-13239724-images-thumbs&n=13,,unknown,,pending_purchase,2026-09-11T09:26:43.823339+00:00,01af3b6516ba7530c0a96f84704ce5ca842cb0d68edc45a1bf304443499962b7,9b9695180694fb97,427,320,image/jpeg,dataset/datasets_clear/khabarovsk_tourism_44/work/khabarovsk_tourism_44/33_Краеведческий музей имени Н. К. Бошняка/photo_07.jpg,dataset/processed/033/aug-e676be2e2bf3-03.jpg,e676be2e2bf3e9c2756ae60df00d1bf3043b6ce1bffc345243dbf1fd557bbafa,true,a46f0c223dbc41903e083dbeff8c2ca1b70b1a1f5c53d7583c573798e7fb7a13,rotate=+2;crop=0.06;brightness=1.08;contrast=0.98;color=0.96,index,accepted,
33,Краеведческий музей имени Н. К. Бошняка,curated_manual_yandex,https://avatars.mds.yandex.net/i?id=d6efe13fd8002e992b94abd957cfb94ab284ee4a-13211258-images-thumbs&n=13,https://avatars.mds.yandex.net/i?id=d6efe13fd8002e992b94abd957cfb94ab284ee4a-13211258-images-thumbs&n=13,,unknown,,pending_purchase,2026-09-11T09:26:43.805270+00:00,cafc248b172086cd61d0fec7e8c1a743a530595cc604eaa3940e572077abb8a6,f58b86356ed8a41c,427,320,image/jpeg,dataset/datasets_clear/khabarovsk_tourism_44/work/khabarovsk_tourism_44/33_Краеведческий музей имени Н. К. Бошняка/photo_01.jpg,dataset/processed/033/aug-4993220e003f-04.jpg,4993220e003ffc9d4fabb38a3e2eed490b50060b17e59f5815246e764cdf1e0a,true,00683546b7ccb593ea91b71c60c0ee80343b4d2a231f1d4b8bc16fd0053f3ef9,rotate=+0;crop=0.08;brightness=0.96;contrast=1.08;color=1.00,index,accepted,
33,Краеведческий музей имени Н. К. Бошняка,curated_manual_yandex,https://avatars.mds.yandex.net/i?id=105cd15969f080f444c72a076d1407a0024af46f-13239724-images-thumbs&n=13,https://avatars.mds.yandex.net/i?id=105cd15969f080f444c72a076d1407a0024af46f-13239724-images-thumbs&n=13,,unknown,,pending_purchase,2026-09-11T09:26:43.823339+00:00,cfc3e0cb38b468087f0da1132980ae2fa6b645b206aaa45c713399f26aeecf13,9a9695381795db94,427,320,image/jpeg,dataset/datasets_clear/khabarovsk_tourism_44/work/khabarovsk_tourism_44/33_Краеведческий музей имени Н. К. Бошняка/photo_07.jpg,dataset/processed/033/aug-e676be2e2bf3-05.jpg,e676be2e2bf3e9c2756ae60df00d1bf3043b6ce1bffc345243dbf1fd557bbafa,true,a46f0c223dbc41903e083dbeff8c2ca1b70b1a1f5c53d7583c573798e7fb7a13,rotate=+0;crop=0.04;brightness=1.04;contrast=0.92;color=1.05,index,accepted,
33,Краеведческий музей имени Н. К. Бошняка,curated_manual_yandex,https://avatars.mds.yandex.net/i?id=d6efe13fd8002e992b94abd957cfb94ab284ee4a-13211258-images-thumbs&n=13,https://avatars.mds.yandex.net/i?id=d6efe13fd8002e992b94abd957cfb94ab284ee4a-13211258-images-thumbs&n=13,,unknown,,pending_purchase,2026-09-11T09:26:43.805270+00:00,7beff83106da213cee9c0d5ac8a0ba1aa0ce5b9850e9c05eb3c0720f48bb5663,fe8d833a3cc8b03c,427,320,image/jpeg,dataset/datasets_clear/khabarovsk_tourism_44/work/khabarovsk_tourism_44/33_Краеведческий музей имени Н. К. Бошняка/photo_01.jpg,dataset/processed/033/aug-4993220e003f-06.jpg,4993220e003ffc9d4fabb38a3e2eed490b50060b17e59f5815246e764cdf1e0a,true,00683546b7ccb593ea91b71c60c0ee80343b4d2a231f1d4b8bc16fd0053f3ef9,rotate=-4;crop=0.03;brightness=0.96;contrast=1.04;color=0.98,index,accepted,
33,Краеведческий музей имени Н. К. Бошняка,curated_manual_yandex,https://avatars.mds.yandex.net/i?id=105cd15969f080f444c72a076d1407a0024af46f-13239724-images-thumbs&n=13,https://avatars.mds.yandex.net/i?id=105cd15969f080f444c72a076d1407a0024af46f-13239724-images-thumbs&n=13,,unknown,,pending_purchase,2026-09-11T09:26:43.823339+00:00,2aa75d1169ed3c66e723907cd0b95dad670bf75375f398607341135f1568d1d6,989795384696ba57,427,320,image/jpeg,dataset/datasets_clear/khabarovsk_tourism_44/work/khabarovsk_tourism_44/33_Краеведческий музей имени Н. К. Бошняка/photo_07.jpg,dataset/processed/033/aug-e676be2e2bf3-07.jpg,e676be2e2bf3e9c2756ae60df00d1bf3043b6ce1bffc345243dbf1fd557bbafa,true,a46f0c223dbc41903e083dbeff8c2ca1b70b1a1f5c53d7583c573798e7fb7a13,rotate=+4;crop=0.03;brightness=1.04;contrast=0.96;color=1.02,index,accepted,
33,Краеведческий музей имени Н. К. Бошняка,curated_manual_yandex,https://avatars.mds.yandex.net/i?id=d6efe13fd8002e992b94abd957cfb94ab284ee4a-13211258-images-thumbs&n=13,https://avatars.mds.yandex.net/i?id=d6efe13fd8002e992b94abd957cfb94ab284ee4a-13211258-images-thumbs&n=13,,unknown,,pending_purchase,2026-09-11T09:26:43.805270+00:00,1e5aa15f530d41d607fb9f8818e9fa2f1186f9c667d39d51a38a50ae1d246f76,f481831a77cbb436,427,320,image/jpeg,dataset/datasets_clear/khabarovsk_tourism_44/work/khabarovsk_tourism_44/33_Краеведческий музей имени Н. К. Бошняка/photo_01.jpg,dataset/processed/033/aug-4993220e003f-08.jpg,4993220e003ffc9d4fabb38a3e2eed490b50060b17e59f5815246e764cdf1e0a,true,00683546b7ccb593ea91b71c60c0ee80343b4d2a231f1d4b8bc16fd0053f3ef9,rotate=-2;crop=0.06;brightness=0.92;contrast=1.02;color=1.04,index,accepted,
33,Краеведческий музей имени Н. К. Бошняка,curated_manual_yandex,https://avatars.mds.yandex.net/i?id=105cd15969f080f444c72a076d1407a0024af46f-13239724-images-thumbs&n=13,https://avatars.mds.yandex.net/i?id=105cd15969f080f444c72a076d1407a0024af46f-13239724-images-thumbs&n=13,,unknown,,pending_purchase,2026-09-11T09:26:43.823339+00:00,52ffcf3b45147d9f7bc092576f49effd0daf26cc5050f03508953b5528dc52c7,9b96d5180294fad7,427,320,image/jpeg,dataset/datasets_clear/khabarovsk_tourism_44/work/khabarovsk_tourism_44/33_Краеведческий музей имени Н. К. Бошняка/photo_07.jpg,dataset/processed/033/aug-e676be2e2bf3-09.jpg,e676be2e2bf3e9c2756ae60df00d1bf3043b6ce1bffc345243dbf1fd557bbafa,true,a46f0c223dbc41903e083dbeff8c2ca1b70b1a1f5c53d7583c573798e7fb7a13,rotate=+2;crop=0.06;brightness=1.08;contrast=0.98;color=0.96,index,accepted,
34,Озеро Амут,curated_manual_yandex,https://avatars.mds.yandex.net/i?id=250d24cf1ab008f2a27df17a8911e80e0936a991-4589571-images-thumbs&n=13,https://avatars.mds.yandex.net/i?id=250d24cf1ab008f2a27df17a8911e80e0936a991-4589571-images-thumbs&n=13,,unknown,,pending_purchase,2026-09-11T09:26:44.136842+00:00,b8e2972d3049b88bd82ce61825e4980f77df9e66151ac47f3bd536459fdc4c20,9c90b69c959cb786,480,273,image/jpeg,dataset/datasets_clear/khabarovsk_tourism_44/work/khabarovsk_tourism_44/34_Озеро Амут/photo_01.jpg,dataset/processed/034/original-a709e2c75dff407d0054df851555dd88f1b7ea6a4dccf4b1517889c114f9e777.jpg,a709e2c75dff407d0054df851555dd88f1b7ea6a4dccf4b1517889c114f9e777,false,,,index,accepted,
34,Озеро Амут,curated_manual_yandex,https://avatars.mds.yandex.net/i?id=20759bdb604c0c9cd0442d86cab0b28939a2ee8e-12718005-images-thumbs&n=13,https://avatars.mds.yandex.net/i?id=20759bdb604c0c9cd0442d86cab0b28939a2ee8e-12718005-images-thumbs&n=13,,unknown,,pending_purchase,2026-09-11T09:26:44.143906+00:00,8d36a4d29757940342d88aed62fcc246396f8a8897f0ec82c02cdf0e92e18fae,b497684d6cb1d433,427,320,image/jpeg,dataset/datasets_clear/khabarovsk_tourism_44/work/khabarovsk_tourism_44/34_Озеро Амут/photo_02.jpg,dataset/processed/034/original-b9b88ecd063bd7942322d033730746a42207afe1b18d9aca3208e082949263dc.jpg,b9b88ecd063bd7942322d033730746a42207afe1b18d9aca3208e082949263dc,false,,,index,accepted,
34,Озеро Амут,curated_manual_yandex,https://avatars.mds.yandex.net/i?id=63905b7bbbe0f33740a1c1b3ff8d768816b30b4e-5302039-images-thumbs&n=13,https://avatars.mds.yandex.net/i?id=63905b7bbbe0f33740a1c1b3ff8d768816b30b4e-5302039-images-thumbs&n=13,,unknown,,pending_purchase,2026-09-11T09:26:44.150793+00:00,f37d02f9b5d55fde51e2d40c13f7e8d9d18c84bfab9da082e27897b87599b8df,8cdac5d3d8f132a2,480,320,image/jpeg,dataset/datasets_clear/khabarovsk_tourism_44/work/khabarovsk_tourism_44/34_Озеро Амут/photo_03.jpg,dataset/processed/034/original-9be015048bdb9958e10c216a9e6ecf96cafa2b65c4f18f7051184e7f85026359.jpg,9be015048bdb9958e10c216a9e6ecf96cafa2b65c4f18f7051184e7f85026359,false,,,test,accepted,
34,Озеро Амут,curated_manual_yandex,https://avatars.mds.yandex.net/i?id=a81b55636a4589660aa035adf8e4851d895e722a-11932700-images-thumbs&n=13,https://avatars.mds.yandex.net/i?id=a81b55636a4589660aa035adf8e4851d895e722a-11932700-images-thumbs&n=13,,unknown,,pending_purchase,2026-09-11T09:26:44.155595+00:00,95ef7b548fd8acfeef6b9ef02bd7ef8c06b62e7a45417905c9cbff3512e19872,9d96e32a54619ef0,213,320,image/jpeg,dataset/datasets_clear/khabarovsk_tourism_44/work/khabarovsk_tourism_44/34_Озеро Амут/photo_04.jpg,dataset/processed/034/original-f9143357fffe86721e27b75e23af2f398f109bcc44de262914692fb85470a4ee.jpg,f9143357fffe86721e27b75e23af2f398f109bcc44de262914692fb85470a4ee,false,,,index,accepted,
34,Озеро Амут,curated_manual_yandex,https://avatars.mds.yandex.net/i?id=26d0c951672af5e894a94d3c04b45caf73038d49-16293445-images-thumbs&n=13,https://avatars.mds.yandex.net/i?id=26d0c951672af5e894a94d3c04b45caf73038d49-16293445-images-thumbs&n=13,,unknown,,pending_purchase,2026-09-11T09:26:44.161941+00:00,e7772b86c82519213c4e022f98131730962accae1fd67a8cfb3d0e8cb7a33f67,acf0e5e89a6d7038,427,320,image/jpeg,dataset/datasets_clear/khabarovsk_tourism_44/work/khabarovsk_tourism_44/34_Озеро Амут/photo_05.jpg,dataset/processed/034/original-4b175ee90cc05805f4edf351feaa8a93691edcd7119d8a57040f5205a9fd8d4b.jpg,4b175ee90cc05805f4edf351feaa8a93691edcd7119d8a57040f5205a9fd8d4b,false,,,validation,accepted,
34,Озеро Амут,curated_manual_yandex,https://avatars.mds.yandex.net/i?id=f048c280e92e97945592ac4d9982ce6b411a03ec-10869732-images-thumbs&n=13,https://avatars.mds.yandex.net/i?id=f048c280e92e97945592ac4d9982ce6b411a03ec-10869732-images-thumbs&n=13,,unknown,,pending_purchase,2026-09-11T09:26:44.168042+00:00,6e2cc9148cd4151c9c23b9636a4211feec798bb0c7005ccbbe15eb7c31011d65,910ec4bee1cb78e2,427,320,image/jpeg,dataset/datasets_clear/khabarovsk_tourism_44/work/khabarovsk_tourism_44/34_Озеро Амут/photo_06.jpg,dataset/processed/034/original-dfa729ec24eaf13ea5b9c7419cdb14947701588cbba7152d3551990c543b0ee4.jpg,dfa729ec24eaf13ea5b9c7419cdb14947701588cbba7152d3551990c543b0ee4,false,,,index,accepted,
34,Озеро Амут,curated_manual_yandex,https://avatars.mds.yandex.net/i?id=51c9fae9c7f4b453b091500f7cf5a246709cf80d-4075357-images-thumbs&n=13,https://avatars.mds.yandex.net/i?id=51c9fae9c7f4b453b091500f7cf5a246709cf80d-4075357-images-thumbs&n=13,,unknown,,pending_purchase,2026-09-11T09:26:44.173590+00:00,dad173b7b4eee0f39b24abf073ec6f542cf793428e2629315c97dc8a25772225,9289c4b2f36c707b,427,320,image/jpeg,dataset/datasets_clear/khabarovsk_tourism_44/work/khabarovsk_tourism_44/34_Озеро Амут/photo_07.jpg,dataset/processed/034/original-1ccc4285d8e2d821ded35f16620b357155f3acc6361542c71a4ab1f2b73d434a.jpg,1ccc4285d8e2d821ded35f16620b357155f3acc6361542c71a4ab1f2b73d434a,false,,,index,accepted,
34,Озеро Амут,curated_manual_yandex,https://avatars.mds.yandex.net/i?id=181a14f21eaee8cbc265ab19bd2f92a19fea2e2b-4438614-images-thumbs&n=13,https://avatars.mds.yandex.net/i?id=181a14f21eaee8cbc265ab19bd2f92a19fea2e2b-4438614-images-thumbs&n=13,,unknown,,pending_purchase,2026-09-11T09:26:44.178600+00:00,9985502f9a7393110468dcd2ea70e608228e47ebaa7a1c5f8e2545e027020233,c4c4d1fe94b93394,426,320,image/jpeg,dataset/datasets_clear/khabarovsk_tourism_44/work/khabarovsk_tourism_44/34_Озеро Амут/photo_08.jpg,dataset/processed/034/original-fff85146b999ffc25aff53edea2206f5edc67ad169e7fc043ae7145a6d1941c7.jpg,fff85146b999ffc25aff53edea2206f5edc67ad169e7fc043ae7145a6d1941c7,false,,,index,accepted,
34,Озеро Амут,curated_manual_yandex,https://avatars.mds.yandex.net/i?id=250d24cf1ab008f2a27df17a8911e80e0936a991-4589571-images-thumbs&n=13,https://avatars.mds.yandex.net/i?id=250d24cf1ab008f2a27df17a8911e80e0936a991-4589571-images-thumbs&n=13,,unknown,,pending_purchase,2026-09-11T09:26:44.136842+00:00,7294428371f66af2cb7411e050bcdb7dc3f64d2e0bbcc81285e8db352495c91c,9c90b68c99cc7ace,480,273,image/jpeg,dataset/datasets_clear/khabarovsk_tourism_44/work/khabarovsk_tourism_44/34_Озеро Амут/photo_01.jpg,dataset/processed/034/aug-a709e2c75dff-00.jpg,a709e2c75dff407d0054df851555dd88f1b7ea6a4dccf4b1517889c114f9e777,true,b8e2972d3049b88bd82ce61825e4980f77df9e66151ac47f3bd536459fdc4c20,rotate=-4;crop=0.03;brightness=0.96;contrast=1.04;color=0.98,index,accepted,
34,Озеро Амут,curated_manual_yandex,https://avatars.mds.yandex.net/i?id=20759bdb604c0c9cd0442d86cab0b28939a2ee8e-12718005-images-thumbs&n=13,https://avatars.mds.yandex.net/i?id=20759bdb604c0c9cd0442d86cab0b28939a2ee8e-12718005-images-thumbs&n=13,,unknown,,pending_purchase,2026-09-11T09:26:44.143906+00:00,4fa2b8ccb43656c9913ee78d006323786e55e87258eb94c76b088dd55f3cbb16,b697604f4cb9d503,427,320,image/jpeg,dataset/datasets_clear/khabarovsk_tourism_44/work/khabarovsk_tourism_44/34_Озеро Амут/photo_02.jpg,dataset/processed/034/aug-b9b88ecd063b-01.jpg,b9b88ecd063bd7942322d033730746a42207afe1b18d9aca3208e082949263dc,true,8d36a4d29757940342d88aed62fcc246396f8a8897f0ec82c02cdf0e92e18fae,rotate=+4;crop=0.03;brightness=1.04;contrast=0.96;color=1.02,index,accepted,
34,Озеро Амут,curated_manual_yandex,https://avatars.mds.yandex.net/i?id=a81b55636a4589660aa035adf8e4851d895e722a-11932700-images-thumbs&n=13,https://avatars.mds.yandex.net/i?id=a81b55636a4589660aa035adf8e4851d895e722a-11932700-images-thumbs&n=13,,unknown,,pending_purchase,2026-09-11T09:26:44.155595+00:00,ebc2663c89e4901c260253b07e785e8750e95ab30a96dea43cd7f83ec3f67673,9a95e20a756196f5,213,320,image/jpeg,dataset/datasets_clear/khabarovsk_tourism_44/work/khabarovsk_tourism_44/34_Озеро Амут/photo_04.jpg,dataset/processed/034/aug-f9143357fffe-02.jpg,f9143357fffe86721e27b75e23af2f398f109bcc44de262914692fb85470a4ee,true,95ef7b548fd8acfeef6b9ef02bd7ef8c06b62e7a45417905c9cbff3512e19872,rotate=-2;crop=0.06;brightness=0.92;contrast=1.02;color=1.04,index,accepted,
34,Озеро Амут,curated_manual_yandex,https://avatars.mds.yandex.net/i?id=f048c280e92e97945592ac4d9982ce6b411a03ec-10869732-images-thumbs&n=13,https://avatars.mds.yandex.net/i?id=f048c280e92e97945592ac4d9982ce6b411a03ec-10869732-images-thumbs&n=13,,unknown,,pending_purchase,2026-09-11T09:26:44.168042+00:00,3e107d01f555e3771eb84121f43e9e83c74dde9b5535f7a1b118bec8f3f56ab5,9106c69fe18778e3,427,320,image/jpeg,dataset/datasets_clear/khabarovsk_tourism_44/work/khabarovsk_tourism_44/34_Озеро Амут/photo_06.jpg,dataset/processed/034/aug-dfa729ec24ea-03.jpg,dfa729ec24eaf13ea5b9c7419cdb14947701588cbba7152d3551990c543b0ee4,true,6e2cc9148cd4151c9c23b9636a4211feec798bb0c7005ccbbe15eb7c31011d65,rotate=+2;crop=0.06;brightness=1.08;contrast=0.98;color=0.96,index,accepted,
34,Озеро Амут,curated_manual_yandex,https://avatars.mds.yandex.net/i?id=51c9fae9c7f4b453b091500f7cf5a246709cf80d-4075357-images-thumbs&n=13,https://avatars.mds.yandex.net/i?id=51c9fae9c7f4b453b091500f7cf5a246709cf80d-4075357-images-thumbs&n=13,,unknown,,pending_purchase,2026-09-11T09:26:44.173590+00:00,ad650a3a7bff08e1f43d285689e1ee107efac5df504bff7ec8801bdbeed53769,97838c87a3e9a17a,427,320,image/jpeg,dataset/datasets_clear/khabarovsk_tourism_44/work/khabarovsk_tourism_44/34_Озеро Амут/photo_07.jpg,dataset/processed/034/aug-1ccc4285d8e2-04.jpg,1ccc4285d8e2d821ded35f16620b357155f3acc6361542c71a4ab1f2b73d434a,true,dad173b7b4eee0f39b24abf073ec6f542cf793428e2629315c97dc8a25772225,rotate=+0;crop=0.08;brightness=0.96;contrast=1.08;color=1.00,index,accepted,
34,Озеро Амут,curated_manual_yandex,https://avatars.mds.yandex.net/i?id=181a14f21eaee8cbc265ab19bd2f92a19fea2e2b-4438614-images-thumbs&n=13,https://avatars.mds.yandex.net/i?id=181a14f21eaee8cbc265ab19bd2f92a19fea2e2b-4438614-images-thumbs&n=13,,unknown,,pending_purchase,2026-09-11T09:26:44.178600+00:00,3eb654d30a83d935dd1b6e7f93c5c8f02d0bc15d191bd96fe0c45b8a98be8a07,c4c4d1dcd4b93395,426,320,image/jpeg,dataset/datasets_clear/khabarovsk_tourism_44/work/khabarovsk_tourism_44/34_Озеро Амут/photo_08.jpg,dataset/processed/034/aug-fff85146b999-05.jpg,fff85146b999ffc25aff53edea2206f5edc67ad169e7fc043ae7145a6d1941c7,true,9985502f9a7393110468dcd2ea70e608228e47ebaa7a1c5f8e2545e027020233,rotate=+0;crop=0.04;brightness=1.04;contrast=0.92;color=1.05,index,accepted,
35,Хребет Дуссе-Алинь и озеро Медвежье,curated_manual_yandex,https://avatars.mds.yandex.net/i?id=52106332ead6de75a941d8916679a95fe5b549d1-5517488-images-thumbs&n=13,https://avatars.mds.yandex.net/i?id=52106332ead6de75a941d8916679a95fe5b549d1-5517488-images-thumbs&n=13,,unknown,,pending_purchase,2026-09-11T09:26:44.332111+00:00,fe24447ebe4c2135d520c7e3ed98892082a1aaf0b6d85b59dcae50736b81a2ed,f2c090a88dcf6977,480,320,image/jpeg,dataset/datasets_clear/khabarovsk_tourism_44/work/khabarovsk_tourism_44/35_Хребет Дуссе-Алинь и озеро Медвежье/photo_01.jpg,dataset/processed/035/original-bc0e21795f0bd6f729a9191636ea961a5f9061359d40231e992458732f92d89a.jpg,bc0e21795f0bd6f729a9191636ea961a5f9061359d40231e992458732f92d89a,false,,,validation,accepted,
35,Хребет Дуссе-Алинь и озеро Медвежье,curated_manual_yandex,https://avatars.mds.yandex.net/i?id=de78d9ace57626775eeee9dd6aebea2f0ca22901-5677822-images-thumbs&n=13,https://avatars.mds.yandex.net/i?id=de78d9ace57626775eeee9dd6aebea2f0ca22901-5677822-images-thumbs&n=13,,unknown,,pending_purchase,2026-09-11T09:26:44.339618+00:00,bfb2e1d523998040795bca9fc1d40dad2c231073dadd124c20b2677db18ac355,e25f487093ed3691,480,320,image/jpeg,dataset/datasets_clear/khabarovsk_tourism_44/work/khabarovsk_tourism_44/35_Хребет Дуссе-Алинь и озеро Медвежье/photo_02.jpg,dataset/processed/035/original-9094ab1d52ccf2463e0f20aaa9c5d4938bb39da40a09427cf6a0d135ee3085ce.jpg,9094ab1d52ccf2463e0f20aaa9c5d4938bb39da40a09427cf6a0d135ee3085ce,false,,,index,accepted,
35,Хребет Дуссе-Алинь и озеро Медвежье,curated_manual_yandex,https://avatars.mds.yandex.net/i?id=3060d461521c8a88fb152b032dcedf96909783f0-8235455-images-thumbs&n=13,https://avatars.mds.yandex.net/i?id=3060d461521c8a88fb152b032dcedf96909783f0-8235455-images-thumbs&n=13,,unknown,,pending_purchase,2026-09-11T09:26:44.346151+00:00,ee72296ed4cffb0c8b7b89d68468b81001a3b58385119ecb2c7fc9dec364faca,9a8483aadc65fd51,427,320,image/jpeg,dataset/datasets_clear/khabarovsk_tourism_44/work/khabarovsk_tourism_44/35_Хребет Дуссе-Алинь и озеро Медвежье/photo_03.jpg,dataset/processed/035/original-5c9992373bda716343239b03bb4f4f028419ebb9d4cc0bb47f89dd1650bcfff5.jpg,5c9992373bda716343239b03bb4f4f028419ebb9d4cc0bb47f89dd1650bcfff5,false,,,index,accepted,
35,Хребет Дуссе-Алинь и озеро Медвежье,curated_manual_yandex,https://avatars.mds.yandex.net/i?id=26bea8ce431ea9a334d8c9162f6d8929e3e7ad4a-10494455-images-thumbs&n=13,https://avatars.mds.yandex.net/i?id=26bea8ce431ea9a334d8c9162f6d8929e3e7ad4a-10494455-images-thumbs&n=13,,unknown,,pending_purchase,2026-09-11T09:26:44.352701+00:00,345d1884358283cee7eb9150eed648adbfc8c94386f1d5fa7518f4520a496edf,d1c5329ac6759d62,475,320,image/jpeg,dataset/datasets_clear/khabarovsk_tourism_44/work/khabarovsk_tourism_44/35_Хребет Дуссе-Алинь и озеро Медвежье/photo_04.jpg,dataset/processed/035/original-7d643e2665c7ce9ad53a624f4e34fc35446c09916ac0bc7534ec950ee80e5ac4.jpg,7d643e2665c7ce9ad53a624f4e34fc35446c09916ac0bc7534ec950ee80e5ac4,false,,,index,accepted,
35,Хребет Дуссе-Алинь и озеро Медвежье,curated_manual_yandex,https://avatars.mds.yandex.net/i?id=6a12b1e86121a2e92d0622701665d2dcda036c66-5258486-images-thumbs&n=13,https://avatars.mds.yandex.net/i?id=6a12b1e86121a2e92d0622701665d2dcda036c66-5258486-images-thumbs&n=13,,unknown,,pending_purchase,2026-09-11T09:26:44.358723+00:00,91e4e75695f1c9cd98ac5c99a138f328463dbc477e4d9dfbe2c61c796157068d,91d7ce98665c4a63,444,320,image/jpeg,dataset/datasets_clear/khabarovsk_tourism_44/work/khabarovsk_tourism_44/35_Хребет Дуссе-Алинь и озеро Медвежье/photo_05.jpg,dataset/processed/035/original-1e57de558289c92dab3a04bd8f8f0f60c25c5bd16a111a73721908d210c7b98f.jpg,1e57de558289c92dab3a04bd8f8f0f60c25c5bd16a111a73721908d210c7b98f,false,,,index,accepted,
35,Хребет Дуссе-Алинь и озеро Медвежье,curated_manual_yandex,https://avatars.mds.yandex.net/i?id=c9ed33e889b47fcea7aa67a9225d4a89b28ce54f-5042164-images-thumbs&n=13,https://avatars.mds.yandex.net/i?id=c9ed33e889b47fcea7aa67a9225d4a89b28ce54f-5042164-images-thumbs&n=13,,unknown,,pending_purchase,2026-09-11T09:26:44.364564+00:00,26620d59535a5b5670a90689f5b190cba306b0509a77cdb95f353db93fc1fb29,e1f1be8683969cb0,427,320,image/jpeg,dataset/datasets_clear/khabarovsk_tourism_44/work/khabarovsk_tourism_44/35_Хребет Дуссе-Алинь и озеро Медвежье/photo_06.jpg,dataset/processed/035/original-3da5e6b57a2ac595b28295b146a61744e2ecbb3b7651ac6300a90f6a42380655.jpg,3da5e6b57a2ac595b28295b146a61744e2ecbb3b7651ac6300a90f6a42380655,false,,,index,accepted,
35,Хребет Дуссе-Алинь и озеро Медвежье,curated_manual_yandex,https://avatars.mds.yandex.net/i?id=f6926a707ce6d4267aa979643b6af18a7d75c514-10889692-images-thumbs&n=13,https://avatars.mds.yandex.net/i?id=f6926a707ce6d4267aa979643b6af18a7d75c514-10889692-images-thumbs&n=13,,unknown,,pending_purchase,2026-09-11T09:26:44.370528+00:00,3da7ff2820e15fa8fd0ab099856ab9be6aa23fb161186416b40b03b5a1e152c2,d7d1db06049f660d,480,250,image/jpeg,dataset/datasets_clear/khabarovsk_tourism_44/work/khabarovsk_tourism_44/35_Хребет Дуссе-Алинь и озеро Медвежье/photo_07.jpg,dataset/processed/035/original-895b3705bb85ce27b4d695d21b68ea5ea140cd2fe2a3e5c9dc2d96b9b6328dcc.jpg,895b3705bb85ce27b4d695d21b68ea5ea140cd2fe2a3e5c9dc2d96b9b6328dcc,false,,,test,accepted,
35,Хребет Дуссе-Алинь и озеро Медвежье,curated_manual_yandex,https://avatars.mds.yandex.net/i?id=df887fe48b62e72d82824e768d845c7d162e8e94-11254239-images-thumbs&n=13,https://avatars.mds.yandex.net/i?id=df887fe48b62e72d82824e768d845c7d162e8e94-11254239-images-thumbs&n=13,,unknown,,pending_purchase,2026-09-11T09:26:44.377256+00:00,e2e5176717d93d1aad0503001eade5caba7d69c2039e448845660251ed1c9526,e5d5d594990a2a7a,480,320,image/jpeg,dataset/datasets_clear/khabarovsk_tourism_44/work/khabarovsk_tourism_44/35_Хребет Дуссе-Алинь и озеро Медвежье/photo_08.jpg,dataset/processed/035/original-a53861e173ab3b75933555a53f1b5200abb02ae80f65b428af3a39ac377808a7.jpg,a53861e173ab3b75933555a53f1b5200abb02ae80f65b428af3a39ac377808a7,false,,,index,accepted,
35,Хребет Дуссе-Алинь и озеро Медвежье,curated_manual_yandex,https://avatars.mds.yandex.net/i?id=de78d9ace57626775eeee9dd6aebea2f0ca22901-5677822-images-thumbs&n=13,https://avatars.mds.yandex.net/i?id=de78d9ace57626775eeee9dd6aebea2f0ca22901-5677822-images-thumbs&n=13,,unknown,,pending_purchase,2026-09-11T09:26:44.339618+00:00,eb015eababe29b973ebf004f4e157875dad2a90d57d3252aa9425743fb18fa8e,e25f087099e53e8b,480,320,image/jpeg,dataset/datasets_clear/khabarovsk_tourism_44/work/khabarovsk_tourism_44/35_Хребет Дуссе-Алинь и озеро Медвежье/photo_02.jpg,dataset/processed/035/aug-9094ab1d52cc-00.jpg,9094ab1d52ccf2463e0f20aaa9c5d4938bb39da40a09427cf6a0d135ee3085ce,true,bfb2e1d523998040795bca9fc1d40dad2c231073dadd124c20b2677db18ac355,rotate=-4;crop=0.03;brightness=0.96;contrast=1.04;color=0.98,index,accepted,
35,Хребет Дуссе-Алинь и озеро Медвежье,curated_manual_yandex,https://avatars.mds.yandex.net/i?id=3060d461521c8a88fb152b032dcedf96909783f0-8235455-images-thumbs&n=13,https://avatars.mds.yandex.net/i?id=3060d461521c8a88fb152b032dcedf96909783f0-8235455-images-thumbs&n=13,,unknown,,pending_purchase,2026-09-11T09:26:44.346151+00:00,c20fa1e4acda8184058d3ffec14c9160f689819e2f40b036513623e53c6a457c,9ac485bb9d662d13,427,320,image/jpeg,dataset/datasets_clear/khabarovsk_tourism_44/work/khabarovsk_tourism_44/35_Хребет Дуссе-Алинь и озеро Медвежье/photo_03.jpg,dataset/processed/035/aug-5c9992373bda-01.jpg,5c9992373bda716343239b03bb4f4f028419ebb9d4cc0bb47f89dd1650bcfff5,true,ee72296ed4cffb0c8b7b89d68468b81001a3b58385119ecb2c7fc9dec364faca,rotate=+4;crop=0.03;brightness=1.04;contrast=0.96;color=1.02,index,accepted,
35,Хребет Дуссе-Алинь и озеро Медвежье,curated_manual_yandex,https://avatars.mds.yandex.net/i?id=26bea8ce431ea9a334d8c9162f6d8929e3e7ad4a-10494455-images-thumbs&n=13,https://avatars.mds.yandex.net/i?id=26bea8ce431ea9a334d8c9162f6d8929e3e7ad4a-10494455-images-thumbs&n=13,,unknown,,pending_purchase,2026-09-11T09:26:44.352701+00:00,6a65c68cb750b10364dd249a9377d066798aff444843f0c75cd05f874f184a20,d185229ac6759d67,475,320,image/jpeg,dataset/datasets_clear/khabarovsk_tourism_44/work/khabarovsk_tourism_44/35_Хребет Дуссе-Алинь и озеро Медвежье/photo_04.jpg,dataset/processed/035/aug-7d643e2665c7-02.jpg,7d643e2665c7ce9ad53a624f4e34fc35446c09916ac0bc7534ec950ee80e5ac4,true,345d1884358283cee7eb9150eed648adbfc8c94386f1d5fa7518f4520a496edf,rotate=-2;crop=0.06;brightness=0.92;contrast=1.02;color=1.04,index,accepted,
35,Хребет Дуссе-Алинь и озеро Медвежье,curated_manual_yandex,https://avatars.mds.yandex.net/i?id=6a12b1e86121a2e92d0622701665d2dcda036c66-5258486-images-thumbs&n=13,https://avatars.mds.yandex.net/i?id=6a12b1e86121a2e92d0622701665d2dcda036c66-5258486-images-thumbs&n=13,,unknown,,pending_purchase,2026-09-11T09:26:44.358723+00:00,42b1441951480d9c83b61593d1b9503a5a6ab090c31120ae9877119a6a97519f,91d5dd99261d1a63,444,320,image/jpeg,dataset/datasets_clear/khabarovsk_tourism_44/work/khabarovsk_tourism_44/35_Хребет Дуссе-Алинь и озеро Медвежье/photo_05.jpg,dataset/processed/035/aug-1e57de558289-03.jpg,1e57de558289c92dab3a04bd8f8f0f60c25c5bd16a111a73721908d210c7b98f,true,91e4e75695f1c9cd98ac5c99a138f328463dbc477e4d9dfbe2c61c796157068d,rotate=+2;crop=0.06;brightness=1.08;contrast=0.98;color=0.96,index,accepted,
35,Хребет Дуссе-Алинь и озеро Медвежье,curated_manual_yandex,https://avatars.mds.yandex.net/i?id=c9ed33e889b47fcea7aa67a9225d4a89b28ce54f-5042164-images-thumbs&n=13,https://avatars.mds.yandex.net/i?id=c9ed33e889b47fcea7aa67a9225d4a89b28ce54f-5042164-images-thumbs&n=13,,unknown,,pending_purchase,2026-09-11T09:26:44.364564+00:00,6f857722eb3356aa7eb1e3b64db4131f2b7543c853ceaef8c76ad6fd087cf9e1,e1e0fc8d87959cb0,427,320,image/jpeg,dataset/datasets_clear/khabarovsk_tourism_44/work/khabarovsk_tourism_44/35_Хребет Дуссе-Алинь и озеро Медвежье/photo_06.jpg,dataset/processed/035/aug-3da5e6b57a2a-04.jpg,3da5e6b57a2ac595b28295b146a61744e2ecbb3b7651ac6300a90f6a42380655,true,26620d59535a5b5670a90689f5b190cba306b0509a77cdb95f353db93fc1fb29,rotate=+0;crop=0.08;brightness=0.96;contrast=1.08;color=1.00,index,accepted,
35,Хребет Дуссе-Алинь и озеро Медвежье,curated_manual_yandex,https://avatars.mds.yandex.net/i?id=df887fe48b62e72d82824e768d845c7d162e8e94-11254239-images-thumbs&n=13,https://avatars.mds.yandex.net/i?id=df887fe48b62e72d82824e768d845c7d162e8e94-11254239-images-thumbs&n=13,,unknown,,pending_purchase,2026-09-11T09:26:44.377256+00:00,d67f9e41dd0d546642852fa09e7cccacfbbbfaf725d8e36d6a33c5308b18cb2a,e4d5d5959a0a2a7a,480,320,image/jpeg,dataset/datasets_clear/khabarovsk_tourism_44/work/khabarovsk_tourism_44/35_Хребет Дуссе-Алинь и озеро Медвежье/photo_08.jpg,dataset/processed/035/aug-a53861e173ab-05.jpg,a53861e173ab3b75933555a53f1b5200abb02ae80f65b428af3a39ac377808a7,true,e2e5176717d93d1aad0503001eade5caba7d69c2039e448845660251ed1c9526,rotate=+0;crop=0.04;brightness=1.04;contrast=0.92;color=1.05,index,accepted,
36,Амурские столбы,curated_manual_yandex,https://avatars.mds.yandex.net/i?id=a03e511f1d6d7509f5ccfcfcbf4c910d2ac3de78-4407062-images-thumbs&n=13,https://avatars.mds.yandex.net/i?id=a03e511f1d6d7509f5ccfcfcbf4c910d2ac3de78-4407062-images-thumbs&n=13,,unknown,,pending_purchase,2026-09-11T09:26:44.562876+00:00,0da3ae14506a7abdbf0fce5305dd1057cc23c6cea5ac9364a5629546b1485f35,f19ccee235592d84,480,314,image/jpeg,dataset/datasets_clear/khabarovsk_tourism_44/work/khabarovsk_tourism_44/36_Амурские столбы/photo_01.jpg,dataset/processed/036/original-33c26700d06e4021d94ca770e1e6210907f62c5b8306a2d6c8258c99ecd79fc4.jpg,33c26700d06e4021d94ca770e1e6210907f62c5b8306a2d6c8258c99ecd79fc4,false,,,validation,accepted,
36,Амурские столбы,curated_manual_yandex,https://avatars.mds.yandex.net/i?id=48c111359b08f7b2814a984ce44d3d0cf575e05d-2459861-images-thumbs&n=13,https://avatars.mds.yandex.net/i?id=48c111359b08f7b2814a984ce44d3d0cf575e05d-2459861-images-thumbs&n=13,,unknown,,pending_purchase,2026-09-11T09:26:44.567878+00:00,79eb10c42e94a30b56afdf0445c386b0549d2d6c45275b1c16add0826910539d,bab8dcc42723cb49,480,314,image/jpeg,dataset/datasets_clear/khabarovsk_tourism_44/work/khabarovsk_tourism_44/36_Амурские столбы/photo_02.jpg,dataset/processed/036/original-088347c491369041edfa11f39b55609a41ef5acde2493e6392d45cb3705ff3c6.jpg,088347c491369041edfa11f39b55609a41ef5acde2493e6392d45cb3705ff3c6,false,,,test,accepted,
36,Амурские столбы,curated_manual_yandex,https://avatars.mds.yandex.net/i?id=5c6e1605a2d437a8e707bc5289deb3d1253e6fba-4220200-images-thumbs&n=13,https://avatars.mds.yandex.net/i?id=5c6e1605a2d437a8e707bc5289deb3d1253e6fba-4220200-images-thumbs&n=13,,unknown,,pending_purchase,2026-09-11T09:26:44.573953+00:00,e1820adc81de346b43597ace641ca08a78569a6b0c6bb071a3b49266ff3fb8c2,b1d94e2797686552,480,320,image/jpeg,dataset/datasets_clear/khabarovsk_tourism_44/work/khabarovsk_tourism_44/36_Амурские столбы/photo_03.jpg,dataset/processed/036/original-34f9d2460c8c694642824576d5820972f0ebcdcb69099c0e1716c621437d2b82.jpg,34f9d2460c8c694642824576d5820972f0ebcdcb69099c0e1716c621437d2b82,false,,,index,accepted,
36,Амурские столбы,curated_manual_yandex,https://avatars.mds.yandex.net/i?id=c5c409a5c196f135b28e64d5e34225919a6c8271-4395607-images-thumbs&n=13,https://avatars.mds.yandex.net/i?id=c5c409a5c196f135b28e64d5e34225919a6c8271-4395607-images-thumbs&n=13,,unknown,,pending_purchase,2026-09-11T09:26:44.579950+00:00,6e122f78c3b6531b1ac9989de55d235ecaf00c284e8361ad98d763b64e606cfb,e8c8f5d4561e3899,478,320,image/jpeg,dataset/datasets_clear/khabarovsk_tourism_44/work/khabarovsk_tourism_44/36_Амурские столбы/photo_04.jpg,dataset/processed/036/original-150c75f16304aabc9c2d508464202805fc7aaa46ab2972a317500136c8c4df25.jpg,150c75f16304aabc9c2d508464202805fc7aaa46ab2972a317500136c8c4df25,false,,,index,accepted,
36,Амурские столбы,curated_manual_yandex,https://avatars.mds.yandex.net/i?id=b89773e2260e1ea5cffc51be2eb1659503979757-4958646-images-thumbs&n=13,https://avatars.mds.yandex.net/i?id=b89773e2260e1ea5cffc51be2eb1659503979757-4958646-images-thumbs&n=13,,unknown,,pending_purchase,2026-09-11T09:26:44.585497+00:00,fede74425ceed344a9a0134e7c21b31fb0dd6b00851710e72f46e54339d1d86a,d3b3a68c0c48d9f3,427,320,image/jpeg,dataset/datasets_clear/khabarovsk_tourism_44/work/khabarovsk_tourism_44/36_Амурские столбы/photo_05.jpg,dataset/processed/036/original-5458bb8a6d2ffcafb6c2ec541723f779b87ee3c790e1160d19b1b96331dab3f2.jpg,5458bb8a6d2ffcafb6c2ec541723f779b87ee3c790e1160d19b1b96331dab3f2,false,,,index,accepted,
36,Амурские столбы,curated_manual_yandex,https://avatars.mds.yandex.net/i?id=733e92d22b17acf7137d74b2752e670de74607e6-7085138-images-thumbs&n=13,https://avatars.mds.yandex.net/i?id=733e92d22b17acf7137d74b2752e670de74607e6-7085138-images-thumbs&n=13,,unknown,,pending_purchase,2026-09-11T09:26:44.589497+00:00,1f02d759788c80a7a9fb5172e9019cc192f6c2acebe175c429701291205c9af2,b1955ae914ee878a,479,320,image/jpeg,dataset/datasets_clear/khabarovsk_tourism_44/work/khabarovsk_tourism_44/36_Амурские столбы/photo_06.jpg,dataset/processed/036/original-a1f227cc1271bd8c27c5b0c11da7c26529dd5f9c129890900403908f5362cd06.jpg,a1f227cc1271bd8c27c5b0c11da7c26529dd5f9c129890900403908f5362cd06,false,,,index,accepted,
36,Амурские столбы,curated_manual_yandex,https://avatars.mds.yandex.net/i?id=a3152c6b04255f3827336220971c3cda366c485f-4298620-images-thumbs&n=13,https://avatars.mds.yandex.net/i?id=a3152c6b04255f3827336220971c3cda366c485f-4298620-images-thumbs&n=13,,unknown,,pending_purchase,2026-09-11T09:26:44.596184+00:00,aa35ef86e2b8ea9f25acb5050e45ea1f7b2c78d1dd11fa996dd9fe83dbd19212,eddd12e0d53ae805,480,295,image/jpeg,dataset/datasets_clear/khabarovsk_tourism_44/work/khabarovsk_tourism_44/36_Амурские столбы/photo_07.jpg,dataset/processed/036/original-c69c83a34151c1262ca09372bfc93516e11c4bf6e3fc8034a27ed9dbefa12f4a.jpg,c69c83a34151c1262ca09372bfc93516e11c4bf6e3fc8034a27ed9dbefa12f4a,false,,,index,accepted,
36,Амурские столбы,curated_manual_yandex,https://avatars.mds.yandex.net/i?id=44eeb55680d893929dcec9d5c893eab994c03dbb-4786045-images-thumbs&n=13,https://avatars.mds.yandex.net/i?id=44eeb55680d893929dcec9d5c893eab994c03dbb-4786045-images-thumbs&n=13,,unknown,,pending_purchase,2026-09-11T09:26:44.603183+00:00,441c56d703c7d44ac0b0a7ee35990378736bbf0cc75f5616160db599feb116b5,f5a41abe438becc0,460,300,image/jpeg,dataset/datasets_clear/khabarovsk_tourism_44/work/khabarovsk_tourism_44/36_Амурские столбы/photo_08.jpg,dataset/processed/036/original-8f2cb85da7005d99d0bca37614a957868a0c1b92bf1c70cd2a62aa72db823909.jpg,8f2cb85da7005d99d0bca37614a957868a0c1b92bf1c70cd2a62aa72db823909,false,,,index,accepted,
36,Амурские столбы,curated_manual_yandex,https://avatars.mds.yandex.net/i?id=5c6e1605a2d437a8e707bc5289deb3d1253e6fba-4220200-images-thumbs&n=13,https://avatars.mds.yandex.net/i?id=5c6e1605a2d437a8e707bc5289deb3d1253e6fba-4220200-images-thumbs&n=13,,unknown,,pending_purchase,2026-09-11T09:26:44.573953+00:00,3d5745a31deeb1dc5a8232e0ad07331b3ded5583415c78605a12de8c79217e21,b1d14a279f6c6433,480,320,image/jpeg,dataset/datasets_clear/khabarovsk_tourism_44/work/khabarovsk_tourism_44/36_Амурские столбы/photo_03.jpg,dataset/processed/036/aug-34f9d2460c8c-00.jpg,34f9d2460c8c694642824576d5820972f0ebcdcb69099c0e1716c621437d2b82,true,e1820adc81de346b43597ace641ca08a78569a6b0c6bb071a3b49266ff3fb8c2,rotate=-4;crop=0.03;brightness=0.96;contrast=1.04;color=0.98,index,accepted,
36,Амурские столбы,curated_manual_yandex,https://avatars.mds.yandex.net/i?id=c5c409a5c196f135b28e64d5e34225919a6c8271-4395607-images-thumbs&n=13,https://avatars.mds.yandex.net/i?id=c5c409a5c196f135b28e64d5e34225919a6c8271-4395607-images-thumbs&n=13,,unknown,,pending_purchase,2026-09-11T09:26:44.579950+00:00,27acf6e48cbb5106d1205806468fcdb5dcce6cc1e2500a6f0392db0ffa5873c1,e9d59712161e38b9,478,320,image/jpeg,dataset/datasets_clear/khabarovsk_tourism_44/work/khabarovsk_tourism_44/36_Амурские столбы/photo_04.jpg,dataset/processed/036/aug-150c75f16304-01.jpg,150c75f16304aabc9c2d508464202805fc7aaa46ab2972a317500136c8c4df25,true,6e122f78c3b6531b1ac9989de55d235ecaf00c284e8361ad98d763b64e606cfb,rotate=+4;crop=0.03;brightness=1.04;contrast=0.96;color=1.02,index,accepted,
36,Амурские столбы,curated_manual_yandex,https://avatars.mds.yandex.net/i?id=b89773e2260e1ea5cffc51be2eb1659503979757-4958646-images-thumbs&n=13,https://avatars.mds.yandex.net/i?id=b89773e2260e1ea5cffc51be2eb1659503979757-4958646-images-thumbs&n=13,,unknown,,pending_purchase,2026-09-11T09:26:44.585497+00:00,354e29e63dd5f67628a0d449c32bfac7b88af2c6d3c5dacc192be47bdb7f45d9,c1b3e24c4c5ad1f3,427,320,image/jpeg,dataset/datasets_clear/khabarovsk_tourism_44/work/khabarovsk_tourism_44/36_Амурские столбы/photo_05.jpg,dataset/processed/036/aug-5458bb8a6d2f-02.jpg,5458bb8a6d2ffcafb6c2ec541723f779b87ee3c790e1160d19b1b96331dab3f2,true,fede74425ceed344a9a0134e7c21b31fb0dd6b00851710e72f46e54339d1d86a,rotate=-2;crop=0.06;brightness=0.92;contrast=1.02;color=1.04,index,accepted,
36,Амурские столбы,curated_manual_yandex,https://avatars.mds.yandex.net/i?id=733e92d22b17acf7137d74b2752e670de74607e6-7085138-images-thumbs&n=13,https://avatars.mds.yandex.net/i?id=733e92d22b17acf7137d74b2752e670de74607e6-7085138-images-thumbs&n=13,,unknown,,pending_purchase,2026-09-11T09:26:44.589497+00:00,bc182e0466949605261ad6df37824fc30d7e84a56cb2b7199fbd409ada73b6ea,f1955ac98cce8dc2,479,320,image/jpeg,dataset/datasets_clear/khabarovsk_tourism_44/work/khabarovsk_tourism_44/36_Амурские столбы/photo_06.jpg,dataset/processed/036/aug-a1f227cc1271-03.jpg,a1f227cc1271bd8c27c5b0c11da7c26529dd5f9c129890900403908f5362cd06,true,1f02d759788c80a7a9fb5172e9019cc192f6c2acebe175c429701291205c9af2,rotate=+2;crop=0.06;brightness=1.08;contrast=0.98;color=0.96,index,accepted,
36,Амурские столбы,curated_manual_yandex,https://avatars.mds.yandex.net/i?id=a3152c6b04255f3827336220971c3cda366c485f-4298620-images-thumbs&n=13,https://avatars.mds.yandex.net/i?id=a3152c6b04255f3827336220971c3cda366c485f-4298620-images-thumbs&n=13,,unknown,,pending_purchase,2026-09-11T09:26:44.596184+00:00,799e93d1c2fbac453e57eba91dfb5fec71e6f0e78881478938fdc86468b63b71,e9ff16c0c532d08d,480,295,image/jpeg,dataset/datasets_clear/khabarovsk_tourism_44/work/khabarovsk_tourism_44/36_Амурские столбы/photo_07.jpg,dataset/processed/036/aug-c69c83a34151-04.jpg,c69c83a34151c1262ca09372bfc93516e11c4bf6e3fc8034a27ed9dbefa12f4a,true,aa35ef86e2b8ea9f25acb5050e45ea1f7b2c78d1dd11fa996dd9fe83dbd19212,rotate=+0;crop=0.08;brightness=0.96;contrast=1.08;color=1.00,index,accepted,
36,Амурские столбы,curated_manual_yandex,https://avatars.mds.yandex.net/i?id=44eeb55680d893929dcec9d5c893eab994c03dbb-4786045-images-thumbs&n=13,https://avatars.mds.yandex.net/i?id=44eeb55680d893929dcec9d5c893eab994c03dbb-4786045-images-thumbs&n=13,,unknown,,pending_purchase,2026-09-11T09:26:44.603183+00:00,c06ad1f4c9c42951ed003a9daf591c53f58c34fe3792bd51f5f34914994a8d55,fda4029e7193edc0,460,300,image/jpeg,dataset/datasets_clear/khabarovsk_tourism_44/work/khabarovsk_tourism_44/36_Амурские столбы/photo_08.jpg,dataset/processed/036/aug-8f2cb85da700-05.jpg,8f2cb85da7005d99d0bca37614a957868a0c1b92bf1c70cd2a62aa72db823909,true,441c56d703c7d44ac0b0a7ee35990378736bbf0cc75f5616160db599feb116b5,rotate=+0;crop=0.04;brightness=1.04;contrast=0.92;color=1.05,index,accepted,
37,Шантарские острова,curated_manual_yandex,https://avatars.mds.yandex.net/i?id=65db8ba5144480ba32f9dc63123d6da168afcf55-5150820-images-thumbs&n=13,https://avatars.mds.yandex.net/i?id=65db8ba5144480ba32f9dc63123d6da168afcf55-5150820-images-thumbs&n=13,,unknown,,pending_purchase,2026-09-11T09:26:44.779514+00:00,f6c407a4b8253a1685b19a7290a2c926fe29b4e1d1683bb0b6569d81ec561503,c4933d3471e4cfc4,422,320,image/jpeg,dataset/datasets_clear/khabarovsk_tourism_44/work/khabarovsk_tourism_44/37_Шантарские острова/photo_01.jpg,dataset/processed/037/original-f9e81af56dbb87babc7b141c7ec01fffdf33cc898d615e15c13a18a31ecece26.jpg,f9e81af56dbb87babc7b141c7ec01fffdf33cc898d615e15c13a18a31ecece26,false,,,index,accepted,
37,Шантарские острова,curated_manual_yandex,https://avatars.mds.yandex.net/i?id=bc2bbd241f8318a9baa4f976f1f5688059b4eea8-5505041-images-thumbs&n=13,https://avatars.mds.yandex.net/i?id=bc2bbd241f8318a9baa4f976f1f5688059b4eea8-5505041-images-thumbs&n=13,,unknown,,pending_purchase,2026-09-11T09:26:44.784568+00:00,72486baab7c6849eaacb2772db81cfe27c597f09b937eecdf6e2622922b767e0,8384e8f867771f0c,480,320,image/jpeg,dataset/datasets_clear/khabarovsk_tourism_44/work/khabarovsk_tourism_44/37_Шантарские острова/photo_02.jpg,dataset/processed/037/original-1d933f08cef50678d3cf690b385f62aad25f6b4b2ef42ca1b1e6d1598e1d0110.jpg,1d933f08cef50678d3cf690b385f62aad25f6b4b2ef42ca1b1e6d1598e1d0110,false,,,index,accepted,
37,Шантарские острова,curated_manual_yandex,https://avatars.mds.yandex.net/i?id=2653df6092b0db26646be1aad1d4b2312816dca3-12377225-images-thumbs&n=13,https://avatars.mds.yandex.net/i?id=2653df6092b0db26646be1aad1d4b2312816dca3-12377225-images-thumbs&n=13,,unknown,,pending_purchase,2026-09-11T09:26:44.790576+00:00,cf6420490a87b138dffb7aa38b5f81abbd4aa9129e3f3b96ee60964384f94ee6,d4c50f30356899df,479,320,image/jpeg,dataset/datasets_clear/khabarovsk_tourism_44/work/khabarovsk_tourism_44/37_Шантарские острова/photo_03.jpg,dataset/processed/037/original-c90231f7bb0de210318a603428a1c647e55577f3858fbd573e3b265643cf83eb.jpg,c90231f7bb0de210318a603428a1c647e55577f3858fbd573e3b265643cf83eb,false,,,index,accepted,
37,Шантарские острова,curated_manual_yandex,https://avatars.mds.yandex.net/i?id=d336a154bd72257503ebf51a68ee2102bfec9e67-5348391-images-thumbs&n=13,https://avatars.mds.yandex.net/i?id=d336a154bd72257503ebf51a68ee2102bfec9e67-5348391-images-thumbs&n=13,,unknown,,pending_purchase,2026-09-11T09:26:44.796575+00:00,0f0ed021d87e672540ba41a286ef9880a8e51b788867653d06fb678b512ba0b3,cccca6b89b93b494,480,320,image/jpeg,dataset/datasets_clear/khabarovsk_tourism_44/work/khabarovsk_tourism_44/37_Шантарские острова/photo_04.jpg,dataset/processed/037/original-3949fa9af9ec319c37e371633088e68cf286dbfca2c1e26ad1c17d09bc35d8d6.jpg,3949fa9af9ec319c37e371633088e68cf286dbfca2c1e26ad1c17d09bc35d8d6,false,,,test,accepted,
37,Шантарские острова,curated_manual_yandex,https://avatars.mds.yandex.net/i?id=6da2228700c83d148031de74017e11c1a7021b9e-16543803-images-thumbs&n=13,https://avatars.mds.yandex.net/i?id=6da2228700c83d148031de74017e11c1a7021b9e-16543803-images-thumbs&n=13,,unknown,,pending_purchase,2026-09-11T09:26:44.801577+00:00,8aa42af5218e7001f239dfea6594dcda4251e5ffe2f02ae29f53481b763b5fc5,85985ae72799d926,480,270,image/jpeg,dataset/datasets_clear/khabarovsk_tourism_44/work/khabarovsk_tourism_44/37_Шантарские острова/photo_06.jpg,dataset/processed/037/original-45a04d442a8a02c9893cbb627816eaa8e1401939da5221c8b1509474e14f174f.jpg,45a04d442a8a02c9893cbb627816eaa8e1401939da5221c8b1509474e14f174f,false,,,validation,accepted,
37,Шантарские острова,curated_manual_yandex,https://avatars.mds.yandex.net/i?id=3259e6592f804b994a62d389ae2bdb1b47a69ce1-4828150-images-thumbs&n=13,https://avatars.mds.yandex.net/i?id=3259e6592f804b994a62d389ae2bdb1b47a69ce1-4828150-images-thumbs&n=13,,unknown,,pending_purchase,2026-09-11T09:26:44.807053+00:00,4c816a1e9fda667cc0b1eccccde4b77fe6744a845fb3d484169bd4b7248d394d,e3f847551d1e250d,480,251,image/jpeg,dataset/datasets_clear/khabarovsk_tourism_44/work/khabarovsk_tourism_44/37_Шантарские острова/photo_07.jpg,dataset/processed/037/original-c5a338503bd7b40fe502069eed5642a06f8885b4d18fb6a02c113e36f1bc3d55.jpg,c5a338503bd7b40fe502069eed5642a06f8885b4d18fb6a02c113e36f1bc3d55,false,,,index,accepted,
37,Шантарские острова,curated_manual_yandex,https://avatars.mds.yandex.net/i?id=9ea97f0775538a01e7d1b5f0243f938ec4d4d764-5878122-images-thumbs&n=13,https://avatars.mds.yandex.net/i?id=9ea97f0775538a01e7d1b5f0243f938ec4d4d764-5878122-images-thumbs&n=13,,unknown,,pending_purchase,2026-09-11T09:26:44.811655+00:00,944afb7db8e87a886fa98c43a9af028a902cc58805b028ae88886159ca41881e,dad81c33c53eb129,480,211,image/jpeg,dataset/datasets_clear/khabarovsk_tourism_44/work/khabarovsk_tourism_44/37_Шантарские острова/photo_08.jpg,dataset/processed/037/original-0ed7173ab77951798fcb53be4f4bdcf56344b8777698d5adf2cbf01301282226.jpg,0ed7173ab77951798fcb53be4f4bdcf56344b8777698d5adf2cbf01301282226,false,,,index,accepted,
37,Шантарские острова,curated_manual_yandex,https://avatars.mds.yandex.net/i?id=65db8ba5144480ba32f9dc63123d6da168afcf55-5150820-images-thumbs&n=13,https://avatars.mds.yandex.net/i?id=65db8ba5144480ba32f9dc63123d6da168afcf55-5150820-images-thumbs&n=13,,unknown,,pending_purchase,2026-09-11T09:26:44.779514+00:00,75721e8d8f7f379671b17cb1c2bf87af855f564cbbb70d1ecd031d1a0bd959d2,c6912e3e7964ca0f,422,320,image/jpeg,dataset/datasets_clear/khabarovsk_tourism_44/work/khabarovsk_tourism_44/37_Шантарские острова/photo_01.jpg,dataset/processed/037/aug-f9e81af56dbb-00.jpg,f9e81af56dbb87babc7b141c7ec01fffdf33cc898d615e15c13a18a31ecece26,true,f6c407a4b8253a1685b19a7290a2c926fe29b4e1d1683bb0b6569d81ec561503,rotate=-4;crop=0.03;brightness=0.96;contrast=1.04;color=0.98,index,accepted,
37,Шантарские острова,curated_manual_yandex,https://avatars.mds.yandex.net/i?id=bc2bbd241f8318a9baa4f976f1f5688059b4eea8-5505041-images-thumbs&n=13,https://avatars.mds.yandex.net/i?id=bc2bbd241f8318a9baa4f976f1f5688059b4eea8-5505041-images-thumbs&n=13,,unknown,,pending_purchase,2026-09-11T09:26:44.784568+00:00,6537e33962a2dcd1482f767b70146ca3f5401b890ed3a302017448cfaabe733f,9785fd72263f1844,480,320,image/jpeg,dataset/datasets_clear/khabarovsk_tourism_44/work/khabarovsk_tourism_44/37_Шантарские острова/photo_02.jpg,dataset/processed/037/aug-1d933f08cef5-01.jpg,1d933f08cef50678d3cf690b385f62aad25f6b4b2ef42ca1b1e6d1598e1d0110,true,72486baab7c6849eaacb2772db81cfe27c597f09b937eecdf6e2622922b767e0,rotate=+4;crop=0.03;brightness=1.04;contrast=0.96;color=1.02,index,accepted,
37,Шантарские острова,curated_manual_yandex,https://avatars.mds.yandex.net/i?id=2653df6092b0db26646be1aad1d4b2312816dca3-12377225-images-thumbs&n=13,https://avatars.mds.yandex.net/i?id=2653df6092b0db26646be1aad1d4b2312816dca3-12377225-images-thumbs&n=13,,unknown,,pending_purchase,2026-09-11T09:26:44.790576+00:00,fda0160b42e2f1ae9cab328d3e4908fed5e512f63e8c008859673d72697eab6f,d0c52f347a2899db,479,320,image/jpeg,dataset/datasets_clear/khabarovsk_tourism_44/work/khabarovsk_tourism_44/37_Шантарские острова/photo_03.jpg,dataset/processed/037/aug-c90231f7bb0d-02.jpg,c90231f7bb0de210318a603428a1c647e55577f3858fbd573e3b265643cf83eb,true,cf6420490a87b138dffb7aa38b5f81abbd4aa9129e3f3b96ee60964384f94ee6,rotate=-2;crop=0.06;brightness=0.92;contrast=1.02;color=1.04,index,accepted,
37,Шантарские острова,curated_manual_yandex,https://avatars.mds.yandex.net/i?id=3259e6592f804b994a62d389ae2bdb1b47a69ce1-4828150-images-thumbs&n=13,https://avatars.mds.yandex.net/i?id=3259e6592f804b994a62d389ae2bdb1b47a69ce1-4828150-images-thumbs&n=13,,unknown,,pending_purchase,2026-09-11T09:26:44.807053+00:00,6fc6f27878d0c300f3346c2c639afb7adc821f03f898358e16c2fb4c42471b7c,e3f847501f5e250d,480,251,image/jpeg,dataset/datasets_clear/khabarovsk_tourism_44/work/khabarovsk_tourism_44/37_Шантарские острова/photo_07.jpg,dataset/processed/037/aug-c5a338503bd7-03.jpg,c5a338503bd7b40fe502069eed5642a06f8885b4d18fb6a02c113e36f1bc3d55,true,4c816a1e9fda667cc0b1eccccde4b77fe6744a845fb3d484169bd4b7248d394d,rotate=+2;crop=0.06;brightness=1.08;contrast=0.98;color=0.96,index,accepted,
37,Шантарские острова,curated_manual_yandex,https://avatars.mds.yandex.net/i?id=9ea97f0775538a01e7d1b5f0243f938ec4d4d764-5878122-images-thumbs&n=13,https://avatars.mds.yandex.net/i?id=9ea97f0775538a01e7d1b5f0243f938ec4d4d764-5878122-images-thumbs&n=13,,unknown,,pending_purchase,2026-09-11T09:26:44.811655+00:00,d865443e7637f641c9a620c89d60ac301d533e7ac918b162c7159c59fdbdcec1,d2dd35a2cc3ca92a,480,211,image/jpeg,dataset/datasets_clear/khabarovsk_tourism_44/work/khabarovsk_tourism_44/37_Шантарские острова/photo_08.jpg,dataset/processed/037/aug-0ed7173ab779-04.jpg,0ed7173ab77951798fcb53be4f4bdcf56344b8777698d5adf2cbf01301282226,true,944afb7db8e87a886fa98c43a9af028a902cc58805b028ae88886159ca41881e,rotate=+0;crop=0.08;brightness=0.96;contrast=1.08;color=1.00,index,accepted,
37,Шантарские острова,curated_manual_yandex,https://avatars.mds.yandex.net/i?id=65db8ba5144480ba32f9dc63123d6da168afcf55-5150820-images-thumbs&n=13,https://avatars.mds.yandex.net/i?id=65db8ba5144480ba32f9dc63123d6da168afcf55-5150820-images-thumbs&n=13,,unknown,,pending_purchase,2026-09-11T09:26:44.779514+00:00,5e3a2cec6e68a98683e6ecd2972f9e564a32c3007ca0abf922d63f254cadfb2e,c4933d3ee0e487e4,422,320,image/jpeg,dataset/datasets_clear/khabarovsk_tourism_44/work/khabarovsk_tourism_44/37_Шантарские острова/photo_01.jpg,dataset/processed/037/aug-f9e81af56dbb-05.jpg,f9e81af56dbb87babc7b141c7ec01fffdf33cc898d615e15c13a18a31ecece26,true,f6c407a4b8253a1685b19a7290a2c926fe29b4e1d1683bb0b6569d81ec561503,rotate=+0;crop=0.04;brightness=1.04;contrast=0.92;color=1.05,index,accepted,
37,Шантарские острова,curated_manual_yandex,https://avatars.mds.yandex.net/i?id=bc2bbd241f8318a9baa4f976f1f5688059b4eea8-5505041-images-thumbs&n=13,https://avatars.mds.yandex.net/i?id=bc2bbd241f8318a9baa4f976f1f5688059b4eea8-5505041-images-thumbs&n=13,,unknown,,pending_purchase,2026-09-11T09:26:44.784568+00:00,e2709c07ef2d7b5d308bbb6bb556d4696addec3bc44f8b91205a049a6442fd00,838568e1637b3d1e,480,320,image/jpeg,dataset/datasets_clear/khabarovsk_tourism_44/work/khabarovsk_tourism_44/37_Шантарские острова/photo_02.jpg,dataset/processed/037/aug-1d933f08cef5-06.jpg,1d933f08cef50678d3cf690b385f62aad25f6b4b2ef42ca1b1e6d1598e1d0110,true,72486baab7c6849eaacb2772db81cfe27c597f09b937eecdf6e2622922b767e0,rotate=-4;crop=0.03;brightness=0.96;contrast=1.04;color=0.98,index,accepted,
38,Остров Токи,curated_manual_yandex,https://avatars.mds.yandex.net/i?id=28c9d1f233effe7dd1efcdffe5a9fa3b3fcb853a-4032783-images-thumbs&n=13,https://avatars.mds.yandex.net/i?id=28c9d1f233effe7dd1efcdffe5a9fa3b3fcb853a-4032783-images-thumbs&n=13,,unknown,,pending_purchase,2026-09-11T09:26:45.022662+00:00,7547b056772b681d138bf367beaf0e26bc494591df6c1a5790172540c82a1262,fa85a17e41959e29,480,319,image/jpeg,dataset/datasets_clear/khabarovsk_tourism_44/work/khabarovsk_tourism_44/38_Остров Токи/photo_01.jpg,dataset/processed/038/original-0ff6f41663d9767e7c15d63c06ebaa0e1f861668cde06856b58d75359c61e92d.jpg,0ff6f41663d9767e7c15d63c06ebaa0e1f861668cde06856b58d75359c61e92d,false,,,test,accepted,
38,Остров Токи,curated_manual_yandex,https://avatars.mds.yandex.net/i?id=5247e069f0d8a7be3243b4ac30f1ee0978d79e5c-5205329-images-thumbs&n=13,https://avatars.mds.yandex.net/i?id=5247e069f0d8a7be3243b4ac30f1ee0978d79e5c-5205329-images-thumbs&n=13,,unknown,,pending_purchase,2026-09-11T09:26:45.027669+00:00,bc56074cc6b2fd692cf045aab53137bf5fc0aaf109c479e28f7a66ab47fa0d97,e4bc6c231ca23f6a,426,320,image/jpeg,dataset/datasets_clear/khabarovsk_tourism_44/work/khabarovsk_tourism_44/38_Остров Токи/photo_02.jpg,dataset/processed/038/original-b29bbf310008797133955899f7e9f1f13ceb1aacda32a6a741461eef650360a1.jpg,b29bbf310008797133955899f7e9f1f13ceb1aacda32a6a741461eef650360a1,false,,,index,accepted,
38,Остров Токи,curated_manual_yandex,https://avatars.mds.yandex.net/i?id=7c840ed7f1291c2a7b089cadc98aa22543d3f46d-11268872-images-thumbs&n=13,https://avatars.mds.yandex.net/i?id=7c840ed7f1291c2a7b089cadc98aa22543d3f46d-11268872-images-thumbs&n=13,,unknown,,pending_purchase,2026-09-11T09:26:45.033702+00:00,90b5dd0043db404a82ece69a18bb6ae0a75bc06ea660b2d7dbfd4b0cb7b63732,8da25f683dc2157c,480,311,image/jpeg,dataset/datasets_clear/khabarovsk_tourism_44/work/khabarovsk_tourism_44/38_Остров Токи/photo_03.jpg,dataset/processed/038/original-720dc9f554eb3fc3295399d55454ae707d466c8098c237e5fc62a36c7621afce.jpg,720dc9f554eb3fc3295399d55454ae707d466c8098c237e5fc62a36c7621afce,false,,,index,accepted,
38,Остров Токи,curated_manual_yandex,https://avatars.mds.yandex.net/i?id=cf5af94d4f5e841b37533b02d7e788f4216ac2c4-5341506-images-thumbs&n=13,https://avatars.mds.yandex.net/i?id=cf5af94d4f5e841b37533b02d7e788f4216ac2c4-5341506-images-thumbs&n=13,,unknown,,pending_purchase,2026-09-11T09:26:45.038985+00:00,05f7a439e0e9104db43a42e9854907e9c22368bc7bb19cf71f4bd591390518d3,80ff8f40717f8dc0,427,320,image/jpeg,dataset/datasets_clear/khabarovsk_tourism_44/work/khabarovsk_tourism_44/38_Остров Токи/photo_04.jpg,dataset/processed/038/original-1877f372626858d6df63193d42764337366723e8f8db131f444a48a3d11d8315.jpg,1877f372626858d6df63193d42764337366723e8f8db131f444a48a3d11d8315,false,,,validation,accepted,
38,Остров Токи,curated_manual_yandex,https://avatars.mds.yandex.net/i?id=c903f14e6e4e6af4c29893f2416f851357c5f5e8-4249582-images-thumbs&n=13,https://avatars.mds.yandex.net/i?id=c903f14e6e4e6af4c29893f2416f851357c5f5e8-4249582-images-thumbs&n=13,,unknown,,pending_purchase,2026-09-11T09:26:45.044493+00:00,fe79d23673ece59a35bfa3b7ae420909e4d5d7260954db90a59607a71c95206c,fcd88087bfb320e1,427,320,image/jpeg,dataset/datasets_clear/khabarovsk_tourism_44/work/khabarovsk_tourism_44/38_Остров Токи/photo_06.jpg,dataset/processed/038/original-11aa74215f103d0fcda5a0f6b4e9895c770d0a45f67011d4cc9efc8bc2f45f65.jpg,11aa74215f103d0fcda5a0f6b4e9895c770d0a45f67011d4cc9efc8bc2f45f65,false,,,index,accepted,
38,Остров Токи,curated_manual_yandex,https://avatars.mds.yandex.net/i?id=160f42ff64426b502dcf40cd43211836c8b836f4-12942752-images-thumbs&n=13,https://avatars.mds.yandex.net/i?id=160f42ff64426b502dcf40cd43211836c8b836f4-12942752-images-thumbs&n=13,,unknown,,pending_purchase,2026-09-11T09:26:45.050118+00:00,7d22722535ef94a9aba2a28fd8d4c1e36a2ded0afd9e98ac7b8638d16899f982,ffce88214ed0c43d,480,315,image/jpeg,dataset/datasets_clear/khabarovsk_tourism_44/work/khabarovsk_tourism_44/38_Остров Токи/photo_08.jpg,dataset/processed/038/original-849345b578f16cd5e32222693ed8f51527632b21d790bdd84807e7ecb13e2628.jpg,849345b578f16cd5e32222693ed8f51527632b21d790bdd84807e7ecb13e2628,false,,,index,accepted,
38,Остров Токи,curated_manual_yandex,https://avatars.mds.yandex.net/i?id=5247e069f0d8a7be3243b4ac30f1ee0978d79e5c-5205329-images-thumbs&n=13,https://avatars.mds.yandex.net/i?id=5247e069f0d8a7be3243b4ac30f1ee0978d79e5c-5205329-images-thumbs&n=13,,unknown,,pending_purchase,2026-09-11T09:26:45.027669+00:00,785c0da52200e65db127480cff147f4b8874652ca18c7822bb46e19957f54f9f,e09d6c331d027b7a,426,320,image/jpeg,dataset/datasets_clear/khabarovsk_tourism_44/work/khabarovsk_tourism_44/38_Остров Токи/photo_02.jpg,dataset/processed/038/aug-b29bbf310008-00.jpg,b29bbf310008797133955899f7e9f1f13ceb1aacda32a6a741461eef650360a1,true,bc56074cc6b2fd692cf045aab53137bf5fc0aaf109c479e28f7a66ab47fa0d97,rotate=-4;crop=0.03;brightness=0.96;contrast=1.04;color=0.98,index,accepted,
38,Остров Токи,curated_manual_yandex,https://avatars.mds.yandex.net/i?id=7c840ed7f1291c2a7b089cadc98aa22543d3f46d-11268872-images-thumbs&n=13,https://avatars.mds.yandex.net/i?id=7c840ed7f1291c2a7b089cadc98aa22543d3f46d-11268872-images-thumbs&n=13,,unknown,,pending_purchase,2026-09-11T09:26:45.033702+00:00,3c9fc39f2a83c2a8d666631041655e9e74f53d3aade8d547d907008aecb9b0bc,bf801f78a9c33865,480,311,image/jpeg,dataset/datasets_clear/khabarovsk_tourism_44/work/khabarovsk_tourism_44/38_Остров Токи/photo_03.jpg,dataset/processed/038/aug-720dc9f554eb-01.jpg,720dc9f554eb3fc3295399d55454ae707d466c8098c237e5fc62a36c7621afce,true,90b5dd0043db404a82ece69a18bb6ae0a75bc06ea660b2d7dbfd4b0cb7b63732,rotate=+4;crop=0.03;brightness=1.04;contrast=0.96;color=1.02,index,accepted,
38,Остров Токи,curated_manual_yandex,https://avatars.mds.yandex.net/i?id=c903f14e6e4e6af4c29893f2416f851357c5f5e8-4249582-images-thumbs&n=13,https://avatars.mds.yandex.net/i?id=c903f14e6e4e6af4c29893f2416f851357c5f5e8-4249582-images-thumbs&n=13,,unknown,,pending_purchase,2026-09-11T09:26:45.044493+00:00,fbe7bee593ee618c00cfed7b26df186ada68e3aec789e73e915ebbb902fd5559,f0c88187bffb6061,427,320,image/jpeg,dataset/datasets_clear/khabarovsk_tourism_44/work/khabarovsk_tourism_44/38_Остров Токи/photo_06.jpg,dataset/processed/038/aug-11aa74215f10-02.jpg,11aa74215f103d0fcda5a0f6b4e9895c770d0a45f67011d4cc9efc8bc2f45f65,true,fe79d23673ece59a35bfa3b7ae420909e4d5d7260954db90a59607a71c95206c,rotate=-2;crop=0.06;brightness=0.92;contrast=1.02;color=1.04,index,accepted,
38,Остров Токи,curated_manual_yandex,https://avatars.mds.yandex.net/i?id=160f42ff64426b502dcf40cd43211836c8b836f4-12942752-images-thumbs&n=13,https://avatars.mds.yandex.net/i?id=160f42ff64426b502dcf40cd43211836c8b836f4-12942752-images-thumbs&n=13,,unknown,,pending_purchase,2026-09-11T09:26:45.050118+00:00,9095b967b3b2ded28d27aa4ece372f7104e47e207612c840622336c631df9d26,fbc4892d6ed00e39,480,315,image/jpeg,dataset/datasets_clear/khabarovsk_tourism_44/work/khabarovsk_tourism_44/38_Остров Токи/photo_08.jpg,dataset/processed/038/aug-849345b578f1-03.jpg,849345b578f16cd5e32222693ed8f51527632b21d790bdd84807e7ecb13e2628,true,7d22722535ef94a9aba2a28fd8d4c1e36a2ded0afd9e98ac7b8638d16899f982,rotate=+2;crop=0.06;brightness=1.08;contrast=0.98;color=0.96,index,accepted,
38,Остров Токи,curated_manual_yandex,https://avatars.mds.yandex.net/i?id=5247e069f0d8a7be3243b4ac30f1ee0978d79e5c-5205329-images-thumbs&n=13,https://avatars.mds.yandex.net/i?id=5247e069f0d8a7be3243b4ac30f1ee0978d79e5c-5205329-images-thumbs&n=13,,unknown,,pending_purchase,2026-09-11T09:26:45.027669+00:00,6ac768970d2f868b281351c8f37b14ba353f6517dbf51eb09c87c4e83b181ff8,e5bc64219ca33f68,426,320,image/jpeg,dataset/datasets_clear/khabarovsk_tourism_44/work/khabarovsk_tourism_44/38_Остров Токи/photo_02.jpg,dataset/processed/038/aug-b29bbf310008-04.jpg,b29bbf310008797133955899f7e9f1f13ceb1aacda32a6a741461eef650360a1,true,bc56074cc6b2fd692cf045aab53137bf5fc0aaf109c479e28f7a66ab47fa0d97,rotate=+0;crop=0.08;brightness=0.96;contrast=1.08;color=1.00,index,accepted,
38,Остров Токи,curated_manual_yandex,https://avatars.mds.yandex.net/i?id=7c840ed7f1291c2a7b089cadc98aa22543d3f46d-11268872-images-thumbs&n=13,https://avatars.mds.yandex.net/i?id=7c840ed7f1291c2a7b089cadc98aa22543d3f46d-11268872-images-thumbs&n=13,,unknown,,pending_purchase,2026-09-11T09:26:45.033702+00:00,11b68756c6ae6a57f35411190abe4e52d438dda6f354483c8599b3188bef7bb5,84b2423dfcc26d3d,480,311,image/jpeg,dataset/datasets_clear/khabarovsk_tourism_44/work/khabarovsk_tourism_44/38_Остров Токи/photo_03.jpg,dataset/processed/038/aug-720dc9f554eb-05.jpg,720dc9f554eb3fc3295399d55454ae707d466c8098c237e5fc62a36c7621afce,true,90b5dd0043db404a82ece69a18bb6ae0a75bc06ea660b2d7dbfd4b0cb7b63732,rotate=+0;crop=0.04;brightness=1.04;contrast=0.92;color=1.05,index,accepted,
38,Остров Токи,curated_manual_yandex,https://avatars.mds.yandex.net/i?id=c903f14e6e4e6af4c29893f2416f851357c5f5e8-4249582-images-thumbs&n=13,https://avatars.mds.yandex.net/i?id=c903f14e6e4e6af4c29893f2416f851357c5f5e8-4249582-images-thumbs&n=13,,unknown,,pending_purchase,2026-09-11T09:26:45.044493+00:00,69249ffec2cd76ba169247676a6c9bc583120e62c33e1dad4f0bff7b48595b10,f0c881873f7f6861,427,320,image/jpeg,dataset/datasets_clear/khabarovsk_tourism_44/work/khabarovsk_tourism_44/38_Остров Токи/photo_06.jpg,dataset/processed/038/aug-11aa74215f10-06.jpg,11aa74215f103d0fcda5a0f6b4e9895c770d0a45f67011d4cc9efc8bc2f45f65,true,fe79d23673ece59a35bfa3b7ae420909e4d5d7260954db90a59607a71c95206c,rotate=-4;crop=0.03;brightness=0.96;contrast=1.04;color=0.98,index,accepted,
38,Остров Токи,curated_manual_yandex,https://avatars.mds.yandex.net/i?id=160f42ff64426b502dcf40cd43211836c8b836f4-12942752-images-thumbs&n=13,https://avatars.mds.yandex.net/i?id=160f42ff64426b502dcf40cd43211836c8b836f4-12942752-images-thumbs&n=13,,unknown,,pending_purchase,2026-09-11T09:26:45.050118+00:00,17c782399d8ce095ef7897861833a394d4f65d771ebc48865de727f505bc8ca4,fbc495256ec21e31,480,315,image/jpeg,dataset/datasets_clear/khabarovsk_tourism_44/work/khabarovsk_tourism_44/38_Остров Токи/photo_08.jpg,dataset/processed/038/aug-849345b578f1-07.jpg,849345b578f16cd5e32222693ed8f51527632b21d790bdd84807e7ecb13e2628,true,7d22722535ef94a9aba2a28fd8d4c1e36a2ded0afd9e98ac7b8638d16899f982,rotate=+4;crop=0.03;brightness=1.04;contrast=0.96;color=1.02,index,accepted,
39,Сизиманский каменный лес,curated_manual_yandex,https://avatars.mds.yandex.net/i?id=5209033abca2583ca42ff36a372c12c1d1a16c20-8497057-images-thumbs&n=13,https://avatars.mds.yandex.net/i?id=5209033abca2583ca42ff36a372c12c1d1a16c20-8497057-images-thumbs&n=13,,unknown,,pending_purchase,2026-09-11T09:26:45.312186+00:00,41d0bb44083f65d6d53aea22aa175f3b118379233da53735516ef0a2af852b63,abacf5d1d6881e48,480,320,image/jpeg,dataset/datasets_clear/khabarovsk_tourism_44/work/khabarovsk_tourism_44/39_Сизиманский каменный лес/photo_01.jpg,dataset/processed/039/original-6a4b87f3d928c786e89ba6107f55cb3f80eab007216aabc60f128edf071d5984.jpg,6a4b87f3d928c786e89ba6107f55cb3f80eab007216aabc60f128edf071d5984,false,,,index,accepted,
39,Сизиманский каменный лес,curated_manual_yandex,https://avatars.mds.yandex.net/i?id=47f195d43b30b6eb95479efb2aabeda0a44cc053-10928048-images-thumbs&n=13,https://avatars.mds.yandex.net/i?id=47f195d43b30b6eb95479efb2aabeda0a44cc053-10928048-images-thumbs&n=13,,unknown,,pending_purchase,2026-09-11T09:26:45.318240+00:00,45bfc500696dbc9f59d9e9c09b872d92418796b31482dd4d701897a929ae877f,c56f326051d9fc86,426,320,image/jpeg,dataset/datasets_clear/khabarovsk_tourism_44/work/khabarovsk_tourism_44/39_Сизиманский каменный лес/photo_02.jpg,dataset/processed/039/original-7c6e3f0bb2616c12868b73afd94f87c2e2c0d46bfde80f8aa944dbbf3cb4a131.jpg,7c6e3f0bb2616c12868b73afd94f87c2e2c0d46bfde80f8aa944dbbf3cb4a131,false,,,index,accepted,
39,Сизиманский каменный лес,curated_manual_yandex,https://avatars.mds.yandex.net/i?id=01ca583645781cdc2b58ce7008389b8f3f25474f-10548602-images-thumbs&n=13,https://avatars.mds.yandex.net/i?id=01ca583645781cdc2b58ce7008389b8f3f25474f-10548602-images-thumbs&n=13,,unknown,,pending_purchase,2026-09-11T09:26:45.322779+00:00,87e50478a89332e3998dbb5f35c04d67c9526dd11751e68c061a0aa7b7a978e7,c39934643367ce93,480,294,image/jpeg,dataset/datasets_clear/khabarovsk_tourism_44/work/khabarovsk_tourism_44/39_Сизиманский каменный лес/photo_03.jpg,dataset/processed/039/original-0b9ba928c0807064108626e4c97e158e4b2971cb761b6729872d1788fae44d24.jpg,0b9ba928c0807064108626e4c97e158e4b2971cb761b6729872d1788fae44d24,false,,,index,accepted,
39,Сизиманский каменный лес,curated_manual_yandex,https://avatars.mds.yandex.net/i?id=7787d771322852b26677a44b8e38bc513322be72-16427318-images-thumbs&n=13,https://avatars.mds.yandex.net/i?id=7787d771322852b26677a44b8e38bc513322be72-16427318-images-thumbs&n=13,,unknown,,pending_purchase,2026-09-11T09:26:45.328779+00:00,868fbb34981ef36256202fb9db179f6285fbc086fcd087372af666df9de4b740,a6b2d8d88de5341e,480,318,image/jpeg,dataset/datasets_clear/khabarovsk_tourism_44/work/khabarovsk_tourism_44/39_Сизиманский каменный лес/photo_04.jpg,dataset/processed/039/original-62b438490532e342c8bd4a7f85388b6400bd1c87926d1bdf2632a8a4714a932e.jpg,62b438490532e342c8bd4a7f85388b6400bd1c87926d1bdf2632a8a4714a932e,false,,,index,accepted,
39,Сизиманский каменный лес,curated_manual_yandex,https://avatars.mds.yandex.net/i?id=b486313befc5975fd3fe565429a4c7a3e6d6dab3-10465625-images-thumbs&n=13,https://avatars.mds.yandex.net/i?id=b486313befc5975fd3fe565429a4c7a3e6d6dab3-10465625-images-thumbs&n=13,,unknown,,pending_purchase,2026-09-11T09:26:45.335780+00:00,e5856079ec416711c3fa850085aa506857655cb765cb80ba0ce2aad5183ef108,c2de7d78a192b309,427,320,image/jpeg,dataset/datasets_clear/khabarovsk_tourism_44/work/khabarovsk_tourism_44/39_Сизиманский каменный лес/photo_05.jpg,dataset/processed/039/original-ea61936d7834f81791b134c10d71851ce37cfc7ba00ab4f419ebf406d0997710.jpg,ea61936d7834f81791b134c10d71851ce37cfc7ba00ab4f419ebf406d0997710,false,,,validation,accepted,
39,Сизиманский каменный лес,curated_manual_yandex,https://avatars.mds.yandex.net/i?id=44a87097284cf1e18da69e152ff501fa22acefc3-4369943-images-thumbs&n=13,https://avatars.mds.yandex.net/i?id=44a87097284cf1e18da69e152ff501fa22acefc3-4369943-images-thumbs&n=13,,unknown,,pending_purchase,2026-09-11T09:26:45.342296+00:00,adc49f672094e9531a5d641bd1313abb380117d113395af70ca414e919ab6a1b,a4bfdb8844e98563,427,320,image/jpeg,dataset/datasets_clear/khabarovsk_tourism_44/work/khabarovsk_tourism_44/39_Сизиманский каменный лес/photo_06.jpg,dataset/processed/039/original-b73f9c801c195bda9a62fce90f981ea763bbca7c19318f854169d7698dcbd55e.jpg,b73f9c801c195bda9a62fce90f981ea763bbca7c19318f854169d7698dcbd55e,false,,,test,accepted,
39,Сизиманский каменный лес,curated_manual_yandex,https://avatars.mds.yandex.net/i?id=d2e99fa66c7db7159dd766006dad61e003ac5c3f-10831694-images-thumbs&n=13,https://avatars.mds.yandex.net/i?id=d2e99fa66c7db7159dd766006dad61e003ac5c3f-10831694-images-thumbs&n=13,,unknown,,pending_purchase,2026-09-11T09:26:45.348876+00:00,d09e9e5bb9fcbcd5fdb9d7ab487d7054d9b8cc1731ceabc02b2949a1118e3e21,b7cbd0564c58646e,479,320,image/jpeg,dataset/datasets_clear/khabarovsk_tourism_44/work/khabarovsk_tourism_44/39_Сизиманский каменный лес/photo_07.jpg,dataset/processed/039/original-e38901c8f64ec8d19e7159de034de14d9d2c1c5461710d28fece381a219d91d9.jpg,e38901c8f64ec8d19e7159de034de14d9d2c1c5461710d28fece381a219d91d9,false,,,index,accepted,
39,Сизиманский каменный лес,curated_manual_yandex,https://avatars.mds.yandex.net/i?id=f67e1ffc6c22b0c623981f9ff5354f625c39931e-17845367-images-thumbs&n=13,https://avatars.mds.yandex.net/i?id=f67e1ffc6c22b0c623981f9ff5354f625c39931e-17845367-images-thumbs&n=13,,unknown,,pending_purchase,2026-09-11T09:26:45.354884+00:00,9dbb49753182133c4e37be64dbde521254ae10ac464823fb9f7f728890c63130,902f3cd4c94c6f6c,480,320,image/jpeg,dataset/datasets_clear/khabarovsk_tourism_44/work/khabarovsk_tourism_44/39_Сизиманский каменный лес/photo_08.jpg,dataset/processed/039/original-edbacbbe4d1f84fb2b6cb5aafa1c0bf99183d2d4c19205af6c72b50b6887a3d5.jpg,edbacbbe4d1f84fb2b6cb5aafa1c0bf99183d2d4c19205af6c72b50b6887a3d5,false,,,index,accepted,
39,Сизиманский каменный лес,curated_manual_yandex,https://avatars.mds.yandex.net/i?id=5209033abca2583ca42ff36a372c12c1d1a16c20-8497057-images-thumbs&n=13,https://avatars.mds.yandex.net/i?id=5209033abca2583ca42ff36a372c12c1d1a16c20-8497057-images-thumbs&n=13,,unknown,,pending_purchase,2026-09-11T09:26:45.312186+00:00,789577b8aae9ec6bb1a050e8b740224a38179bb6eab9db1a4f8a5b08ee73e0fd,abacd5d2d2c85a4c,480,320,image/jpeg,dataset/datasets_clear/khabarovsk_tourism_44/work/khabarovsk_tourism_44/39_Сизиманский каменный лес/photo_01.jpg,dataset/processed/039/aug-6a4b87f3d928-00.jpg,6a4b87f3d928c786e89ba6107f55cb3f80eab007216aabc60f128edf071d5984,true,41d0bb44083f65d6d53aea22aa175f3b118379233da53735516ef0a2af852b63,rotate=-4;crop=0.03;brightness=0.96;contrast=1.04;color=0.98,index,accepted,
39,Сизиманский каменный лес,curated_manual_yandex,https://avatars.mds.yandex.net/i?id=47f195d43b30b6eb95479efb2aabeda0a44cc053-10928048-images-thumbs&n=13,https://avatars.mds.yandex.net/i?id=47f195d43b30b6eb95479efb2aabeda0a44cc053-10928048-images-thumbs&n=13,,unknown,,pending_purchase,2026-09-11T09:26:45.318240+00:00,4a0d15933f1db658918b61f4c2c2f37287be1997fdec22c24df9c52b4a6ffbc0,856e32e1d9d8ec86,426,320,image/jpeg,dataset/datasets_clear/khabarovsk_tourism_44/work/khabarovsk_tourism_44/39_Сизиманский каменный лес/photo_02.jpg,dataset/processed/039/aug-7c6e3f0bb261-01.jpg,7c6e3f0bb2616c12868b73afd94f87c2e2c0d46bfde80f8aa944dbbf3cb4a131,true,45bfc500696dbc9f59d9e9c09b872d92418796b31482dd4d701897a929ae877f,rotate=+4;crop=0.03;brightness=1.04;contrast=0.96;color=1.02,index,accepted,
39,Сизиманский каменный лес,curated_manual_yandex,https://avatars.mds.yandex.net/i?id=01ca583645781cdc2b58ce7008389b8f3f25474f-10548602-images-thumbs&n=13,https://avatars.mds.yandex.net/i?id=01ca583645781cdc2b58ce7008389b8f3f25474f-10548602-images-thumbs&n=13,,unknown,,pending_purchase,2026-09-11T09:26:45.322779+00:00,fd93eb12c6c28f371e2ead2d6a42eab7bfd61ecd9d6fba6835c6cc122324f9e6,c2996966374ecc33,480,294,image/jpeg,dataset/datasets_clear/khabarovsk_tourism_44/work/khabarovsk_tourism_44/39_Сизиманский каменный лес/photo_03.jpg,dataset/processed/039/aug-0b9ba928c080-02.jpg,0b9ba928c0807064108626e4c97e158e4b2971cb761b6729872d1788fae44d24,true,87e50478a89332e3998dbb5f35c04d67c9526dd11751e68c061a0aa7b7a978e7,rotate=-2;crop=0.06;brightness=0.92;contrast=1.02;color=1.04,index,accepted,
39,Сизиманский каменный лес,curated_manual_yandex,https://avatars.mds.yandex.net/i?id=7787d771322852b26677a44b8e38bc513322be72-16427318-images-thumbs&n=13,https://avatars.mds.yandex.net/i?id=7787d771322852b26677a44b8e38bc513322be72-16427318-images-thumbs&n=13,,unknown,,pending_purchase,2026-09-11T09:26:45.328779+00:00,71960aab53893217397efd5619b5800ea81010934a0721dba8e4b9835ec41773,a7b5d8cb85653416,480,318,image/jpeg,dataset/datasets_clear/khabarovsk_tourism_44/work/khabarovsk_tourism_44/39_Сизиманский каменный лес/photo_04.jpg,dataset/processed/039/aug-62b438490532-03.jpg,62b438490532e342c8bd4a7f85388b6400bd1c87926d1bdf2632a8a4714a932e,true,868fbb34981ef36256202fb9db179f6285fbc086fcd087372af666df9de4b740,rotate=+2;crop=0.06;brightness=1.08;contrast=0.98;color=0.96,index,accepted,
39,Сизиманский каменный лес,curated_manual_yandex,https://avatars.mds.yandex.net/i?id=d2e99fa66c7db7159dd766006dad61e003ac5c3f-10831694-images-thumbs&n=13,https://avatars.mds.yandex.net/i?id=d2e99fa66c7db7159dd766006dad61e003ac5c3f-10831694-images-thumbs&n=13,,unknown,,pending_purchase,2026-09-11T09:26:45.348876+00:00,de9a54feef95f3069c19348f29788c9f8ac9f5b120c53e185e060f1c55f51538,b7cb969448d8551e,479,320,image/jpeg,dataset/datasets_clear/khabarovsk_tourism_44/work/khabarovsk_tourism_44/39_Сизиманский каменный лес/photo_07.jpg,dataset/processed/039/aug-e38901c8f64e-04.jpg,e38901c8f64ec8d19e7159de034de14d9d2c1c5461710d28fece381a219d91d9,true,d09e9e5bb9fcbcd5fdb9d7ab487d7054d9b8cc1731ceabc02b2949a1118e3e21,rotate=+0;crop=0.08;brightness=0.96;contrast=1.08;color=1.00,index,accepted,
39,Сизиманский каменный лес,curated_manual_yandex,https://avatars.mds.yandex.net/i?id=f67e1ffc6c22b0c623981f9ff5354f625c39931e-17845367-images-thumbs&n=13,https://avatars.mds.yandex.net/i?id=f67e1ffc6c22b0c623981f9ff5354f625c39931e-17845367-images-thumbs&n=13,,unknown,,pending_purchase,2026-09-11T09:26:45.354884+00:00,19d92d7dc01a19dbbad0dbb88c7ba3c4d9e155cdf67a9ad35861e025f430ff2b,902b3cddc8456f74,480,320,image/jpeg,dataset/datasets_clear/khabarovsk_tourism_44/work/khabarovsk_tourism_44/39_Сизиманский каменный лес/photo_08.jpg,dataset/processed/039/aug-edbacbbe4d1f-05.jpg,edbacbbe4d1f84fb2b6cb5aafa1c0bf99183d2d4c19205af6c72b50b6887a3d5,true,9dbb49753182133c4e37be64dbde521254ae10ac464823fb9f7f728890c63130,rotate=+0;crop=0.04;brightness=1.04;contrast=0.92;color=1.05,index,accepted,
40,Николаевские останцы,curated_manual_yandex,https://avatars.mds.yandex.net/i?id=08ad7f0b4ee4bf24a7e6c4e271191f2ff809cb9f-4078569-images-thumbs&n=13,https://avatars.mds.yandex.net/i?id=08ad7f0b4ee4bf24a7e6c4e271191f2ff809cb9f-4078569-images-thumbs&n=13,,unknown,,pending_purchase,2026-09-11T09:26:45.549987+00:00,8042b9394ecd0534c7dee39c4bce5453adbbce6b3336222a68d7f679d05495e9,e9e8169bf0168fc1,480,318,image/jpeg,dataset/datasets_clear/khabarovsk_tourism_44/work/khabarovsk_tourism_44/40_Николаевские останцы/photo_01.jpg,dataset/processed/040/original-be082d6c075fd9132fe6869ca2ad53696dc3308bf3c69fd2fb41273a2bfb9787.jpg,be082d6c075fd9132fe6869ca2ad53696dc3308bf3c69fd2fb41273a2bfb9787,false,,,index,accepted,
40,Николаевские останцы,curated_manual_yandex,https://avatars.mds.yandex.net/i?id=100da1629a3bca67f2cced5b203f13abd9d8e466-8310741-images-thumbs&n=13,https://avatars.mds.yandex.net/i?id=100da1629a3bca67f2cced5b203f13abd9d8e466-8310741-images-thumbs&n=13,,unknown,,pending_purchase,2026-09-11T09:26:45.555259+00:00,0e59ebea1bca35d3d3ad4d8828ecc319cf24da1177cd9b27089cc127a2b77bac,ad895256af18f02f,427,320,image/jpeg,dataset/datasets_clear/khabarovsk_tourism_44/work/khabarovsk_tourism_44/40_Николаевские останцы/photo_02.jpg,dataset/processed/040/original-958cc9d7d11b39bdf2be8030294bf5dcca58115d04662ab26522a422268af775.jpg,958cc9d7d11b39bdf2be8030294bf5dcca58115d04662ab26522a422268af775,false,,,index,accepted,
40,Николаевские останцы,curated_manual_yandex,https://avatars.mds.yandex.net/i?id=761356a56c761a9a04119fdfb7274075e7250b04-8311701-images-thumbs&n=13,https://avatars.mds.yandex.net/i?id=761356a56c761a9a04119fdfb7274075e7250b04-8311701-images-thumbs&n=13,,unknown,,pending_purchase,2026-09-11T09:26:45.560821+00:00,32bb54e66003e016556582e5cf70bf1f7ecb2420623ab68fc6d50f04d49366ea,a9ab58d4e70a56e4,427,320,image/jpeg,dataset/datasets_clear/khabarovsk_tourism_44/work/khabarovsk_tourism_44/40_Николаевские останцы/photo_03.jpg,dataset/processed/040/original-d9eef2810fa140a4fcfd00ca370f281b646d8606e08e26d17ebd86680dc57a9b.jpg,d9eef2810fa140a4fcfd00ca370f281b646d8606e08e26d17ebd86680dc57a9b,false,,,index,accepted,
40,Николаевские останцы,curated_manual_yandex,https://avatars.mds.yandex.net/i?id=636b676e89754deb9a7e3abb3034c1b273703ad5-4024741-images-thumbs&n=13,https://avatars.mds.yandex.net/i?id=636b676e89754deb9a7e3abb3034c1b273703ad5-4024741-images-thumbs&n=13,,unknown,,pending_purchase,2026-09-11T09:26:45.566828+00:00,646fee1ec1aadf931133a1412ce1c7bc73cb0f2673d88a7895eaf17ec559a159,87f3bd490c70a5d2,480,318,image/jpeg,dataset/datasets_clear/khabarovsk_tourism_44/work/khabarovsk_tourism_44/40_Николаевские останцы/photo_04.jpg,dataset/processed/040/original-83f14f67b5979e0b7c3ebb395b554d6f1690931595deda00b4614509f50a42ab.jpg,83f14f67b5979e0b7c3ebb395b554d6f1690931595deda00b4614509f50a42ab,false,,,index,accepted,
40,Николаевские останцы,curated_manual_yandex,https://avatars.mds.yandex.net/i?id=fe02be2e45002aab0c67adefa1e70be2541affd7-4352795-images-thumbs&n=13,https://avatars.mds.yandex.net/i?id=fe02be2e45002aab0c67adefa1e70be2541affd7-4352795-images-thumbs&n=13,,unknown,,pending_purchase,2026-09-11T09:26:45.573342+00:00,d0a604c75b18713dcc80327abf5985ac7cf56c2b35e132e77824c3ad6f47c6dd,a1f1dc4ea74530cb,453,320,image/jpeg,dataset/datasets_clear/khabarovsk_tourism_44/work/khabarovsk_tourism_44/40_Николаевские останцы/photo_05.jpg,dataset/processed/040/original-67ad4b39e220674408e83ad2da623598a6757e401a89a707690c2ba709e2ee9b.jpg,67ad4b39e220674408e83ad2da623598a6757e401a89a707690c2ba709e2ee9b,false,,,index,accepted,
40,Николаевские останцы,curated_manual_yandex,https://avatars.mds.yandex.net/i?id=a1035fd904d306c1853f4ac99585b3cdd6e406cf-5146584-images-thumbs&n=13,https://avatars.mds.yandex.net/i?id=a1035fd904d306c1853f4ac99585b3cdd6e406cf-5146584-images-thumbs&n=13,,unknown,,pending_purchase,2026-09-11T09:26:45.578344+00:00,800f774e7cd70aea3dfdde1ecdc9953d6e0bf1cb683e08e163ba18558fe7cbc5,e7900bbc4562b9cd,475,320,image/jpeg,dataset/datasets_clear/khabarovsk_tourism_44/work/khabarovsk_tourism_44/40_Николаевские останцы/photo_06.jpg,dataset/processed/040/original-921ee88a1213d7370dc194bdf7401c0906bf56c964cbb38848e4eda629cbc18c.jpg,921ee88a1213d7370dc194bdf7401c0906bf56c964cbb38848e4eda629cbc18c,false,,,validation,accepted,
40,Николаевские останцы,curated_manual_yandex,https://avatars.mds.yandex.net/i?id=c1c087ae2c0e7a4b42abd19a6e8f60e5a4feb421-10310955-images-thumbs&n=13,https://avatars.mds.yandex.net/i?id=c1c087ae2c0e7a4b42abd19a6e8f60e5a4feb421-10310955-images-thumbs&n=13,,unknown,,pending_purchase,2026-09-11T09:26:45.583881+00:00,fc4d3ce931df767492ec36b649528120a7c92a7566fd019395e5e86eb5513be1,d1ba2cc19778c387,480,318,image/jpeg,dataset/datasets_clear/khabarovsk_tourism_44/work/khabarovsk_tourism_44/40_Николаевские останцы/photo_07.jpg,dataset/processed/040/original-81f0c01190aba40f92213ed772fa0f10be8f9a182ed2cdaa265ce717d581ac12.jpg,81f0c01190aba40f92213ed772fa0f10be8f9a182ed2cdaa265ce717d581ac12,false,,,test,accepted,
40,Николаевские останцы,curated_manual_yandex,https://avatars.mds.yandex.net/i?id=ea3263b1adb79d742ea41a25a756af0d369ab4d9-8324697-images-thumbs&n=13,https://avatars.mds.yandex.net/i?id=ea3263b1adb79d742ea41a25a756af0d369ab4d9-8324697-images-thumbs&n=13,,unknown,,pending_purchase,2026-09-11T09:26:45.590387+00:00,d06dce7489df64c104c0f28451e3307be098f168ed8e4e1645ed3e5ac0971868,c4b7995c33eea00d,480,319,image/jpeg,dataset/datasets_clear/khabarovsk_tourism_44/work/khabarovsk_tourism_44/40_Николаевские останцы/photo_08.jpg,dataset/processed/040/original-0956caeb9211340308102b2fa187885257bb9d46fdcd10d7ff63418c0be6a5e6.jpg,0956caeb9211340308102b2fa187885257bb9d46fdcd10d7ff63418c0be6a5e6,false,,,index,accepted,
40,Николаевские останцы,curated_manual_yandex,https://avatars.mds.yandex.net/i?id=08ad7f0b4ee4bf24a7e6c4e271191f2ff809cb9f-4078569-images-thumbs&n=13,https://avatars.mds.yandex.net/i?id=08ad7f0b4ee4bf24a7e6c4e271191f2ff809cb9f-4078569-images-thumbs&n=13,,unknown,,pending_purchase,2026-09-11T09:26:45.549987+00:00,ac3bb3f3483d337eed9ece2afab9ab986f9b6d573a4237eeb77d7a1d41253882,e9e85699f0328d87,480,318,image/jpeg,dataset/datasets_clear/khabarovsk_tourism_44/work/khabarovsk_tourism_44/40_Николаевские останцы/photo_01.jpg,dataset/processed/040/aug-be082d6c075f-00.jpg,be082d6c075fd9132fe6869ca2ad53696dc3308bf3c69fd2fb41273a2bfb9787,true,8042b9394ecd0534c7dee39c4bce5453adbbce6b3336222a68d7f679d05495e9,rotate=-4;crop=0.03;brightness=0.96;contrast=1.04;color=0.98,index,accepted,
40,Николаевские останцы,curated_manual_yandex,https://avatars.mds.yandex.net/i?id=100da1629a3bca67f2cced5b203f13abd9d8e466-8310741-images-thumbs&n=13,https://avatars.mds.yandex.net/i?id=100da1629a3bca67f2cced5b203f13abd9d8e466-8310741-images-thumbs&n=13,,unknown,,pending_purchase,2026-09-11T09:26:45.555259+00:00,3e09af3ffadd99e65e4a48b7c1e42d511b347a83e2d7c96608be40895a889e11,ad855252af78d02f,427,320,image/jpeg,dataset/datasets_clear/khabarovsk_tourism_44/work/khabarovsk_tourism_44/40_Николаевские останцы/photo_02.jpg,dataset/processed/040/aug-958cc9d7d11b-01.jpg,958cc9d7d11b39bdf2be8030294bf5dcca58115d04662ab26522a422268af775,true,0e59ebea1bca35d3d3ad4d8828ecc319cf24da1177cd9b27089cc127a2b77bac,rotate=+4;crop=0.03;brightness=1.04;contrast=0.96;color=1.02,index,accepted,
40,Николаевские останцы,curated_manual_yandex,https://avatars.mds.yandex.net/i?id=761356a56c761a9a04119fdfb7274075e7250b04-8311701-images-thumbs&n=13,https://avatars.mds.yandex.net/i?id=761356a56c761a9a04119fdfb7274075e7250b04-8311701-images-thumbs&n=13,,unknown,,pending_purchase,2026-09-11T09:26:45.560821+00:00,731d28b435fa35babbcb4446ce8fb86b287f95a40947dfa2bf13034510e22662,a8e35895e318e6ad,427,320,image/jpeg,dataset/datasets_clear/khabarovsk_tourism_44/work/khabarovsk_tourism_44/40_Николаевские останцы/photo_03.jpg,dataset/processed/040/aug-d9eef2810fa1-02.jpg,d9eef2810fa140a4fcfd00ca370f281b646d8606e08e26d17ebd86680dc57a9b,true,32bb54e66003e016556582e5cf70bf1f7ecb2420623ab68fc6d50f04d49366ea,rotate=-2;crop=0.06;brightness=0.92;contrast=1.02;color=1.04,index,accepted,
40,Николаевские останцы,curated_manual_yandex,https://avatars.mds.yandex.net/i?id=636b676e89754deb9a7e3abb3034c1b273703ad5-4024741-images-thumbs&n=13,https://avatars.mds.yandex.net/i?id=636b676e89754deb9a7e3abb3034c1b273703ad5-4024741-images-thumbs&n=13,,unknown,,pending_purchase,2026-09-11T09:26:45.566828+00:00,d728b3a5e22a630a8fceae7b5fe086a14cabafe1e71d2850d9dd834749b6f768,97f1b84d0e70a593,480,318,image/jpeg,dataset/datasets_clear/khabarovsk_tourism_44/work/khabarovsk_tourism_44/40_Николаевские останцы/photo_04.jpg,dataset/processed/040/aug-83f14f67b597-03.jpg,83f14f67b5979e0b7c3ebb395b554d6f1690931595deda00b4614509f50a42ab,true,646fee1ec1aadf931133a1412ce1c7bc73cb0f2673d88a7895eaf17ec559a159,rotate=+2;crop=0.06;brightness=1.08;contrast=0.98;color=0.96,index,accepted,
40,Николаевские останцы,curated_manual_yandex,https://avatars.mds.yandex.net/i?id=fe02be2e45002aab0c67adefa1e70be2541affd7-4352795-images-thumbs&n=13,https://avatars.mds.yandex.net/i?id=fe02be2e45002aab0c67adefa1e70be2541affd7-4352795-images-thumbs&n=13,,unknown,,pending_purchase,2026-09-11T09:26:45.573342+00:00,8323305f385aff795b929ab1e0bd58e44ddc04230a60636b320221f6ec15f94f,a1f4de4b81709a7c,453,320,image/jpeg,dataset/datasets_clear/khabarovsk_tourism_44/work/khabarovsk_tourism_44/40_Николаевские останцы/photo_05.jpg,dataset/processed/040/aug-67ad4b39e220-04.jpg,67ad4b39e220674408e83ad2da623598a6757e401a89a707690c2ba709e2ee9b,true,d0a604c75b18713dcc80327abf5985ac7cf56c2b35e132e77824c3ad6f47c6dd,rotate=+0;crop=0.08;brightness=0.96;contrast=1.08;color=1.00,index,accepted,
40,Николаевские останцы,curated_manual_yandex,https://avatars.mds.yandex.net/i?id=ea3263b1adb79d742ea41a25a756af0d369ab4d9-8324697-images-thumbs&n=13,https://avatars.mds.yandex.net/i?id=ea3263b1adb79d742ea41a25a756af0d369ab4d9-8324697-images-thumbs&n=13,,unknown,,pending_purchase,2026-09-11T09:26:45.590387+00:00,aac5949235bd30a5b71edb2f0065c7580366fda244ceb3683a20cec980ca3320,c4b7995c336ea40d,480,319,image/jpeg,dataset/datasets_clear/khabarovsk_tourism_44/work/khabarovsk_tourism_44/40_Николаевские останцы/photo_08.jpg,dataset/processed/040/aug-0956caeb9211-05.jpg,0956caeb9211340308102b2fa187885257bb9d46fdcd10d7ff63418c0be6a5e6,true,d06dce7489df64c104c0f28451e3307be098f168ed8e4e1645ed3e5ac0971868,rotate=+0;crop=0.04;brightness=1.04;contrast=0.92;color=1.05,index,accepted,
41,Мыс Литке,curated_manual_yandex,https://avatars.mds.yandex.net/i?id=a6e0aa81f9bad114348f536ffa498a185f83f1de-9240642-images-thumbs&n=13,https://avatars.mds.yandex.net/i?id=a6e0aa81f9bad114348f536ffa498a185f83f1de-9240642-images-thumbs&n=13,,unknown,,pending_purchase,2026-09-11T09:26:45.764803+00:00,10ba9b65d52e39e62dee68fb10cb158f4d72ca9cd60006c04c5484bb16cea84b,c9869cb3a74d5c4a,480,270,image/jpeg,dataset/datasets_clear/khabarovsk_tourism_44/work/khabarovsk_tourism_44/41_Мыс Литке/photo_01.jpg,dataset/processed/041/original-9afa20d8dab52fe901bf23ddccc062a782bb6e8f93b645e4c0f335488d8800e5.jpg,9afa20d8dab52fe901bf23ddccc062a782bb6e8f93b645e4c0f335488d8800e5,false,,,index,accepted,
41,Мыс Литке,curated_manual_yandex,https://avatars.mds.yandex.net/i?id=81ca2c4c6c9a2a53fb6ef8d6dffe676c75e7797d-9288635-images-thumbs&n=13,https://avatars.mds.yandex.net/i?id=81ca2c4c6c9a2a53fb6ef8d6dffe676c75e7797d-9288635-images-thumbs&n=13,,unknown,,pending_purchase,2026-09-11T09:26:45.773101+00:00,532f61433e0ff059ed762a51e02fc971142cd76ccd859c104b8f385cc15d04ec,9c88c4e3334be6b3,480,320,image/jpeg,dataset/datasets_clear/khabarovsk_tourism_44/work/khabarovsk_tourism_44/41_Мыс Литке/photo_02.jpg,dataset/processed/041/original-561faf327e63e67382fde2ac17d0ba5e261773f1728f52e45daf549a8f4be898.jpg,561faf327e63e67382fde2ac17d0ba5e261773f1728f52e45daf549a8f4be898,false,,,index,accepted,
41,Мыс Литке,curated_manual_yandex,https://avatars.mds.yandex.net/i?id=087ca45fc7f2aee46b910a64aa3247b3fac1434c-5102997-images-thumbs&n=13,https://avatars.mds.yandex.net/i?id=087ca45fc7f2aee46b910a64aa3247b3fac1434c-5102997-images-thumbs&n=13,,unknown,,pending_purchase,2026-09-11T09:26:45.779563+00:00,d89837ec6c9d351624b786b6b7796c44b0e622f1da4eb54748ebb730e743cbeb,c59ba62d2b4ed0c5,477,320,image/jpeg,dataset/datasets_clear/khabarovsk_tourism_44/work/khabarovsk_tourism_44/41_Мыс Литке/photo_03.jpg,dataset/processed/041/original-8bbc3a610a3f919cf3038eaae1201d5b657c2ae0ee7afa3f5965bdbea3b3eb51.jpg,8bbc3a610a3f919cf3038eaae1201d5b657c2ae0ee7afa3f5965bdbea3b3eb51,false,,,validation,accepted,
41,Мыс Литке,curated_manual_yandex,https://avatars.mds.yandex.net/i?id=dee8b0732110f79cae15e1b5776dfdd73eecde22-10521836-images-thumbs&n=13,https://avatars.mds.yandex.net/i?id=dee8b0732110f79cae15e1b5776dfdd73eecde22-10521836-images-thumbs&n=13,,unknown,,pending_purchase,2026-09-11T09:26:45.783430+00:00,71b03a95c9d9f298da67fe8f43627f36ed6d66f59f79c0145110c77f16bd791a,a7d9582cb2e32d1c,300,200,image/jpeg,dataset/datasets_clear/khabarovsk_tourism_44/work/khabarovsk_tourism_44/41_Мыс Литке/photo_05.jpg,dataset/processed/041/original-7dcba43dac934fca21f27c4189fe23069b39294c3e081af04b16c2cad05fcf50.jpg,7dcba43dac934fca21f27c4189fe23069b39294c3e081af04b16c2cad05fcf50,false,,,test,accepted,
41,Мыс Литке,curated_manual_yandex,https://avatars.mds.yandex.net/i?id=d28ba0e4bf12e3aebace5d40d5491c26c9628028-9863357-images-thumbs&n=13,https://avatars.mds.yandex.net/i?id=d28ba0e4bf12e3aebace5d40d5491c26c9628028-9863357-images-thumbs&n=13,,unknown,,pending_purchase,2026-09-11T09:26:45.786969+00:00,991c1c850ce4caef93a07dd3f626bcc2cfde29f3574cb975ce2b908e3a68f31c,e9cd94726b8d14d2,300,200,image/jpeg,dataset/datasets_clear/khabarovsk_tourism_44/work/khabarovsk_tourism_44/41_Мыс Литке/photo_06.jpg,dataset/processed/041/original-b1790898221bd8b00aec48a81577a93526ae0b9eb62b8d84043b34d179447af0.jpg,b1790898221bd8b00aec48a81577a93526ae0b9eb62b8d84043b34d179447af0,false,,,index,accepted,
41,Мыс Литке,curated_manual_yandex,https://avatars.mds.yandex.net/i?id=a6e0aa81f9bad114348f536ffa498a185f83f1de-9240642-images-thumbs&n=13,https://avatars.mds.yandex.net/i?id=a6e0aa81f9bad114348f536ffa498a185f83f1de-9240642-images-thumbs&n=13,,unknown,,pending_purchase,2026-09-11T09:26:45.764803+00:00,75b58a129f8113a79743242ae2e2f5de09d0bc436b943a6f71c87adbeb7dd839,ca859cf3674b4a58,480,270,image/jpeg,dataset/datasets_clear/khabarovsk_tourism_44/work/khabarovsk_tourism_44/41_Мыс Литке/photo_01.jpg,dataset/processed/041/aug-9afa20d8dab5-00.jpg,9afa20d8dab52fe901bf23ddccc062a782bb6e8f93b645e4c0f335488d8800e5,true,10ba9b65d52e39e62dee68fb10cb158f4d72ca9cd60006c04c5484bb16cea84b,rotate=-4;crop=0.03;brightness=0.96;contrast=1.04;color=0.98,index,accepted,
41,Мыс Литке,curated_manual_yandex,https://avatars.mds.yandex.net/i?id=81ca2c4c6c9a2a53fb6ef8d6dffe676c75e7797d-9288635-images-thumbs&n=13,https://avatars.mds.yandex.net/i?id=81ca2c4c6c9a2a53fb6ef8d6dffe676c75e7797d-9288635-images-thumbs&n=13,,unknown,,pending_purchase,2026-09-11T09:26:45.773101+00:00,4885dc7001edb5383c2253db111f8ba02f403cb137103a58940880d5eef4a913,bc88e4c3334be633,480,320,image/jpeg,dataset/datasets_clear/khabarovsk_tourism_44/work/khabarovsk_tourism_44/41_Мыс Литке/photo_02.jpg,dataset/processed/041/aug-561faf327e63-01.jpg,561faf327e63e67382fde2ac17d0ba5e261773f1728f52e45daf549a8f4be898,true,532f61433e0ff059ed762a51e02fc971142cd76ccd859c104b8f385cc15d04ec,rotate=+4;crop=0.03;brightness=1.04;contrast=0.96;color=1.02,index,accepted,
41,Мыс Литке,curated_manual_yandex,https://avatars.mds.yandex.net/i?id=d28ba0e4bf12e3aebace5d40d5491c26c9628028-9863357-images-thumbs&n=13,https://avatars.mds.yandex.net/i?id=d28ba0e4bf12e3aebace5d40d5491c26c9628028-9863357-images-thumbs&n=13,,unknown,,pending_purchase,2026-09-11T09:26:45.786969+00:00,666b4d1db7fc98815fbcfe9e6348cceec7629877a88c12c84d96967fbaf0929b,ea8594566aed9592,300,200,image/jpeg,dataset/datasets_clear/khabarovsk_tourism_44/work/khabarovsk_tourism_44/41_Мыс Литке/photo_06.jpg,dataset/processed/041/aug-b1790898221b-02.jpg,b1790898221bd8b00aec48a81577a93526ae0b9eb62b8d84043b34d179447af0,true,991c1c850ce4caef93a07dd3f626bcc2cfde29f3574cb975ce2b908e3a68f31c,rotate=-2;crop=0.06;brightness=0.92;contrast=1.02;color=1.04,index,accepted,
41,Мыс Литке,curated_manual_yandex,https://avatars.mds.yandex.net/i?id=a6e0aa81f9bad114348f536ffa498a185f83f1de-9240642-images-thumbs&n=13,https://avatars.mds.yandex.net/i?id=a6e0aa81f9bad114348f536ffa498a185f83f1de-9240642-images-thumbs&n=13,,unknown,,pending_purchase,2026-09-11T09:26:45.764803+00:00,0c414c14e766ec4ac3fa30d04b5168ef2bb613bb87fcf7603769f8f3ba77fcfe,c38e98b3a54d1c5b,480,270,image/jpeg,dataset/datasets_clear/khabarovsk_tourism_44/work/khabarovsk_tourism_44/41_Мыс Литке/photo_01.jpg,dataset/processed/041/aug-9afa20d8dab5-03.jpg,9afa20d8dab52fe901bf23ddccc062a782bb6e8f93b645e4c0f335488d8800e5,true,10ba9b65d52e39e62dee68fb10cb158f4d72ca9cd60006c04c5484bb16cea84b,rotate=+2;crop=0.06;brightness=1.08;contrast=0.98;color=0.96,index,accepted,
41,Мыс Литке,curated_manual_yandex,https://avatars.mds.yandex.net/i?id=81ca2c4c6c9a2a53fb6ef8d6dffe676c75e7797d-9288635-images-thumbs&n=13,https://avatars.mds.yandex.net/i?id=81ca2c4c6c9a2a53fb6ef8d6dffe676c75e7797d-9288635-images-thumbs&n=13,,unknown,,pending_purchase,2026-09-11T09:26:45.773101+00:00,e2c5b660ff81b8c2a7f3a0cd6f03cc7576c695e64b80c5e6c8fe5fecb6c34b4a,bc98c4c2334be6b3,480,320,image/jpeg,dataset/datasets_clear/khabarovsk_tourism_44/work/khabarovsk_tourism_44/41_Мыс Литке/photo_02.jpg,dataset/processed/041/aug-561faf327e63-04.jpg,561faf327e63e67382fde2ac17d0ba5e261773f1728f52e45daf549a8f4be898,true,532f61433e0ff059ed762a51e02fc971142cd76ccd859c104b8f385cc15d04ec,rotate=+0;crop=0.08;brightness=0.96;contrast=1.08;color=1.00,index,accepted,
41,Мыс Литке,curated_manual_yandex,https://avatars.mds.yandex.net/i?id=d28ba0e4bf12e3aebace5d40d5491c26c9628028-9863357-images-thumbs&n=13,https://avatars.mds.yandex.net/i?id=d28ba0e4bf12e3aebace5d40d5491c26c9628028-9863357-images-thumbs&n=13,,unknown,,pending_purchase,2026-09-11T09:26:45.786969+00:00,c643e449fcf8f67d1e8dd6a2f05f0b179357048786aade23aadf45388d565c1b,eb8c94766a8915d6,300,200,image/jpeg,dataset/datasets_clear/khabarovsk_tourism_44/work/khabarovsk_tourism_44/41_Мыс Литке/photo_06.jpg,dataset/processed/041/aug-b1790898221b-05.jpg,b1790898221bd8b00aec48a81577a93526ae0b9eb62b8d84043b34d179447af0,true,991c1c850ce4caef93a07dd3f626bcc2cfde29f3574cb975ce2b908e3a68f31c,rotate=+0;crop=0.04;brightness=1.04;contrast=0.92;color=1.05,index,accepted,
41,Мыс Литке,curated_manual_yandex,https://avatars.mds.yandex.net/i?id=a6e0aa81f9bad114348f536ffa498a185f83f1de-9240642-images-thumbs&n=13,https://avatars.mds.yandex.net/i?id=a6e0aa81f9bad114348f536ffa498a185f83f1de-9240642-images-thumbs&n=13,,unknown,,pending_purchase,2026-09-11T09:26:45.764803+00:00,bb08b44c0ba0fa23623d8501e097aa5ac696f0a0d6cb0aef7af07517e04d860b,ca859cf3674b4a58,480,270,image/jpeg,dataset/datasets_clear/khabarovsk_tourism_44/work/khabarovsk_tourism_44/41_Мыс Литке/photo_01.jpg,dataset/processed/041/aug-9afa20d8dab5-06.jpg,9afa20d8dab52fe901bf23ddccc062a782bb6e8f93b645e4c0f335488d8800e5,true,10ba9b65d52e39e62dee68fb10cb158f4d72ca9cd60006c04c5484bb16cea84b,rotate=-4;crop=0.03;brightness=0.96;contrast=1.04;color=0.98,index,accepted,
41,Мыс Литке,curated_manual_yandex,https://avatars.mds.yandex.net/i?id=81ca2c4c6c9a2a53fb6ef8d6dffe676c75e7797d-9288635-images-thumbs&n=13,https://avatars.mds.yandex.net/i?id=81ca2c4c6c9a2a53fb6ef8d6dffe676c75e7797d-9288635-images-thumbs&n=13,,unknown,,pending_purchase,2026-09-11T09:26:45.773101+00:00,6519670e0078f265ee8af5a1a295524cf4018c178c881319936f5fec8cd01d0d,9c88e6e3334de233,480,320,image/jpeg,dataset/datasets_clear/khabarovsk_tourism_44/work/khabarovsk_tourism_44/41_Мыс Литке/photo_02.jpg,dataset/processed/041/aug-561faf327e63-07.jpg,561faf327e63e67382fde2ac17d0ba5e261773f1728f52e45daf549a8f4be898,true,532f61433e0ff059ed762a51e02fc971142cd76ccd859c104b8f385cc15d04ec,rotate=+4;crop=0.03;brightness=1.04;contrast=0.96;color=1.02,index,accepted,
41,Мыс Литке,curated_manual_yandex,https://avatars.mds.yandex.net/i?id=d28ba0e4bf12e3aebace5d40d5491c26c9628028-9863357-images-thumbs&n=13,https://avatars.mds.yandex.net/i?id=d28ba0e4bf12e3aebace5d40d5491c26c9628028-9863357-images-thumbs&n=13,,unknown,,pending_purchase,2026-09-11T09:26:45.786969+00:00,baabcb478fa5f986e620ae71e435625a8d78b16ff8700263ac5e6bf723f53727,ea8594766ae91596,300,200,image/jpeg,dataset/datasets_clear/khabarovsk_tourism_44/work/khabarovsk_tourism_44/41_Мыс Литке/photo_06.jpg,dataset/processed/041/aug-b1790898221b-08.jpg,b1790898221bd8b00aec48a81577a93526ae0b9eb62b8d84043b34d179447af0,true,991c1c850ce4caef93a07dd3f626bcc2cfde29f3574cb975ce2b908e3a68f31c,rotate=-2;crop=0.06;brightness=0.92;contrast=1.02;color=1.04,index,accepted,
42,Тумнинские горячие источники,curated_manual_yandex,https://avatars.mds.yandex.net/i?id=aa0aff5607d69de857bf3dd7103d6195d71c27f4-5887817-images-thumbs&n=13,https://avatars.mds.yandex.net/i?id=aa0aff5607d69de857bf3dd7103d6195d71c27f4-5887817-images-thumbs&n=13,,unknown,,pending_purchase,2026-09-11T09:26:46.036133+00:00,fc20bc16b17db92e4983cb0e384866773dcdd65f1c1b31709e59b24cf1840969,f50f689716e80376,479,320,image/jpeg,dataset/datasets_clear/khabarovsk_tourism_44/work/khabarovsk_tourism_44/42_Тумнинские горячие источники/photo_01.jpg,dataset/processed/042/original-0fb1b1ab2b9b09839cce68ae1e59b4c25fe431f8218db3a208b0359d5baaacb6.jpg,0fb1b1ab2b9b09839cce68ae1e59b4c25fe431f8218db3a208b0359d5baaacb6,false,,,index,accepted,
42,Тумнинские горячие источники,curated_manual_yandex,https://avatars.mds.yandex.net/i?id=6f7af42eaf011a3168e245931197d963fc15ee6e-12527814-images-thumbs&n=13,https://avatars.mds.yandex.net/i?id=6f7af42eaf011a3168e245931197d963fc15ee6e-12527814-images-thumbs&n=13,,unknown,,pending_purchase,2026-09-11T09:26:46.043156+00:00,903acfd05eb8ecdf4299d564d8c07ec8aef8b4e235e2003344b00fe8586f2576,97e49aa63582969b,474,320,image/jpeg,dataset/datasets_clear/khabarovsk_tourism_44/work/khabarovsk_tourism_44/42_Тумнинские горячие источники/photo_02.jpg,dataset/processed/042/original-47b731ed06b038cc7a1b2e885f6fcf331d4273798047935a1827db616cda8448.jpg,47b731ed06b038cc7a1b2e885f6fcf331d4273798047935a1827db616cda8448,false,,,test,accepted,
42,Тумнинские горячие источники,curated_manual_yandex,https://avatars.mds.yandex.net/i?id=1b059fd6938e3559a4f5acba70e7035671fc263e-12715359-images-thumbs&n=13,https://avatars.mds.yandex.net/i?id=1b059fd6938e3559a4f5acba70e7035671fc263e-12715359-images-thumbs&n=13,,unknown,,pending_purchase,2026-09-11T09:26:46.049258+00:00,27b2e17c974471a788762d7cd0dfa24308443b7899a485b051437904f4964171,85b0d2a9fc41f94e,480,311,image/jpeg,dataset/datasets_clear/khabarovsk_tourism_44/work/khabarovsk_tourism_44/42_Тумнинские горячие источники/photo_04.jpg,dataset/processed/042/original-4b6c3967e3eb9701fbb2b31074a0d60e943e8ccba9dccdf31124bb9303a5b538.jpg,4b6c3967e3eb9701fbb2b31074a0d60e943e8ccba9dccdf31124bb9303a5b538,false,,,index,accepted,
42,Тумнинские горячие источники,curated_manual_yandex,https://avatars.mds.yandex.net/i?id=aa0aff5607d69de857bf3dd7103d6195d71c27f4-5887817-images-thumbs&n=13,https://avatars.mds.yandex.net/i?id=aa0aff5607d69de857bf3dd7103d6195d71c27f4-5887817-images-thumbs&n=13,,unknown,,pending_purchase,2026-09-11T09:26:46.036133+00:00,d4e42428e9a20ccb098c264bae42746d70ee9a6c9d2e1c9f416e82eb38870355,f44b699707b89227,479,320,image/jpeg,dataset/datasets_clear/khabarovsk_tourism_44/work/khabarovsk_tourism_44/42_Тумнинские горячие источники/photo_01.jpg,dataset/processed/042/aug-0fb1b1ab2b9b-00.jpg,0fb1b1ab2b9b09839cce68ae1e59b4c25fe431f8218db3a208b0359d5baaacb6,true,fc20bc16b17db92e4983cb0e384866773dcdd65f1c1b31709e59b24cf1840969,rotate=-4;crop=0.03;brightness=0.96;contrast=1.04;color=0.98,index,accepted,
42,Тумнинские горячие источники,curated_manual_yandex,https://avatars.mds.yandex.net/i?id=1b059fd6938e3559a4f5acba70e7035671fc263e-12715359-images-thumbs&n=13,https://avatars.mds.yandex.net/i?id=1b059fd6938e3559a4f5acba70e7035671fc263e-12715359-images-thumbs&n=13,,unknown,,pending_purchase,2026-09-11T09:26:46.049258+00:00,14b6af52391da38503cf454e000eba064d6f5f4910d8b23d2e53670ef177532d,87d4d2bd8c1b3907,480,311,image/jpeg,dataset/datasets_clear/khabarovsk_tourism_44/work/khabarovsk_tourism_44/42_Тумнинские горячие источники/photo_04.jpg,dataset/processed/042/aug-4b6c3967e3eb-01.jpg,4b6c3967e3eb9701fbb2b31074a0d60e943e8ccba9dccdf31124bb9303a5b538,true,27b2e17c974471a788762d7cd0dfa24308443b7899a485b051437904f4964171,rotate=+4;crop=0.03;brightness=1.04;contrast=0.96;color=1.02,index,accepted,
42,Тумнинские горячие источники,curated_manual_yandex,https://avatars.mds.yandex.net/i?id=aa0aff5607d69de857bf3dd7103d6195d71c27f4-5887817-images-thumbs&n=13,https://avatars.mds.yandex.net/i?id=aa0aff5607d69de857bf3dd7103d6195d71c27f4-5887817-images-thumbs&n=13,,unknown,,pending_purchase,2026-09-11T09:26:46.036133+00:00,fff60bc86ddb78074b789dff7da83bb742c9e09544a8d5f11b078a7238c4def0,f50b689716b81676,479,320,image/jpeg,dataset/datasets_clear/khabarovsk_tourism_44/work/khabarovsk_tourism_44/42_Тумнинские горячие источники/photo_01.jpg,dataset/processed/042/aug-0fb1b1ab2b9b-02.jpg,0fb1b1ab2b9b09839cce68ae1e59b4c25fe431f8218db3a208b0359d5baaacb6,true,fc20bc16b17db92e4983cb0e384866773dcdd65f1c1b31709e59b24cf1840969,rotate=-2;crop=0.06;brightness=0.92;contrast=1.02;color=1.04,index,accepted,
42,Тумнинские горячие источники,curated_manual_yandex,https://avatars.mds.yandex.net/i?id=1b059fd6938e3559a4f5acba70e7035671fc263e-12715359-images-thumbs&n=13,https://avatars.mds.yandex.net/i?id=1b059fd6938e3559a4f5acba70e7035671fc263e-12715359-images-thumbs&n=13,,unknown,,pending_purchase,2026-09-11T09:26:46.049258+00:00,b1c9dedbf7aee014a7551fe3e7dd2b25a9990820fa58bfd027f79791181370a7,a5d4d2ad8e133d07,480,311,image/jpeg,dataset/datasets_clear/khabarovsk_tourism_44/work/khabarovsk_tourism_44/42_Тумнинские горячие источники/photo_04.jpg,dataset/processed/042/aug-4b6c3967e3eb-03.jpg,4b6c3967e3eb9701fbb2b31074a0d60e943e8ccba9dccdf31124bb9303a5b538,true,27b2e17c974471a788762d7cd0dfa24308443b7899a485b051437904f4964171,rotate=+2;crop=0.06;brightness=1.08;contrast=0.98;color=0.96,index,accepted,
42,Тумнинские горячие источники,curated_manual_yandex,https://avatars.mds.yandex.net/i?id=aa0aff5607d69de857bf3dd7103d6195d71c27f4-5887817-images-thumbs&n=13,https://avatars.mds.yandex.net/i?id=aa0aff5607d69de857bf3dd7103d6195d71c27f4-5887817-images-thumbs&n=13,,unknown,,pending_purchase,2026-09-11T09:26:46.036133+00:00,aef350577fc169cb14a32711c92ba7238314f61edf1f158a9d05c62aaa23a3ae,f50f689714f81e70,479,320,image/jpeg,dataset/datasets_clear/khabarovsk_tourism_44/work/khabarovsk_tourism_44/42_Тумнинские горячие источники/photo_01.jpg,dataset/processed/042/aug-0fb1b1ab2b9b-04.jpg,0fb1b1ab2b9b09839cce68ae1e59b4c25fe431f8218db3a208b0359d5baaacb6,true,fc20bc16b17db92e4983cb0e384866773dcdd65f1c1b31709e59b24cf1840969,rotate=+0;crop=0.08;brightness=0.96;contrast=1.08;color=1.00,index,accepted,
42,Тумнинские горячие источники,curated_manual_yandex,https://avatars.mds.yandex.net/i?id=1b059fd6938e3559a4f5acba70e7035671fc263e-12715359-images-thumbs&n=13,https://avatars.mds.yandex.net/i?id=1b059fd6938e3559a4f5acba70e7035671fc263e-12715359-images-thumbs&n=13,,unknown,,pending_purchase,2026-09-11T09:26:46.049258+00:00,2393288974aa42a28bcd143c9d594fd8ff0c6f2c25600fd6a40684bc73f61764,a1b6d2a9de017d45,480,311,image/jpeg,dataset/datasets_clear/khabarovsk_tourism_44/work/khabarovsk_tourism_44/42_Тумнинские горячие источники/photo_04.jpg,dataset/processed/042/aug-4b6c3967e3eb-05.jpg,4b6c3967e3eb9701fbb2b31074a0d60e943e8ccba9dccdf31124bb9303a5b538,true,27b2e17c974471a788762d7cd0dfa24308443b7899a485b051437904f4964171,rotate=+0;crop=0.04;brightness=1.04;contrast=0.92;color=1.05,index,accepted,
42,Тумнинские горячие источники,curated_manual_yandex,https://avatars.mds.yandex.net/i?id=aa0aff5607d69de857bf3dd7103d6195d71c27f4-5887817-images-thumbs&n=13,https://avatars.mds.yandex.net/i?id=aa0aff5607d69de857bf3dd7103d6195d71c27f4-5887817-images-thumbs&n=13,,unknown,,pending_purchase,2026-09-11T09:26:46.036133+00:00,ef741dbcec699edd8da19b0712ae9fde383aba92975fb6181ea4e9997ade0596,f44f689707b8922e,479,320,image/jpeg,dataset/datasets_clear/khabarovsk_tourism_44/work/khabarovsk_tourism_44/42_Тумнинские горячие источники/photo_01.jpg,dataset/processed/042/aug-0fb1b1ab2b9b-06.jpg,0fb1b1ab2b9b09839cce68ae1e59b4c25fe431f8218db3a208b0359d5baaacb6,true,fc20bc16b17db92e4983cb0e384866773dcdd65f1c1b31709e59b24cf1840969,rotate=-4;crop=0.03;brightness=0.96;contrast=1.04;color=0.98,index,accepted,
42,Тумнинские горячие источники,curated_manual_yandex,https://avatars.mds.yandex.net/i?id=1b059fd6938e3559a4f5acba70e7035671fc263e-12715359-images-thumbs&n=13,https://avatars.mds.yandex.net/i?id=1b059fd6938e3559a4f5acba70e7035671fc263e-12715359-images-thumbs&n=13,,unknown,,pending_purchase,2026-09-11T09:26:46.049258+00:00,793c07a27d374200d7908f6c118d21d58d4bd151e2224cce41f8919994cb2225,87d4d0bd8c1f390d,480,311,image/jpeg,dataset/datasets_clear/khabarovsk_tourism_44/work/khabarovsk_tourism_44/42_Тумнинские горячие источники/photo_04.jpg,dataset/processed/042/aug-4b6c3967e3eb-07.jpg,4b6c3967e3eb9701fbb2b31074a0d60e943e8ccba9dccdf31124bb9303a5b538,true,27b2e17c974471a788762d7cd0dfa24308443b7899a485b051437904f4964171,rotate=+4;crop=0.03;brightness=1.04;contrast=0.96;color=1.02,index,accepted,
42,Тумнинские горячие источники,curated_manual_yandex,https://avatars.mds.yandex.net/i?id=aa0aff5607d69de857bf3dd7103d6195d71c27f4-5887817-images-thumbs&n=13,https://avatars.mds.yandex.net/i?id=aa0aff5607d69de857bf3dd7103d6195d71c27f4-5887817-images-thumbs&n=13,,unknown,,pending_purchase,2026-09-11T09:26:46.036133+00:00,2e402e9bc9bb00a68781254feb72947afca4e9dd66eac7849fedd053f2212356,f50f689716f81634,479,320,image/jpeg,dataset/datasets_clear/khabarovsk_tourism_44/work/khabarovsk_tourism_44/42_Тумнинские горячие источники/photo_01.jpg,dataset/processed/042/aug-0fb1b1ab2b9b-08.jpg,0fb1b1ab2b9b09839cce68ae1e59b4c25fe431f8218db3a208b0359d5baaacb6,true,fc20bc16b17db92e4983cb0e384866773dcdd65f1c1b31709e59b24cf1840969,rotate=-2;crop=0.06;brightness=0.92;contrast=1.02;color=1.04,index,accepted,
42,Тумнинские горячие источники,curated_manual_yandex,https://avatars.mds.yandex.net/i?id=1b059fd6938e3559a4f5acba70e7035671fc263e-12715359-images-thumbs&n=13,https://avatars.mds.yandex.net/i?id=1b059fd6938e3559a4f5acba70e7035671fc263e-12715359-images-thumbs&n=13,,unknown,,pending_purchase,2026-09-11T09:26:46.049258+00:00,8c9ea4d5d120056515337c8b444a6d655f5440c50c10531746e6360bd3172108,a7d4d0ab8c1b390f,480,311,image/jpeg,dataset/datasets_clear/khabarovsk_tourism_44/work/khabarovsk_tourism_44/42_Тумнинские горячие источники/photo_04.jpg,dataset/processed/042/aug-4b6c3967e3eb-09.jpg,4b6c3967e3eb9701fbb2b31074a0d60e943e8ccba9dccdf31124bb9303a5b538,true,27b2e17c974471a788762d7cd0dfa24308443b7899a485b051437904f4964171,rotate=+2;crop=0.06;brightness=1.08;contrast=0.98;color=0.96,index,accepted,
43,Водопад Неожиданный,curated_manual_yandex,https://avatars.mds.yandex.net/i?id=bac210c77d87f5beaafb9927b06140447d83eb39-4709556-images-thumbs&n=13,https://avatars.mds.yandex.net/i?id=bac210c77d87f5beaafb9927b06140447d83eb39-4709556-images-thumbs&n=13,,unknown,,pending_purchase,2026-09-11T09:26:46.383497+00:00,7a5c53ca921d8f47a8dccb8f5542dfcfc0e631ac1fa02e8cb6c139da3aaaf434,d84d26929a793c76,480,269,image/jpeg,dataset/datasets_clear/khabarovsk_tourism_44/work/khabarovsk_tourism_44/43_Водопад Неожиданный/photo_01.jpg,dataset/processed/043/original-05bee17607e65cd8f60a61e9c8a51f3a45d7b4f442e9ff4f52d07ac6d0c16a8d.jpg,05bee17607e65cd8f60a61e9c8a51f3a45d7b4f442e9ff4f52d07ac6d0c16a8d,false,,,test,accepted,
43,Водопад Неожиданный,curated_manual_yandex,https://avatars.mds.yandex.net/i?id=2f91773a46de8b5550652d328c1c53ffc02700ba-9107081-images-thumbs&n=13,https://avatars.mds.yandex.net/i?id=2f91773a46de8b5550652d328c1c53ffc02700ba-9107081-images-thumbs&n=13,,unknown,,pending_purchase,2026-09-11T09:26:46.389507+00:00,03197651bdcb59b18bcb5904064153d52e467f9a9880c8a8cb6c5d5e70ddb90d,c99c6623e376a998,480,320,image/jpeg,dataset/datasets_clear/khabarovsk_tourism_44/work/khabarovsk_tourism_44/43_Водопад Неожиданный/photo_02.jpg,dataset/processed/043/original-be5ff656e811a87ac129d8f6692f3eb788028c58e0205c6b5b8037f22ffb6e25.jpg,be5ff656e811a87ac129d8f6692f3eb788028c58e0205c6b5b8037f22ffb6e25,false,,,index,accepted,
43,Водопад Неожиданный,curated_manual_yandex,https://avatars.mds.yandex.net/i?id=a1680cf2842ca62de099eb67cf03c722875d5881-10555228-images-thumbs&n=13,https://avatars.mds.yandex.net/i?id=a1680cf2842ca62de099eb67cf03c722875d5881-10555228-images-thumbs&n=13,,unknown,,pending_purchase,2026-09-11T09:26:46.396503+00:00,6866728150ba82c1745c26a89b63d1d5ef4545b74022d6b161f65790dd66804e,d290edf484c670f3,462,320,image/jpeg,dataset/datasets_clear/khabarovsk_tourism_44/work/khabarovsk_tourism_44/43_Водопад Неожиданный/photo_03.jpg,dataset/processed/043/original-be4f9ac8765f648b3902df1dd2ec1fa8bf8b30dcdc7eb54a7a1ecb170e6d2265.jpg,be4f9ac8765f648b3902df1dd2ec1fa8bf8b30dcdc7eb54a7a1ecb170e6d2265,false,,,index,accepted,
43,Водопад Неожиданный,curated_manual_yandex,https://avatars.mds.yandex.net/i?id=f57412db011472de502421d372addc0f681c44c4-9203684-images-thumbs&n=13,https://avatars.mds.yandex.net/i?id=f57412db011472de502421d372addc0f681c44c4-9203684-images-thumbs&n=13,,unknown,,pending_purchase,2026-09-11T09:26:46.402017+00:00,abe5460308b5c4047e1c640b18230407ec508cd79878f5f29a47aab07ea85aa6,d29a6dd150d694ec,480,270,image/jpeg,dataset/datasets_clear/khabarovsk_tourism_44/work/khabarovsk_tourism_44/43_Водопад Неожиданный/photo_04.jpg,dataset/processed/043/original-a2f3c33f7a2847d1ab0fbf639a96e41372fe97e1945dd12ebd384e94afaaa53f.jpg,a2f3c33f7a2847d1ab0fbf639a96e41372fe97e1945dd12ebd384e94afaaa53f,false,,,index,accepted,
43,Водопад Неожиданный,curated_manual_yandex,https://avatars.mds.yandex.net/i?id=57b62ecb458e81d245978578829539444fba57af-16344332-images-thumbs&n=13,https://avatars.mds.yandex.net/i?id=57b62ecb458e81d245978578829539444fba57af-16344332-images-thumbs&n=13,,unknown,,pending_purchase,2026-09-11T09:26:46.406072+00:00,645aee762c70d0cbdae2071d1c190205d112e3c65ba87117f57865c14830ff36,d0876e076d67ac62,213,320,image/jpeg,dataset/datasets_clear/khabarovsk_tourism_44/work/khabarovsk_tourism_44/43_Водопад Неожиданный/photo_05.jpg,dataset/processed/043/original-a14edcebacc2bbc57b326c2340af8d2ee4f5d7c90138c9d302d7d00b1d222960.jpg,a14edcebacc2bbc57b326c2340af8d2ee4f5d7c90138c9d302d7d00b1d222960,false,,,index,accepted,
43,Водопад Неожиданный,curated_manual_yandex,https://avatars.mds.yandex.net/i?id=76df12e39b4770b3d634a85f97b437cb24c74809-5504462-images-thumbs&n=13,https://avatars.mds.yandex.net/i?id=76df12e39b4770b3d634a85f97b437cb24c74809-5504462-images-thumbs&n=13,,unknown,,pending_purchase,2026-09-11T09:26:46.411608+00:00,18c27d57abb5eaa100c88cc4fc50eaa3f74a96b6e940fda21a254ca84be8c7c0,f48088a6c71fb13f,427,320,image/jpeg,dataset/datasets_clear/khabarovsk_tourism_44/work/khabarovsk_tourism_44/43_Водопад Неожиданный/photo_06.jpg,dataset/processed/043/original-154d8f89d5b5c3bc7bc8a08e140accc7be6b4a8986e8daa3daa43412bf492a74.jpg,154d8f89d5b5c3bc7bc8a08e140accc7be6b4a8986e8daa3daa43412bf492a74,false,,,index,accepted,
43,Водопад Неожиданный,curated_manual_yandex,https://avatars.mds.yandex.net/i?id=5c4a5e84b9d064586bb907ebce5371e8b6816504-4012553-images-thumbs&n=13,https://avatars.mds.yandex.net/i?id=5c4a5e84b9d064586bb907ebce5371e8b6816504-4012553-images-thumbs&n=13,,unknown,,pending_purchase,2026-09-11T09:26:46.417614+00:00,b3c55dfd0e72f38ac13ec058d8fd9800b5719d38e3dbe0ce73c5f964b1c4b361,c48247d693b36f1c,480,319,image/jpeg,dataset/datasets_clear/khabarovsk_tourism_44/work/khabarovsk_tourism_44/43_Водопад Неожиданный/photo_07.jpg,dataset/processed/043/original-34822e6eb0e1f7cf9f697b3648784eaad9f30db05e5c486a8eaaf044b9aa265f.jpg,34822e6eb0e1f7cf9f697b3648784eaad9f30db05e5c486a8eaaf044b9aa265f,false,,,validation,accepted,
43,Водопад Неожиданный,curated_manual_yandex,https://avatars.mds.yandex.net/i?id=54933d20133f6ead03d72c46e8cd5f70400ea945-5557812-images-thumbs&n=13,https://avatars.mds.yandex.net/i?id=54933d20133f6ead03d72c46e8cd5f70400ea945-5557812-images-thumbs&n=13,,unknown,,pending_purchase,2026-09-11T09:26:46.424624+00:00,6c7a9b9101c6613ef6af18f3970cdadab78b4f1a3c85ca2cf53fbf42df57ea21,929d99c586aca5ec,480,320,image/jpeg,dataset/datasets_clear/khabarovsk_tourism_44/work/khabarovsk_tourism_44/43_Водопад Неожиданный/photo_08.jpg,dataset/processed/043/original-d6727081f9f3651e5e347f620700beef74f5ea220f254c6095d9794472659406.jpg,d6727081f9f3651e5e347f620700beef74f5ea220f254c6095d9794472659406,false,,,index,accepted,
43,Водопад Неожиданный,curated_manual_yandex,https://avatars.mds.yandex.net/i?id=2f91773a46de8b5550652d328c1c53ffc02700ba-9107081-images-thumbs&n=13,https://avatars.mds.yandex.net/i?id=2f91773a46de8b5550652d328c1c53ffc02700ba-9107081-images-thumbs&n=13,,unknown,,pending_purchase,2026-09-11T09:26:46.389507+00:00,0073c46cd4b9613a025804ae42a573b2aaeee8e3e37ba1022dba7af0ae2a6fc1,c99e662366722d99,480,320,image/jpeg,dataset/datasets_clear/khabarovsk_tourism_44/work/khabarovsk_tourism_44/43_Водопад Неожиданный/photo_02.jpg,dataset/processed/043/aug-be5ff656e811-00.jpg,be5ff656e811a87ac129d8f6692f3eb788028c58e0205c6b5b8037f22ffb6e25,true,03197651bdcb59b18bcb5904064153d52e467f9a9880c8a8cb6c5d5e70ddb90d,rotate=-4;crop=0.03;brightness=0.96;contrast=1.04;color=0.98,index,accepted,
43,Водопад Неожиданный,curated_manual_yandex,https://avatars.mds.yandex.net/i?id=a1680cf2842ca62de099eb67cf03c722875d5881-10555228-images-thumbs&n=13,https://avatars.mds.yandex.net/i?id=a1680cf2842ca62de099eb67cf03c722875d5881-10555228-images-thumbs&n=13,,unknown,,pending_purchase,2026-09-11T09:26:46.396503+00:00,60d5c54e1686e44e6e46644411bbd1b6ebc42f5acfbc8ccb622aa9b467d2ad27,dad0edd496c63033,462,320,image/jpeg,dataset/datasets_clear/khabarovsk_tourism_44/work/khabarovsk_tourism_44/43_Водопад Неожиданный/photo_03.jpg,dataset/processed/043/aug-be4f9ac8765f-01.jpg,be4f9ac8765f648b3902df1dd2ec1fa8bf8b30dcdc7eb54a7a1ecb170e6d2265,true,6866728150ba82c1745c26a89b63d1d5ef4545b74022d6b161f65790dd66804e,rotate=+4;crop=0.03;brightness=1.04;contrast=0.96;color=1.02,index,accepted,
43,Водопад Неожиданный,curated_manual_yandex,https://avatars.mds.yandex.net/i?id=f57412db011472de502421d372addc0f681c44c4-9203684-images-thumbs&n=13,https://avatars.mds.yandex.net/i?id=f57412db011472de502421d372addc0f681c44c4-9203684-images-thumbs&n=13,,unknown,,pending_purchase,2026-09-11T09:26:46.402017+00:00,fc0136fd93a5d2f635c24849298e74d3db893c8eb826cbdcf1e180489da3bfbf,d29a6dd5514595ac,480,270,image/jpeg,dataset/datasets_clear/khabarovsk_tourism_44/work/khabarovsk_tourism_44/43_Водопад Неожиданный/photo_04.jpg,dataset/processed/043/aug-a2f3c33f7a28-02.jpg,a2f3c33f7a2847d1ab0fbf639a96e41372fe97e1945dd12ebd384e94afaaa53f,true,abe5460308b5c4047e1c640b18230407ec508cd79878f5f29a47aab07ea85aa6,rotate=-2;crop=0.06;brightness=0.92;contrast=1.02;color=1.04,index,accepted,
43,Водопад Неожиданный,curated_manual_yandex,https://avatars.mds.yandex.net/i?id=57b62ecb458e81d245978578829539444fba57af-16344332-images-thumbs&n=13,https://avatars.mds.yandex.net/i?id=57b62ecb458e81d245978578829539444fba57af-16344332-images-thumbs&n=13,,unknown,,pending_purchase,2026-09-11T09:26:46.406072+00:00,740b53030f417a2783ca29ab1ef64936ed77acfa9ea4628b1158087345690a9e,d08e6e256d67ac62,213,320,image/jpeg,dataset/datasets_clear/khabarovsk_tourism_44/work/khabarovsk_tourism_44/43_Водопад Неожиданный/photo_05.jpg,dataset/processed/043/aug-a14edcebacc2-03.jpg,a14edcebacc2bbc57b326c2340af8d2ee4f5d7c90138c9d302d7d00b1d222960,true,645aee762c70d0cbdae2071d1c190205d112e3c65ba87117f57865c14830ff36,rotate=+2;crop=0.06;brightness=1.08;contrast=0.98;color=0.96,index,accepted,
43,Водопад Неожиданный,curated_manual_yandex,https://avatars.mds.yandex.net/i?id=76df12e39b4770b3d634a85f97b437cb24c74809-5504462-images-thumbs&n=13,https://avatars.mds.yandex.net/i?id=76df12e39b4770b3d634a85f97b437cb24c74809-5504462-images-thumbs&n=13,,unknown,,pending_purchase,2026-09-11T09:26:46.411608+00:00,c5a52762ec94ca7d8372655c0576dd0971857363322d37f726ce8e20694b1697,e48199a6c73fa13a,427,320,image/jpeg,dataset/datasets_clear/khabarovsk_tourism_44/work/khabarovsk_tourism_44/43_Водопад Неожиданный/photo_06.jpg,dataset/processed/043/aug-154d8f89d5b5-04.jpg,154d8f89d5b5c3bc7bc8a08e140accc7be6b4a8986e8daa3daa43412bf492a74,true,18c27d57abb5eaa100c88cc4fc50eaa3f74a96b6e940fda21a254ca84be8c7c0,rotate=+0;crop=0.08;brightness=0.96;contrast=1.08;color=1.00,index,accepted,
43,Водопад Неожиданный,curated_manual_yandex,https://avatars.mds.yandex.net/i?id=54933d20133f6ead03d72c46e8cd5f70400ea945-5557812-images-thumbs&n=13,https://avatars.mds.yandex.net/i?id=54933d20133f6ead03d72c46e8cd5f70400ea945-5557812-images-thumbs&n=13,,unknown,,pending_purchase,2026-09-11T09:26:46.424624+00:00,0539b5af25bb05820e175f56e7a914dddc8d1bae6b5773bfa5679fb7b5ee28d5,929c99c786ace4ec,480,320,image/jpeg,dataset/datasets_clear/khabarovsk_tourism_44/work/khabarovsk_tourism_44/43_Водопад Неожиданный/photo_08.jpg,dataset/processed/043/aug-d6727081f9f3-05.jpg,d6727081f9f3651e5e347f620700beef74f5ea220f254c6095d9794472659406,true,6c7a9b9101c6613ef6af18f3970cdadab78b4f1a3c85ca2cf53fbf42df57ea21,rotate=+0;crop=0.04;brightness=1.04;contrast=0.92;color=1.05,index,accepted,
44,Озеро лотосов у села Галкино,curated_manual_yandex,https://avatars.mds.yandex.net/i?id=9486c4fe415e53346279ebf4acc7e483f42cd2d7-5328246-images-thumbs&n=13,https://avatars.mds.yandex.net/i?id=9486c4fe415e53346279ebf4acc7e483f42cd2d7-5328246-images-thumbs&n=13,,unknown,,pending_purchase,2026-09-11T09:26:46.596126+00:00,12f246fafe2afe85b5a4325ebab5e559889058efb71663c6f1c0fc346aebd2d4,acd5e614619c33c7,480,216,image/jpeg,dataset/datasets_clear/khabarovsk_tourism_44/work/khabarovsk_tourism_44/44_Озеро лотосов у села Галкино/photo_01.jpg,dataset/processed/044/original-b8bde09c6a6f02a6b0a15f78c0b593f51214fa39b6b4d42e5f3981170c913429.jpg,b8bde09c6a6f02a6b0a15f78c0b593f51214fa39b6b4d42e5f3981170c913429,false,,,index,accepted,
44,Озеро лотосов у села Галкино,curated_manual_yandex,https://avatars.mds.yandex.net/i?id=8ccd0e64d8bcfb33651201c36d502f3c7540f578-5234859-images-thumbs&n=13,https://avatars.mds.yandex.net/i?id=8ccd0e64d8bcfb33651201c36d502f3c7540f578-5234859-images-thumbs&n=13,,unknown,,pending_purchase,2026-09-11T09:26:46.601639+00:00,6f2dbc0e6c88be0c53c425e8b8d5d70d55d58727b35b598fe12fedcef1b85fca,c5ced8d5c1e1cad0,427,320,image/jpeg,dataset/datasets_clear/khabarovsk_tourism_44/work/khabarovsk_tourism_44/44_Озеро лотосов у села Галкино/photo_02.jpg,dataset/processed/044/original-31514d17a919d0087ac9d048f3edf4270a3afec93d800676b786947ca902fdb0.jpg,31514d17a919d0087ac9d048f3edf4270a3afec93d800676b786947ca902fdb0,false,,,index,accepted,
44,Озеро лотосов у села Галкино,curated_manual_yandex,https://avatars.mds.yandex.net/i?id=95a88151dda69e906969e7577079d8e21f6e5f85-10132791-images-thumbs&n=13,https://avatars.mds.yandex.net/i?id=95a88151dda69e906969e7577079d8e21f6e5f85-10132791-images-thumbs&n=13,,unknown,,pending_purchase,2026-09-11T09:26:46.608363+00:00,cd86474d06343bad40ebf6e48cf2e568b04218a208fd5ce72096dcf088e45fcb,8e84cd7ad88f8b32,480,270,image/jpeg,dataset/datasets_clear/khabarovsk_tourism_44/work/khabarovsk_tourism_44/44_Озеро лотосов у села Галкино/photo_03.jpg,dataset/processed/044/original-449f048e7e22129456d5fa3babf86284ac4d1fd1198b791a696c91713e95b2a7.jpg,449f048e7e22129456d5fa3babf86284ac4d1fd1198b791a696c91713e95b2a7,false,,,index,accepted,
44,Озеро лотосов у села Галкино,curated_manual_yandex,https://avatars.mds.yandex.net/i?id=a08e8e7b2ed46a3c8340f97aab1d8988f8a992c3-5652956-images-thumbs&n=13,https://avatars.mds.yandex.net/i?id=a08e8e7b2ed46a3c8340f97aab1d8988f8a992c3-5652956-images-thumbs&n=13,,unknown,,pending_purchase,2026-09-11T09:26:46.612590+00:00,1f2e7c46b9db8ad1c80bd615f5b6236bbb83285650545d6a31f64ab056b85fad,95d1ae4ab4e1daa1,240,320,image/jpeg,dataset/datasets_clear/khabarovsk_tourism_44/work/khabarovsk_tourism_44/44_Озеро лотосов у села Галкино/photo_04.jpg,dataset/processed/044/original-aafe0f84a43654bec28e6b050c003b2aec01343632fb2927371c273be0f50f00.jpg,aafe0f84a43654bec28e6b050c003b2aec01343632fb2927371c273be0f50f00,false,,,test,accepted,
44,Озеро лотосов у села Галкино,curated_manual_yandex,https://avatars.mds.yandex.net/i?id=3da714191dff41fdbeaff4fe2e16630ad7cd91f8-4907709-images-thumbs&n=13,https://avatars.mds.yandex.net/i?id=3da714191dff41fdbeaff4fe2e16630ad7cd91f8-4907709-images-thumbs&n=13,,unknown,,pending_purchase,2026-09-11T09:26:46.617907+00:00,75546b2f9f19a741133ea30558a07962cf15ef4eca42464651c02863df2d4f89,c4bbc8f087af980e,480,318,image/jpeg,dataset/datasets_clear/khabarovsk_tourism_44/work/khabarovsk_tourism_44/44_Озеро лотосов у села Галкино/photo_05.jpg,dataset/processed/044/original-d3d329ba43b83e87ccc6adb37b0adab60a9aedad4aa324c50037fa3908d5d421.jpg,d3d329ba43b83e87ccc6adb37b0adab60a9aedad4aa324c50037fa3908d5d421,false,,,index,accepted,
44,Озеро лотосов у села Галкино,curated_manual_yandex,https://avatars.mds.yandex.net/i?id=87a878831ab2397ed03d7874dac970575a938a17-5367991-images-thumbs&n=13,https://avatars.mds.yandex.net/i?id=87a878831ab2397ed03d7874dac970575a938a17-5367991-images-thumbs&n=13,,unknown,,pending_purchase,2026-09-11T09:26:46.622693+00:00,73e3e01adeea70a285c41517c208118237066b56e4f9354ec92e5b8e7ed50492,e6d9a091215679ee,480,270,image/jpeg,dataset/datasets_clear/khabarovsk_tourism_44/work/khabarovsk_tourism_44/44_Озеро лотосов у села Галкино/photo_06.jpg,dataset/processed/044/original-b1c070f5ef68aa8c649fb0288a7a0f5dc9f73ca98f850b3dd3dc7b344c7c480a.jpg,b1c070f5ef68aa8c649fb0288a7a0f5dc9f73ca98f850b3dd3dc7b344c7c480a,false,,,index,accepted,
44,Озеро лотосов у села Галкино,curated_manual_yandex,https://avatars.mds.yandex.net/i?id=67b748db650e63a6324b70bd5b0fb2befe3de7dd-4838366-images-thumbs&n=13,https://avatars.mds.yandex.net/i?id=67b748db650e63a6324b70bd5b0fb2befe3de7dd-4838366-images-thumbs&n=13,,unknown,,pending_purchase,2026-09-11T09:26:46.627702+00:00,e18050d5c27a2cb4ed040026340e8fd6802980728de838b0e94601b7a69e6a73,9c8380fae37cea70,241,320,image/jpeg,dataset/datasets_clear/khabarovsk_tourism_44/work/khabarovsk_tourism_44/44_Озеро лотосов у села Галкино/photo_07.jpg,dataset/processed/044/original-22d5c7349f52be24b21e46f52aa4e33ba764ecc832f7eb6a4827459eed9a71b7.jpg,22d5c7349f52be24b21e46f52aa4e33ba764ecc832f7eb6a4827459eed9a71b7,false,,,validation,accepted,
44,Озеро лотосов у села Галкино,curated_manual_yandex,https://avatars.mds.yandex.net/i?id=e02ccc350038e066befe7bf1b177d5096d3191f0-5236530-images-thumbs&n=13,https://avatars.mds.yandex.net/i?id=e02ccc350038e066befe7bf1b177d5096d3191f0-5236530-images-thumbs&n=13,,unknown,,pending_purchase,2026-09-11T09:26:46.632701+00:00,51571724891d81652fd71b5937242a3269611ef77df45bb4f78abea695765701,a095ad6f51988bd5,480,320,image/jpeg,dataset/datasets_clear/khabarovsk_tourism_44/work/khabarovsk_tourism_44/44_Озеро лотосов у села Галкино/photo_08.jpg,dataset/processed/044/original-e704073b060abda07680c10037ad23a0a7c907a9a553070669362abc77726667.jpg,e704073b060abda07680c10037ad23a0a7c907a9a553070669362abc77726667,false,,,index,accepted,
44,Озеро лотосов у села Галкино,curated_manual_yandex,https://avatars.mds.yandex.net/i?id=9486c4fe415e53346279ebf4acc7e483f42cd2d7-5328246-images-thumbs&n=13,https://avatars.mds.yandex.net/i?id=9486c4fe415e53346279ebf4acc7e483f42cd2d7-5328246-images-thumbs&n=13,,unknown,,pending_purchase,2026-09-11T09:26:46.596126+00:00,421d58b87b9712c0ade25d81194dc167fa09c847c1284216a6b14b21cc06556c,acd4e43e699c1bc2,480,216,image/jpeg,dataset/datasets_clear/khabarovsk_tourism_44/work/khabarovsk_tourism_44/44_Озеро лотосов у села Галкино/photo_01.jpg,dataset/processed/044/aug-b8bde09c6a6f-00.jpg,b8bde09c6a6f02a6b0a15f78c0b593f51214fa39b6b4d42e5f3981170c913429,true,12f246fafe2afe85b5a4325ebab5e559889058efb71663c6f1c0fc346aebd2d4,rotate=-4;crop=0.03;brightness=0.96;contrast=1.04;color=0.98,index,accepted,
44,Озеро лотосов у села Галкино,curated_manual_yandex,https://avatars.mds.yandex.net/i?id=8ccd0e64d8bcfb33651201c36d502f3c7540f578-5234859-images-thumbs&n=13,https://avatars.mds.yandex.net/i?id=8ccd0e64d8bcfb33651201c36d502f3c7540f578-5234859-images-thumbs&n=13,,unknown,,pending_purchase,2026-09-11T09:26:46.601639+00:00,84da144e0dc9b227360d54cee7ab15ac1884d901632212995b9c9e0225819279,d7ced89743310e98,427,320,image/jpeg,dataset/datasets_clear/khabarovsk_tourism_44/work/khabarovsk_tourism_44/44_Озеро лотосов у села Галкино/photo_02.jpg,dataset/processed/044/aug-31514d17a919-01.jpg,31514d17a919d0087ac9d048f3edf4270a3afec93d800676b786947ca902fdb0,true,6f2dbc0e6c88be0c53c425e8b8d5d70d55d58727b35b598fe12fedcef1b85fca,rotate=+4;crop=0.03;brightness=1.04;contrast=0.96;color=1.02,index,accepted,
44,Озеро лотосов у села Галкино,curated_manual_yandex,https://avatars.mds.yandex.net/i?id=95a88151dda69e906969e7577079d8e21f6e5f85-10132791-images-thumbs&n=13,https://avatars.mds.yandex.net/i?id=95a88151dda69e906969e7577079d8e21f6e5f85-10132791-images-thumbs&n=13,,unknown,,pending_purchase,2026-09-11T09:26:46.608363+00:00,182aee7238bc09c4a48b0c69e06ad916efe6b5660a62b95c5c3f8117253ef4d8,8a84cd7afc19cf03,480,270,image/jpeg,dataset/datasets_clear/khabarovsk_tourism_44/work/khabarovsk_tourism_44/44_Озеро лотосов у села Галкино/photo_03.jpg,dataset/processed/044/aug-449f048e7e22-02.jpg,449f048e7e22129456d5fa3babf86284ac4d1fd1198b791a696c91713e95b2a7,true,cd86474d06343bad40ebf6e48cf2e568b04218a208fd5ce72096dcf088e45fcb,rotate=-2;crop=0.06;brightness=0.92;contrast=1.02;color=1.04,index,accepted,
44,Озеро лотосов у села Галкино,curated_manual_yandex,https://avatars.mds.yandex.net/i?id=3da714191dff41fdbeaff4fe2e16630ad7cd91f8-4907709-images-thumbs&n=13,https://avatars.mds.yandex.net/i?id=3da714191dff41fdbeaff4fe2e16630ad7cd91f8-4907709-images-thumbs&n=13,,unknown,,pending_purchase,2026-09-11T09:26:46.617907+00:00,4bd043a89212fef8e9dd2e6dc41a54a54ced30b603c8da89025fcc984a83cd63,c4bb8ed0879d990e,480,318,image/jpeg,dataset/datasets_clear/khabarovsk_tourism_44/work/khabarovsk_tourism_44/44_Озеро лотосов у села Галкино/photo_05.jpg,dataset/processed/044/aug-d3d329ba43b8-03.jpg,d3d329ba43b83e87ccc6adb37b0adab60a9aedad4aa324c50037fa3908d5d421,true,75546b2f9f19a741133ea30558a07962cf15ef4eca42464651c02863df2d4f89,rotate=+2;crop=0.06;brightness=1.08;contrast=0.98;color=0.96,index,accepted,
44,Озеро лотосов у села Галкино,curated_manual_yandex,https://avatars.mds.yandex.net/i?id=87a878831ab2397ed03d7874dac970575a938a17-5367991-images-thumbs&n=13,https://avatars.mds.yandex.net/i?id=87a878831ab2397ed03d7874dac970575a938a17-5367991-images-thumbs&n=13,,unknown,,pending_purchase,2026-09-11T09:26:46.622693+00:00,8fca3811853f2ae834a9b8d72e225d1096d88cb22d9ee50fbe5dd2dc2ada32aa,e6c9a499641d6be8,480,270,image/jpeg,dataset/datasets_clear/khabarovsk_tourism_44/work/khabarovsk_tourism_44/44_Озеро лотосов у села Галкино/photo_06.jpg,dataset/processed/044/aug-b1c070f5ef68-04.jpg,b1c070f5ef68aa8c649fb0288a7a0f5dc9f73ca98f850b3dd3dc7b344c7c480a,true,73e3e01adeea70a285c41517c208118237066b56e4f9354ec92e5b8e7ed50492,rotate=+0;crop=0.08;brightness=0.96;contrast=1.08;color=1.00,index,accepted,
44,Озеро лотосов у села Галкино,curated_manual_yandex,https://avatars.mds.yandex.net/i?id=e02ccc350038e066befe7bf1b177d5096d3191f0-5236530-images-thumbs&n=13,https://avatars.mds.yandex.net/i?id=e02ccc350038e066befe7bf1b177d5096d3191f0-5236530-images-thumbs&n=13,,unknown,,pending_purchase,2026-09-11T09:26:46.632701+00:00,b736d9d83968f06ce2b3b3d0785e1191f783a13473fafe5bf69742a9ec6bad12,a8d5ad6b519889f2,480,320,image/jpeg,dataset/datasets_clear/khabarovsk_tourism_44/work/khabarovsk_tourism_44/44_Озеро лотосов у села Галкино/photo_08.jpg,dataset/processed/044/aug-e704073b060a-05.jpg,e704073b060abda07680c10037ad23a0a7c907a9a553070669362abc77726667,true,51571724891d81652fd71b5937242a3269611ef77df45bb4f78abea695765701,rotate=+0;crop=0.04;brightness=1.04;contrast=0.92;color=1.05,index,accepted,
